idx,p_x,p_y,p_z,R00,R01,R02,R10,R11,R12,R20,R21,R22,dL0,dL1,dL2,dL3,dL4,dL5,tau0,tau1,tau2,tau3,tau4,tau5,kappa_summary,x0,x1,x2,x3,x4,x5,res
0,-0.040101,-0.049659,0.405193,0.934221,-0.049971,-0.353177,-0.102368,0.910925,-0.399670,0.341689,0.409534,0.845890,-13.6929,-8.6130,-12.3756,-36.0906,-19.0232,-30.9802,30.6511,5.8935,1.6653,34.5006,31.9815,26.1982,1.699301,0.002763,0.007305,0.932276,-1.895540,0.747180,-0.050349,4.278e-12
1,0.073168,0.010886,0.402320,0.796287,-0.046961,0.603094,-0.018567,0.994615,0.101963,-0.604634,-0.092389,0.791127,-17.6187,-35.9267,-11.4327,-4.0374,-11.5255,-30.6787,18.8126,35.2203,7.0841,1.9042,20.9891,28.3226,1.875663,-0.007869,-0.000005,0.939053,0.013819,-1.982097,0.028688,6.241e-12
2,-0.003944,-0.075052,0.417571,0.995747,0.006665,-0.091891,-0.044930,0.905872,-0.421161,0.080435,0.423498,0.902319,-11.6619,-3.3838,-5.3565,-18.6565,-14.5403,-26.1250,36.9571,0.8739,9.1021,16.8861,19.4326,18.3887,1.088139,-0.001148,0.005751,0.952805,-0.411834,-0.070207,-0.066608,3.163e-10
3,-0.009675,0.006194,0.424053,0.998928,0.001911,-0.046244,-0.000044,0.999186,0.040346,0.046283,-0.040301,0.998115,-10.8625,-21.1124,-13.4002,-22.1480,-12.4535,-19.0164,5.3570,19.2807,23.9155,18.5631,19.3771,17.7957,0.235516,0.002278,-0.000907,0.945011,0.167918,0.421016,-0.002161,4.214e-13
4,-0.045979,0.045390,0.408155,0.915333,0.081243,-0.394417,0.085188,0.918207,0.386832,0.393583,-0.387680,0.833545,-10.7974,-27.0952,-15.3138,-35.1952,-11.8624,-5.7579,19.2227,26.4936,3.1656,35.5798,12.5144,3.3925,1.584398,0.003629,-0.003870,0.943047,0.988060,0.927599,0.004736,5.390e-12
5,0.056571,-0.009741,0.402426,0.843609,0.021523,0.536526,0.033519,0.995137,-0.092625,-0.535910,0.096123,0.838785,-19.7320,-34.3185,-14.9758,-11.4471,-16.3394,-39.5828,26.4947,31.5957,19.2806,6.4368,28.1078,36.6338,1.756236,-0.005735,0.001614,0.923329,-0.550514,-1.981728,0.010382,8.081e-12
6,-0.077626,-0.025170,0.421415,0.942703,-0.035982,-0.331686,-0.012702,0.989576,-0.143453,0.333390,0.139447,0.932419,-2.2334,-3.8086,-10.9314,-22.8838,-13.5502,-11.3074,5.5526,2.7451,32.0995,12.7691,29.8501,9.0503,0.850319,0.004924,0.001153,0.960099,0.012733,-0.085785,0.031115,7.129e-11
7,-0.075571,0.001287,0.412581,0.872996,0.025351,-0.487069,-0.004248,0.999006,0.044382,0.487710,-0.036676,0.872235,-8.7150,-12.9269,-14.7044,-34.8068,-15.9505,-10.8258,33.1505,9.0593,19.8463,27.9768,35.2128,4.7354,1.219059,0.005360,0.000830,0.941079,-0.081106,0.554895,-0.037354,4.799e-10
8,-0.013928,0.019858,0.431789,0.998474,0.004914,-0.054997,0.001164,0.993937,0.109943,0.055203,-0.109839,0.992415,-7.3449,-14.3980,-10.3404,-14.0234,-8.1634,-8.6738,17.2172,10.2019,22.8721,8.6603,23.5043,5.6187,0.289502,0.000947,-0.000938,0.961298,-0.014898,-0.015421,-0.005031,1.442e-11
9,-0.007304,0.011386,0.412506,0.994996,0.006765,-0.099684,0.001147,0.996865,0.079109,0.099907,-0.078827,0.991869,-17.8986,-32.5467,-18.0314,-34.9988,-18.4389,-28.4409,17.4630,31.3176,5.9752,33.7876,32.1546,25.4862,0.494359,0.000563,0.000580,0.918556,-0.475025,0.469178,-0.002743,1.793e-12
10,-0.016749,0.052426,0.406081,0.986423,0.048899,-0.156777,0.034737,0.870916,0.490202,0.160509,-0.488993,0.857393,-15.1115,-38.1143,-18.0279,-32.3327,-15.0169,-11.4178,18.8789,37.1046,12.5413,29.7592,31.9285,6.5122,1.524787,0.001941,-0.003660,0.927783,1.226173,0.646589,-0.012859,7.206e-12
11,-0.080793,-0.004273,0.427485,0.916210,0.003260,-0.400685,-0.006166,0.999963,-0.005965,0.400651,0.007936,0.916196,1.5144,-0.1943,-6.2525,-18.9401,-7.2035,-0.5818,4.9947,1.5654,4.2861,14.5210,8.9873,0.8373,0.927733,0.002972,0.000289,0.982171,0.033593,-0.324199,-0.013603,6.481e-11
12,0.003142,-0.068770,0.409351,0.999129,-0.002574,0.041642,0.023620,0.857639,-0.513710,-0.034392,0.514246,0.856953,-11.6644,-7.8048,-8.3239,-20.1513,-16.3844,-35.8737,5.4835,8.0233,7.2720,17.8750,27.1073,33.8694,1.535397,0.000727,0.008294,0.945416,-1.735722,0.141080,0.027598,2.036e-12
13,0.028359,-0.025695,0.418401,0.977494,0.017327,0.210248,0.021844,0.982952,-0.182561,-0.209827,0.183045,0.960451,-15.5293,-20.9591,-10.9701,-16.2038,-14.4135,-30.5931,24.9695,18.3785,11.7453,13.6763,24.8681,26.3767,0.799416,-0.003240,0.003392,0.938701,-0.683932,-0.654636,0.004973,1.432e-12
14,-0.005710,-0.072823,0.412005,0.999188,-0.024973,0.031608,0.037094,0.876354,-0.480238,-0.015707,0.481020,0.876569,-11.0679,-7.5224,-10.2271,-19.6483,-17.9745,-33.6154,6.8816,5.4654,34.9324,12.2075,36.0364,29.1641,1.300381,0.002644,0.006176,0.941213,-0.821874,0.335202,0.074993,6.135e-12
15,-0.051825,0.020711,0.410469,0.892047,0.038452,-0.450304,0.046703,0.983197,0.176475,0.449523,-0.178454,0.875262,-10.7558,-21.3286,-15.5923,-37.6144,-13.4162,-11.6634,14.8764,19.7367,14.7705,37.3369,9.7961,10.0628,1.440148,0.004964,-0.002469,0.940343,0.663340,1.339656,0.008512,7.214e-12
16,0.049673,-0.040555,0.421036,0.954284,0.039453,0.296288,0.036817,0.968188,-0.247501,-0.296627,0.247095,0.922473,-14.1619,-13.8189,-7.8254,-6.7137,-11.7611,-27.0075,25.5509,8.0483,34.1551,1.9707,27.3064,20.0023,0.891982,-0.002579,0.002015,0.949494,-0.058462,-0.074429,-0.003310,9.630e-12
17,0.069050,0.090652,0.397125,0.907347,-0.111285,0.405385,-0.124447,0.849996,0.511879,-0.401540,-0.514901,0.757392,-18.4011,-40.9531,-17.1020,-6.6570,-5.7820,-11.8482,36.0951,30.1770,39.2409,2.1774,26.2803,7.2046,1.668072,-0.005264,-0.007354,0.938312,0.646535,-0.468479,-0.017467,3.770e-10
18,-0.019116,0.014600,0.423123,0.989978,0.012940,-0.140625,0.005269,0.991715,0.128349,0.141121,-0.127804,0.981708,-10.6661,-21.6361,-12.6711,-24.6779,-12.2431,-14.9488,12.7393,20.6997,8.8468,22.5924,21.5621,12.6127,0.509334,0.001996,-0.000419,0.946713,0.078830,0.372996,-0.008535,2.508e-11
19,-0.077863,-0.037299,0.408132,0.871809,-0.041688,-0.488069,-0.068608,0.976159,-0.205928,0.485018,0.213015,0.848164,-6.3475,-5.8844,-11.8347,-34.7110,-17.7009,-17.4517,9.1492,6.1029,14.4693,28.6754,37.1771,13.4678,1.433107,0.008036,0.004748,0.946288,-0.648061,1.116586,-0.031758,4.683e-12
20,-0.005483,-0.045034,0.416984,0.999626,-0.015161,-0.022775,0.006021,0.933919,-0.357435,0.026689,0.357164,0.933660,-11.7979,-12.1115,-11.3726,-22.8003,-15.4173,-31.0952,6.3194,10.4176,22.6252,19.5505,19.9945,29.7173,1.010087,0.001845,0.004140,0.942179,-0.875805,0.385691,0.022874,5.017e-12
21,-0.005216,-0.024072,0.411801,0.999337,0.000494,-0.036403,-0.010221,0.963501,-0.267508,0.034942,0.267703,0.962868,-17.8676,-22.7072,-16.6835,-31.3410,-18.1428,-36.7885,31.0257,18.6408,16.7950,29.4396,15.7465,34.9477,0.888675,-0.000684,0.001965,0.921026,-0.998862,-0.342466,-0.007444,9.912e-12
22,0.003128,-0.033375,0.414607,0.999411,-0.006362,0.033708,0.016347,0.952233,-0.304933,-0.030158,0.305305,0.951777,-14.0395,-18.0464,-13.0234,-24.7124,-17.2778,-34.1649,3.9647,17.0565,12.0586,21.4848,35.8099,32.3843,1.069659,0.001458,0.005075,0.933463,-1.558639,0.435015,0.019806,6.941e-12
23,0.037887,0.034113,0.406383,0.933836,-0.066070,0.351546,-0.052917,0.946463,0.318447,-0.353765,-0.315980,0.880345,-18.7507,-41.2566,-16.3494,-16.1213,-12.9562,-24.1373,36.3850,38.5157,19.3776,13.5318,9.0080,20.7847,1.606746,-0.005652,-0.004118,0.927768,1.335076,-1.816616,0.010465,5.550e-12
24,0.040872,-0.004354,0.404570,0.901954,0.003826,0.431816,0.023859,0.997992,-0.058678,-0.431173,0.063228,0.900051,-21.2462,-36.6188,-17.5987,-18.2404,-19.0615,-40.0077,36.0641,32.9618,17.9847,12.0433,37.9945,35.4498,1.505166,-0.004320,0.001796,0.913056,-0.759630,-1.869376,0.014649,1.161e-11
25,0.002460,0.008362,0.424550,1.000000,-0.000398,-0.000464,0.000408,0.999721,0.023622,0.000455,-0.023622,0.999721,-13.8828,-21.0691,-14.1606,-20.4759,-11.9617,-19.8414,31.8779,14.5239,32.6771,16.2397,16.5673,15.7788,0.193883,-0.000743,-0.001723,0.940093,0.225832,-0.097272,0.000947,3.572e-10
26,0.057325,0.048229,0.417440,0.947345,-0.050925,0.316140,-0.041910,0.959062,0.280078,-0.317460,-0.278580,0.906428,-14.3143,-28.4530,-10.5520,-6.2376,-4.4826,-13.4843,26.6588,22.8254,15.0660,6.8264,4.6550,11.3280,1.051491,-0.005601,-0.004356,0.956108,0.434301,-0.554584,0.010968,5.147e-10
27,-0.029153,0.044494,0.415629,0.970160,0.047200,-0.237828,0.044883,0.928958,0.367453,0.238276,-0.367163,0.899120,-12.4174,-27.5730,-14.7077,-28.7911,-12.6788,-7.8225,33.0921,24.9105,1.5809,26.1463,32.5319,2.0188,1.075024,0.001323,-0.001823,0.940390,0.307750,0.223354,-0.002447,9.558e-10
28,0.071668,0.034146,0.403602,0.856871,-0.106691,0.504370,-0.048816,0.957163,0.285406,-0.513215,-0.269178,0.814956,-19.2397,-38.6751,-12.2912,-6.5656,-10.5958,-23.5701,36.8850,35.2385,6.1273,4.9290,25.4016,17.9179,1.716105,-0.008724,-0.001851,0.936812,0.387918,-1.713187,0.062248,1.713e-12
29,-0.022055,-0.046646,0.418202,0.986367,-0.033175,-0.161181,-0.027324,0.932855,-0.359215,0.162275,0.358722,0.919231,-11.1975,-7.8213,-11.2495,-24.8980,-14.3826,-26.9856,23.1391,3.7129,29.0030,21.6587,8.7298,24.4227,0.974941,0.001587,0.002670,0.944847,-0.399656,0.237311,0.006875,9.251e-10
30,0.015123,0.032706,0.411489,0.988259,-0.024896,0.150745,-0.026046,0.944741,0.326782,-0.150551,-0.326871,0.933000,-16.6439,-38.2452,-17.0925,-22.6276,-13.4267,-20.8708,22.8129,36.3346,26.0982,20.3146,6.5848,18.6245,1.235721,-0.001997,-0.004569,0.929200,1.638545,-0.717197,-0.001087,7.495e-12
31,-0.004107,0.019335,0.429167,0.999953,0.004159,0.008721,-0.005543,0.986241,0.165222,-0.007914,-0.165263,0.986218,-7.6713,-19.3422,-9.4086,-14.6629,-8.9235,-10.7138,1.8764,19.6414,5.7628,11.9777,24.1077,9.1202,0.454861,0.001253,-0.000357,0.961061,0.036268,0.125192,-0.012255,1.241e-10
32,-0.047731,-0.041992,0.418100,0.940801,-0.037656,-0.336861,-0.056369,0.962591,-0.265032,0.334239,0.268331,0.903484,-7.8248,-4.9693,-8.9620,-27.7285,-13.9630,-19.3387,19.1989,4.2538,7.6897,25.7258,14.6382,16.3565,1.090233,0.003426,0.004031,0.953963,-0.522133,0.447695,-0.023375,8.045e-12
33,-0.052882,-0.022156,0.425677,0.975607,-0.020464,-0.218568,-0.006282,0.992635,-0.120977,0.219434,0.119399,0.968293,-4.4220,-7.4570,-10.5152,-20.5769,-13.1423,-13.7613,3.9215,6.4734,28.4494,12.1580,30.4162,11.2245,0.594297,0.004440,0.001386,0.958014,-0.043311,0.127338,0.018432,5.687e-11
34,-0.011446,-0.008615,0.408290,0.997934,-0.001480,-0.064224,-0.000398,0.999573,-0.029216,0.064240,0.029181,0.997508,-20.8705,-34.8206,-20.8514,-38.4721,-20.7864,-36.3389,36.1636,31.9013,26.2893,36.7280,4.6244,33.9472,0.408748,-0.000065,-0.000072,0.906358,0.588014,-0.505784,0.000027,4.611e-10
35,-0.072251,-0.029145,0.417646,0.908592,-0.021679,-0.417122,-0.041316,0.989090,-0.141403,0.415636,0.145711,0.897783,-4.3837,-4.8129,-9.6555,-28.0910,-14.1215,-12.5863,10.7099,5.3188,11.3612,22.8118,25.5465,9.5916,1.074585,0.005739,0.002915,0.957896,-0.231203,0.465503,-0.025411,2.571e-10
36,0.010259,-0.013140,0.418255,0.995061,0.003861,0.099190,0.008546,0.992202,-0.124349,-0.098897,0.124583,0.987268,-14.6902,-24.3121,-15.6242,-23.0902,-15.4645,-30.8109,3.0143,21.5260,37.1378,18.9471,17.9757,30.1290,0.511938,0.001161,-0.000184,0.931438,0.055048,0.355133,0.004370,6.954e-12
37,0.010045,0.017058,0.412743,0.996656,-0.002504,0.081667,-0.017006,0.971284,0.237316,-0.079916,-0.237911,0.967994,-16.0615,-36.8857,-17.2636,-27.0132,-15.5369,-24.3963,1.6522,37.2730,28.9225,25.1958,10.8956,23.3680,0.978745,0.000508,-0.002435,0.926699,1.477444,0.291435,-0.008365,8.353e-12
38,0.009747,0.004423,0.415628,0.991749,-0.003752,0.128139,-0.004310,0.998031,0.062582,-0.128121,-0.062618,0.989780,-15.9170,-32.1770,-15.4788,-24.7594,-15.0355,-28.9120,13.3452,32.6308,11.0184,24.1860,6.2824,28.9851,0.525855,-0.001080,-0.000628,0.930434,0.388025,-0.668537,-0.000363,2.123e-11
39,-0.025402,0.019849,0.411369,0.965007,0.026968,-0.260833,0.028685,0.977872,0.207230,0.260650,-0.207461,0.942879,-16.3264,-30.9046,-17.4788,-37.3676,-16.6628,-19.9148,27.5152,29.1114,9.3878,37.0261,18.7190,15.9682,0.956837,0.001153,-0.001091,0.924389,0.533717,0.564322,0.001415,9.751e-12
40,-0.017416,-0.025811,0.406228,0.976548,-0.036501,-0.212184,-0.047829,0.924118,-0.379102,0.209920,0.380360,0.900700,-16.0569,-16.7407,-15.6412,-36.7238,-17.4379,-37.1895,14.4533,14.0843,1.1420,38.1130,18.4763,38.1777,1.640176,0.000867,0.002612,0.926124,-2.147030,0.739424,-0.004785,7.627e-12
41,-0.004176,-0.022255,0.429968,0.999727,-0.002760,-0.023218,-0.001009,0.986986,-0.160802,0.023360,0.160781,0.986714,-7.5804,-9.4531,-7.2528,-14.7035,-8.8758,-17.8451,7.1009,8.6544,12.5972,13.7642,3.8988,17.4001,0.379144,0.000399,0.001161,0.964497,-0.109983,0.037791,0.002221,8.409e-11
42,-0.007105,0.069928,0.409447,0.999384,0.031989,-0.014463,-0.019407,0.846692,0.531729,0.029255,-0.531121,0.846791,-10.6883,-35.3117,-16.4888,-22.0094,-9.9923,-6.1977,0.0780,34.2849,21.7170,18.0016,26.0221,5.0703,1.523303,0.002769,-0.006448,0.944276,1.260034,0.525001,-0.057621,5.617e-12
43,0.008426,-0.013088,0.411982,0.996098,0.006188,0.088036,0.005596,0.991104,-0.132973,-0.088076,0.132947,0.987202,-19.3665,-30.1065,-19.0294,-29.5952,-19.2864,-37.0444,23.7667,25.6528,34.2858,25.0955,23.0170,34.2845,0.426759,-0.000323,0.000346,0.913615,-0.191083,-0.178885,-0.000374,1.699e-11
44,0.019684,-0.059571,0.408562,0.984987,0.054977,0.163643,0.037703,0.856542,-0.514698,-0.168464,0.513141,0.841610,-13.5582,-10.9389,-8.9713,-17.0518,-13.9350,-39.1174,14.0828,9.7701,8.0866,17.1790,3.9444,39.7550,1.629806,-0.002752,0.005746,0.945255,-1.530709,-0.726315,-0.016876,6.048e-12
45,0.033342,0.059496,0.416313,0.970094,-0.036370,0.239991,-0.056487,0.927740,0.368929,-0.236067,-0.371452,0.897940,-13.9361,-32.1792,-15.0708,-11.1528,-8.8167,-12.2257,20.5203,25.6167,32.0069,5.0674,35.1559,7.9192,1.064344,-0.001518,-0.004064,0.943390,0.345771,-0.131817,-0.026068,2.132e-10
46,-0.060265,0.054466,0.396164,0.874310,0.115669,-0.471384,0.112137,0.896775,0.428042,0.472237,-0.427101,0.771088,-12.9891,-31.0662,-21.6819,-42.0592,-15.8215,-6.9966,23.0364,25.8250,39.8052,36.3646,29.5295,2.3074,1.971973,0.006954,-0.006141,0.924172,1.471892,1.664551,-0.002744,3.145e-12
47,0.050574,0.036754,0.409671,0.916383,-0.048313,0.397377,-0.066071,0.960820,0.269182,-0.394813,-0.272929,0.877287,-17.6749,-37.7978,-16.2649,-11.8663,-12.3193,-23.0438,21.1747,32.7047,34.7543,6.1258,30.7328,18.7430,1.302991,-0.003734,-0.003723,0.930693,0.724898,-0.731504,-0.020169,6.995e-12
48,0.083476,0.015882,0.396750,0.768319,-0.062112,0.637046,-0.033302,0.990053,0.136694,-0.639200,-0.126240,0.758608,-20.3238,-38.3907,-12.2366,-3.4550,-11.4800,-31.1399,36.6935,35.0310,11.1067,1.3328,19.6919,26.6435,2.037596,-0.010243,-0.000925,0.933817,0.227947,-2.339808,0.028608,4.738e-12
49,0.013206,0.002495,0.411990,0.980844,-0.003844,0.194758,0.004688,0.999982,-0.003870,-0.194740,0.004709,0.980844,-18.9856,-33.8838,-17.0362,-25.1930,-17.8110,-34.1350,34.7280,32.0354,4.3049,22.3245,24.3565,31.3589,0.855900,-0.002492,0.001042,0.919244,-0.595733,-1.450354,0.005032,1.996e-11
50,0.012030,-0.014978,0.411605,0.985170,0.018981,0.170526,0.015573,0.979868,-0.199038,-0.170871,0.198742,0.965041,-18.1477,-27.1971,-15.4970,-24.6400,-17.4277,-37.6447,33.0129,24.9927,0.8522,22.6191,21.9892,35.9964,1.087852,-0.002639,0.002635,0.923306,-1.369655,-1.366363,-0.001874,1.132e-11
51,-0.008601,0.001996,0.407133,0.999641,-0.000977,-0.026768,0.004144,0.992941,0.118536,0.026463,-0.118605,0.992589,-21.5560,-39.7352,-21.5391,-37.8356,-21.3279,-33.5617,39.1938,37.1796,28.2322,35.0200,9.9686,29.4761,0.677139,-0.000177,-0.000282,0.903429,1.126591,-0.643230,0.000345,4.436e-10
52,-0.013029,0.012086,0.410815,0.976311,0.017684,-0.215650,0.006705,0.993703,0.111842,0.216270,-0.110639,0.970045,-17.0461,-31.2864,-17.9280,-38.2155,-18.0115,-25.4894,7.0759,30.4431,11.8959,38.1479,29.1656,22.8457,0.946293,0.001551,0.000091,0.920543,-0.063742,1.384873,-0.004689,1.595e-11
53,-0.093154,0.016670,0.398573,0.773144,0.050005,-0.632256,0.036216,0.991780,0.122725,0.633195,-0.117782,0.764978,-6.1859,-14.4650,-17.0682,-42.0585,-15.4862,-7.7527,3.6569,12.8617,27.4168,36.4895,28.0929,6.2352,1.892042,0.010942,-0.001544,0.941889,0.283282,1.960016,-0.014735,5.271e-12
54,-0.030595,-0.043521,0.414443,0.975678,-0.046415,-0.214238,-0.028693,0.941876,-0.334732,0.217322,0.332738,0.917636,-11.4936,-10.4060,-12.9795,-29.3368,-16.9830,-28.2081,14.0182,7.4940,26.9905,24.8588,24.5757,25.3202,1.110123,0.003884,0.003914,0.937880,-0.771559,0.760042,0.019217,1.805e-11
55,-0.034300,-0.039186,0.422336,0.981883,-0.043782,-0.184362,-0.011309,0.957666,-0.287658,0.189152,0.284531,0.939821,-6.7014,-6.0857,-9.7827,-22.2917,-12.6856,-21.2230,1.7813,5.1536,25.2742,18.3596,11.2430,20.9596,0.894242,0.004074,0.002315,0.956331,-0.282751,0.486937,0.039909,7.387e-10
56,-0.011625,-0.001861,0.414751,0.990250,-0.000834,-0.139297,-0.005485,0.998973,-0.044971,0.139191,0.045297,0.989229,-16.0514,-26.1126,-16.3805,-33.5788,-17.2324,-28.4752,14.0552,24.5794,9.5077,32.7000,25.1854,26.5312,0.566649,0.001200,0.001161,0.925581,-0.622660,0.647300,-0.003107,1.776e-11
57,-0.039165,-0.007017,0.410758,0.930998,-0.010236,-0.364881,-0.014490,0.997783,-0.064962,0.364737,0.065767,0.928785,-15.0179,-20.7208,-17.4806,-39.2839,-18.3565,-24.2175,23.8671,16.5263,23.9856,36.1943,28.7054,19.9120,1.143236,0.003969,0.001027,0.923751,-0.330861,1.283968,-0.003908,1.856e-11
58,0.007280,-0.047455,0.415261,0.997203,0.001459,0.074731,0.025050,0.935469,-0.352520,-0.070422,0.353406,0.932815,-13.0443,-14.3775,-10.2138,-20.4912,-16.6434,-33.1563,8.9721,14.0050,7.8291,17.2537,35.1939,29.9595,1.114447,0.000392,0.006688,0.940158,-1.473614,0.077178,0.023982,2.177e-12
59,-0.046217,0.021765,0.411781,0.926356,0.038899,-0.374636,0.032305,0.982782,0.181925,0.375262,-0.180630,0.909149,-13.4006,-24.3101,-17.6262,-36.8759,-16.1343,-14.6169,29.2765,20.0800,22.2649,32.7813,29.4124,9.4854,1.152276,0.004126,-0.001544,0.929333,0.354215,0.943379,-0.006728,1.652e-11
60,-0.103266,0.002873,0.396446,0.719895,-0.026014,-0.693596,0.018696,0.999662,-0.018088,0.693831,0.000054,0.720137,-8.3974,-9.6700,-17.8698,-44.3121,-15.9940,-9.9269,39.5227,3.1474,33.8624,38.0740,17.1348,5.9015,1.865677,0.007729,-0.001364,0.936743,0.170578,1.025637,0.057330,4.380e-12
61,-0.026841,-0.045816,0.408845,0.966118,-0.061886,-0.250573,-0.053173,0.902280,-0.427860,0.252565,0.426687,0.868418,-13.0277,-9.7552,-13.4430,-33.2382,-16.2299,-32.9605,14.8569,6.6053,20.6740,32.8011,6.0480,32.9788,1.472145,0.002534,0.003416,0.935954,-1.113788,0.823436,0.007747,5.774e-12
62,0.024713,-0.011820,0.420095,0.985257,0.017842,0.170150,0.001389,0.993681,-0.112237,-0.171077,0.110818,0.979006,-16.0131,-22.5397,-12.8127,-17.7005,-12.7148,-28.3528,31.9560,17.7468,23.6306,15.7559,7.7008,25.3840,0.637149,-0.003727,-0.000071,0.937771,0.011298,-0.765898,-0.017548,4.670e-12
63,0.012466,-0.003324,0.407914,0.993731,0.001486,0.111788,0.000500,0.999843,-0.017736,-0.111797,0.017680,0.993574,-21.7322,-38.0312,-21.8079,-33.4502,-21.7331,-38.9521,18.6256,34.3123,38.4736,28.3924,30.4703,35.5988,0.322611,0.000063,-0.000107,0.902249,0.180825,0.104504,-0.000278,2.393e-10
64,0.007545,0.031076,0.425594,0.998578,-0.001786,0.053272,-0.007127,0.985992,0.166641,-0.052823,-0.166783,0.984578,-10.5226,-22.5027,-12.4696,-15.7529,-7.3595,-13.7932,12.1693,18.8381,24.5539,14.2039,1.1702,14.1875,0.478598,-0.000590,-0.004231,0.954553,0.572098,-0.080725,-0.006340,9.448e-10
65,-0.018330,0.047104,0.404006,0.983084,0.034508,-0.179876,0.055539,0.879686,0.472301,0.174533,-0.474302,0.862888,-15.9974,-38.4099,-19.4335,-33.7436,-14.1809,-12.5821,25.2035,35.5716,33.3929,31.8904,5.8295,8.9947,1.763595,0.001269,-0.006567,0.925374,2.419088,0.486919,0.016111,7.444e-12
66,-0.004865,0.023265,0.409471,0.999673,-0.013100,0.021939,0.006524,0.960989,0.276511,-0.024706,-0.276278,0.960760,-19.0841,-39.9797,-18.5567,-31.5863,-17.8399,-25.4529,39.8618,39.1655,6.0760,29.9294,15.1249,21.3241,1.044741,-0.001428,-0.001068,0.916799,0.878387,-1.124727,0.009158,1.471e-11
67,-0.034945,0.059115,0.404897,0.950621,0.100204,-0.293734,0.069704,0.853331,0.516689,0.302427,-0.511650,0.804209,-11.3262,-32.9899,-16.0757,-33.2463,-12.6079,-4.4801,11.3452,33.5023,2.0903,32.1781,27.6731,1.1613,1.742532,0.003906,-0.004007,0.939976,1.076477,1.039055,-0.031120,5.624e-12
68,0.029439,-0.027094,0.413413,0.966008,0.030098,0.256752,0.032068,0.971576,-0.234547,-0.256514,0.234808,0.937585,-17.3719,-24.0920,-14.5097,-18.5312,-16.6239,-36.5517,21.7523,19.8708,30.0172,13.6532,26.0902,33.2361,0.970587,-0.002289,0.002317,0.927326,-0.614162,-0.607078,0.002128,6.739e-12
69,-0.040859,0.014585,0.413204,0.951646,0.028368,-0.305885,0.010541,0.992125,0.124807,0.307017,-0.121997,0.943852,-12.2861,-24.2209,-18.1908,-35.0507,-17.1872,-17.7365,6.6501,21.0989,34.9885,28.7585,38.8988,14.0178,1.068115,0.006548,-0.001108,0.928513,0.271935,1.560620,-0.017118,1.744e-11
70,0.069712,-0.062244,0.400165,0.843713,0.075311,0.531485,0.164316,0.906347,-0.389275,-0.511027,0.415768,0.752322,-14.9087,-16.9835,-5.7793,-3.2856,-14.8910,-40.2712,4.1542,17.8983,5.9249,0.2306,37.4493,36.2067,1.936698,-0.005220,0.008335,0.946648,-1.431939,-0.939644,0.102860,2.084e-12
71,0.026653,0.028150,0.408580,0.963563,-0.039197,0.264594,-0.037424,0.959719,0.278458,-0.264851,-0.278214,0.923283,-19.3450,-41.7775,-18.7142,-22.1265,-17.0767,-26.9380,25.2692,39.0778,25.9468,16.6227,33.6570,22.0233,1.152175,-0.002082,-0.002042,0.917361,0.799910,-0.815394,0.001291,1.069e-11
72,0.070804,0.104546,0.400886,0.920242,-0.096135,0.379359,-0.123051,0.849116,0.513674,-0.371502,-0.519385,0.769562,-14.4064,-34.6518,-14.1251,-1.8017,-0.1829,-5.4808,24.3257,24.1701,31.7208,0.1088,12.1910,4.4979,1.561809,-0.004187,-0.006848,0.957210,0.119866,-0.085448,-0.037454,1.198e-10
73,-0.011430,0.003791,0.426680,0.997857,-0.007445,-0.065011,0.003751,0.998382,-0.056747,0.065328,0.056382,0.996270,-10.2183,-15.5426,-13.4306,-19.9561,-9.7999,-18.4813,15.8374,9.9870,39.5877,16.2297,0.9234,18.4748,0.510399,0.001259,-0.002800,0.949916,0.338216,0.154353,0.013457,4.694e-10
74,-0.028896,-0.001283,0.418094,0.971229,-0.015413,-0.237650,0.008098,0.999464,-0.031726,0.238011,0.028889,0.970833,-12.0103,-19.6943,-16.0702,-31.2743,-14.0819,-21.2304,9.3894,16.1813,36.7056,28.4662,7.0684,20.7349,0.818032,0.003933,-0.002149,0.936800,0.539759,1.004972,0.022862,8.415e-12
75,0.073120,-0.058663,0.401664,0.861190,0.070289,0.503400,0.125785,0.930115,-0.345057,-0.492473,0.360480,0.792164,-17.6175,-19.0959,-6.8540,-5.0948,-15.5089,-39.0459,24.0134,17.1317,10.5449,1.7706,39.4654,31.7213,1.705447,-0.006454,0.007227,0.940125,-1.080158,-0.993034,0.065089,3.484e-12
76,0.011393,-0.035924,0.415440,0.996838,0.028943,0.074008,-0.004091,0.948771,-0.315938,-0.079361,0.314636,0.945889,-16.8014,-17.8378,-13.1368,-22.5672,-15.1008,-34.4966,38.8497,12.5709,22.3694,20.8779,5.1461,31.5552,0.993235,-0.003327,0.002184,0.932506,-0.556615,-0.832303,-0.033002,1.291e-11
77,-0.017468,0.046486,0.407040,0.984439,0.043656,-0.170215,0.038382,0.891841,0.450718,0.171481,-0.450238,0.876288,-14.9734,-36.9304,-18.1047,-32.7696,-14.5849,-12.5177,17.1891,35.6926,19.5919,30.8199,20.9488,8.7053,1.521012,0.001954,-0.004382,0.928464,1.569579,0.697413,-0.004306,6.166e-12
78,-0.056190,0.028102,0.419263,0.949497,0.067129,-0.306512,0.009407,0.970318,0.241650,0.313636,-0.232329,0.920682,-5.7361,-18.4710,-13.0614,-26.6306,-12.4493,-5.9222,2.5790,18.8675,10.4858,20.7361,37.3003,3.4465,1.065499,0.006068,-0.000573,0.953238,0.077704,0.677389,-0.070857,8.131e-10
79,0.007190,0.016052,0.419098,0.998118,-0.005100,0.061104,-0.003592,0.989961,0.141296,-0.061211,-0.141250,0.988080,-15.3649,-29.6680,-15.2756,-23.2186,-14.2204,-22.2988,21.8015,27.0069,18.2460,20.1530,23.2755,18.8492,0.420948,-0.000784,-0.001163,0.932813,0.302966,-0.204131,0.001477,1.289e-11
80,-0.012791,-0.009199,0.423705,0.993351,-0.007250,-0.114898,-0.004266,0.995011,-0.099671,0.115047,0.099498,0.988364,-13.2169,-16.3303,-13.6555,-24.1225,-13.0496,-21.5223,34.0655,10.0767,31.3010,20.3604,12.4284,17.5677,0.391876,0.000128,-0.000491,0.940216,0.068536,0.018003,0.003482,1.220e-10
81,0.060665,-0.026432,0.413157,0.899123,0.022333,0.437126,0.052541,0.985969,-0.158444,-0.434531,0.165427,0.885334,-15.6737,-22.7017,-8.2744,-6.7655,-12.5218,-31.5628,17.7174,21.3388,7.7518,4.8239,26.9957,27.2990,1.280826,-0.005623,0.003829,0.945359,-0.644324,-0.960292,0.034791,4.291e-12
82,-0.013312,-0.007958,0.406422,0.984531,-0.009938,-0.174929,-0.011843,0.992333,-0.123026,0.174810,0.123194,0.976865,-21.9810,-30.9712,-22.1385,-42.1241,-22.5710,-37.4234,34.3581,24.6598,30.2514,38.3068,35.0822,32.4371,0.758039,0.000614,0.000611,0.900076,-0.673671,0.680990,-0.000799,2.112e-11
83,0.020232,-0.075637,0.404008,0.988842,0.057980,0.137219,0.031749,0.817953,-0.574408,-0.145543,0.572356,0.806986,-14.4782,-8.2365,-7.4670,-17.2220,-15.7720,-40.0739,24.5844,6.7391,2.7486,16.6738,17.0969,37.1344,1.781211,-0.003320,0.008633,0.943366,-1.846855,-0.697244,-0.026983,6.921e-12
84,0.002226,0.001414,0.409554,0.998349,0.003745,-0.057318,0.002207,0.994635,0.103420,0.057397,-0.103376,0.992985,-18.9362,-36.4811,-19.0186,-36.3807,-18.9579,-31.0988,4.3607,36.4820,26.7276,36.3242,12.1179,29.6062,0.665438,0.000044,-0.000044,0.914682,0.949300,0.834907,0.000052,1.270e-11
85,-0.006212,0.022193,0.409978,0.992713,0.019051,-0.118989,0.007999,0.974829,0.222812,0.120239,-0.222140,0.967572,-18.1440,-36.6954,-18.7183,-36.3318,-18.6320,-25.0337,12.0188,36.2376,9.5338,35.1373,34.8651,21.2827,0.835680,0.000886,-0.000144,0.916851,0.153939,0.873149,-0.004697,7.612e-12
86,-0.025123,0.084393,0.411204,0.994525,0.054066,-0.089428,-0.000523,0.858322,0.513111,0.104500,-0.510255,0.853651,-8.3807,-29.7093,-17.4361,-20.4799,-8.1660,-1.7526,8.8041,24.9592,30.9974,13.3140,30.5416,0.8198,1.322748,0.003311,-0.006250,0.949185,0.557213,0.279448,-0.069824,4.799e-10
87,0.071194,-0.012850,0.394944,0.752466,0.015181,0.658456,0.079090,0.990417,-0.113217,-0.653865,0.137269,0.744055,-19.1958,-34.0813,-12.5044,-5.6784,-16.0344,-41.7452,19.9214,33.5890,4.0658,0.9943,38.5100,38.9273,2.260395,-0.007074,0.004001,0.928134,-1.272457,-2.356104,0.053976,7.431e-12
88,0.001797,0.018763,0.410617,0.995934,-0.015986,0.088653,-0.001804,0.980392,0.197048,-0.090064,-0.196407,0.976377,-19.2922,-38.9717,-18.4666,-29.7519,-18.2508,-28.6976,36.8058,37.9016,4.7716,27.3352,22.2420,24.9065,0.844513,-0.001526,-0.000340,0.916039,0.283522,-1.185431,0.006905,1.698e-11
89,0.008781,0.011597,0.410689,0.996633,-0.003895,0.081894,-0.006196,0.992436,0.122603,-0.081752,-0.122698,0.989071,-20.5999,-38.1061,-20.8548,-31.2144,-20.4504,-31.7078,25.8275,33.8727,33.5290,25.1615,39.8408,26.1283,0.412166,0.000079,-0.000535,0.907290,0.291708,0.043112,-0.001588,2.430e-11
90,-0.049322,0.022483,0.407403,0.892242,0.069029,-0.446249,0.029963,0.977018,0.211039,0.450562,-0.201669,0.869669,-13.6643,-25.2399,-16.9444,-40.9037,-17.1987,-14.2191,24.2894,23.2542,5.6205,38.9211,36.9906,8.6905,1.487276,0.004614,0.000199,0.928303,-0.048678,1.412819,-0.036545,7.146e-12
91,0.009995,-0.047248,0.421956,0.991584,0.006214,0.129320,0.036700,0.944387,-0.326782,-0.124158,0.328778,0.936210,-10.6539,-10.7010,-9.9277,-13.6542,-13.7706,-28.1422,7.3647,7.3808,38.9970,7.1695,24.2850,24.9481,0.884169,0.000918,0.002619,0.948567,-0.242078,0.082339,0.038989,2.418e-10
92,0.034395,-0.013291,0.419521,0.976007,0.010442,0.217487,0.008660,0.996197,-0.086694,-0.217565,0.086497,0.972206,-16.5896,-22.9703,-10.5679,-15.3583,-12.6451,-27.5091,38.4543,19.4101,5.7916,14.6716,16.1858,22.5905,0.717562,-0.005523,0.001998,0.940358,-0.379650,-1.047775,-0.001768,1.630e-11
93,-0.025125,-0.027000,0.408500,0.968387,-0.036233,-0.246808,-0.030997,0.964249,-0.263179,0.247520,0.262510,0.932643,-17.9979,-20.1479,-18.9120,-38.5192,-20.6633,-34.1063,31.1408,13.5210,35.7888,33.8109,30.8092,29.2910,1.110051,0.002505,0.002137,0.913701,-0.795191,0.929806,0.004201,4.260e-12
94,0.044509,-0.044056,0.414796,0.949549,0.047360,0.310022,0.050654,0.952393,-0.300635,-0.309501,0.301171,0.901945,-15.9094,-17.4960,-10.1504,-11.1771,-14.5058,-33.6715,23.7519,12.8295,30.7261,6.4796,27.5944,28.0992,1.085794,-0.003292,0.003461,0.939262,-0.467682,-0.445604,0.004246,9.848e-10
95,-0.036043,0.028264,0.427126,0.984324,0.029408,-0.173903,0.006694,0.979061,0.203458,0.176245,-0.201432,0.963516,-6.1304,-16.5402,-11.4446,-19.2261,-9.6497,-5.9069,11.5257,14.6490,14.7427,13.5722,29.4556,3.2299,0.661241,0.002813,-0.001010,0.959253,0.044654,0.116256,-0.029850,9.714e-11
96,0.064763,0.011488,0.420900,0.946829,-0.024356,0.320815,-0.004145,0.996124,0.087857,-0.321712,-0.084515,0.943058,-15.9937,-23.2724,-8.0222,-6.2554,-7.4201,-18.7359,37.6237,17.5408,9.6833,6.6318,16.7092,12.4575,0.812641,-0.006033,-0.000418,0.952992,0.035991,-0.444389,0.025424,1.889e-10
97,-0.007346,-0.009955,0.406720,0.997191,-0.003225,-0.074829,-0.002249,0.997332,-0.072960,0.074865,0.072923,0.994524,-22.1493,-35.0385,-22.1600,-40.3112,-22.1419,-38.8346,32.2781,30.7178,33.2830,37.5399,15.9399,35.6459,0.316235,0.000001,-0.000014,0.900484,0.250470,0.040629,0.000023,2.406e-10
98,0.023837,-0.031049,0.426842,0.989158,0.017891,0.145764,0.012747,0.978345,-0.206586,-0.146303,0.206204,0.967510,-9.7107,-11.6470,-5.4973,-10.4158,-8.7294,-22.4845,8.4552,11.7865,3.0386,11.4636,3.1340,21.6127,0.630111,-0.002418,0.002614,0.964159,-0.321108,-0.296209,-0.006268,5.944e-10
99,-0.068547,-0.054025,0.398434,0.833137,-0.106584,-0.542700,-0.145719,0.904281,-0.401300,0.533525,0.413419,0.737858,-8.4961,-0.9790,-10.4869,-39.1449,-17.2382,-24.4433,14.1312,0.7070,1.1743,38.7055,20.4804,22.2905,2.072779,0.006710,0.007051,0.945565,-1.548752,1.500642,-0.042430,2.951e-12
100,-0.011399,0.057333,0.402161,0.993764,0.029514,-0.107526,0.033385,0.841339,0.539475,0.106388,-0.539701,0.835107,-15.4461,-40.5066,-19.4413,-30.7333,-13.2567,-10.8132,19.8895,37.9911,34.1672,28.1953,9.4275,7.6262,1.871678,0.001288,-0.007521,0.927563,2.499353,0.431266,0.003261,7.032e-12
101,-0.063065,-0.047527,0.404326,0.883574,-0.105719,-0.456203,-0.078069,0.927298,-0.366093,0.461739,0.359086,0.811082,-8.2694,-4.4625,-12.7701,-36.6101,-17.2756,-24.4696,4.2122,3.1181,22.8628,33.0087,22.4359,23.1407,1.737037,0.007821,0.004638,0.942497,-0.959543,1.595304,0.028881,3.358e-12
102,0.060827,-0.055184,0.420310,0.938119,0.045426,0.343321,0.058659,0.956192,-0.286802,-0.341309,0.289194,0.894357,-11.3557,-9.5587,-1.9965,-1.3750,-8.9643,-25.0994,12.3304,8.7552,8.6015,1.2721,16.8100,19.8307,1.049051,-0.003626,0.003696,0.966655,-0.110238,-0.112014,0.018231,5.894e-11
103,-0.019707,-0.029697,0.407254,0.970766,-0.047685,-0.235242,-0.030437,0.947701,-0.317706,0.238089,0.315578,0.918544,-16.9620,-18.7849,-18.0700,-38.2219,-19.5814,-35.6414,14.5609,13.7484,32.8364,35.4736,25.3629,33.5713,1.348697,0.002827,0.002051,0.918048,-1.019265,1.382357,0.011629,1.536e-11
104,-0.004039,-0.013791,0.417225,0.999222,-0.007806,-0.038651,0.002653,0.991298,-0.131607,0.039342,0.131403,0.990548,-14.2625,-22.7049,-15.3163,-27.9028,-17.2369,-29.5524,1.2285,21.1146,22.1566,23.9876,35.5966,27.4806,0.605490,0.002786,0.002331,0.929818,-0.764102,0.905168,0.008960,1.303e-11
105,0.020400,0.018993,0.410451,0.977666,-0.016845,0.209488,-0.028059,0.977397,0.209541,-0.208283,-0.210739,0.955095,-19.1523,-39.3828,-19.2775,-24.3103,-16.9767,-28.2694,25.0702,35.8737,37.3622,19.2116,20.0439,24.4883,1.015640,-0.001533,-0.002917,0.916919,1.230144,-0.653639,-0.008616,3.818e-12
106,0.069500,-0.003674,0.392024,0.733104,0.013080,0.679991,0.015576,0.999230,-0.036013,-0.679938,0.036992,0.732336,-20.2772,-37.8209,-13.5113,-5.2186,-14.0110,-39.9315,38.8097,36.1631,7.7899,2.1545,11.0266,38.2433,2.473078,-0.009514,0.000615,0.927776,-0.218732,-3.438917,0.001757,7.417e-12
107,-0.017690,-0.045453,0.406624,0.980273,-0.054319,-0.190036,-0.038410,0.890807,-0.452756,0.193879,0.451124,0.871148,-15.4686,-13.2903,-15.8609,-34.6482,-17.2098,-37.7965,16.4597,8.5732,32.9904,33.9102,0.1917,38.4833,1.437887,0.001618,0.001820,0.927239,-0.849339,0.752163,0.012155,1.203e-11
108,0.027733,-0.014692,0.422964,0.984031,0.008852,0.177774,0.008273,0.995409,-0.095356,-0.177802,0.095304,0.979440,-13.9368,-19.9478,-9.5403,-14.3852,-11.5560,-24.9348,24.2425,17.6750,7.9458,13.5641,15.0326,21.5141,0.559138,-0.003562,0.001836,0.947529,-0.306374,-0.594263,-0.000593,1.722e-11
109,-0.001645,0.015405,0.417386,0.999758,0.002942,-0.021790,0.000746,0.985899,0.167339,0.021975,-0.167315,0.985659,-14.2546,-30.4839,-15.4026,-27.1096,-13.8871,-21.7483,7.8025,30.3788,16.9928,26.4939,9.0812,21.0503,0.585988,0.000587,-0.001987,0.934751,0.816865,0.240614,-0.001711,7.009e-12
110,0.037144,-0.075957,0.404303,0.971715,0.091303,0.217795,0.039968,0.845356,-0.532706,-0.232752,0.526343,0.817795,-16.3256,-10.0947,-6.3102,-13.7020,-15.0631,-39.3241,37.5228,7.5324,0.9591,13.8229,16.4129,33.9825,1.694276,-0.005966,0.008357,0.943460,-1.508095,-1.047208,-0.054884,1.862e-12
111,0.013694,-0.013520,0.410889,0.971783,0.024313,0.234619,0.009245,0.989983,-0.140881,-0.235694,0.139075,0.961824,-18.0450,-30.4886,-16.4274,-23.4000,-16.5534,-37.7933,31.5933,28.8184,13.5453,21.5875,0.6060,38.0929,1.124945,-0.002562,0.000234,0.923398,-0.190602,-1.812662,-0.007212,4.794e-12
112,0.010883,0.033270,0.419143,0.997991,-0.009862,0.062590,-0.004177,0.975427,0.220282,-0.063225,-0.220101,0.973426,-15.3989,-29.5008,-16.0069,-20.8658,-11.1870,-17.9594,32.1547,23.4715,31.0641,17.7566,10.5273,14.7871,0.672277,-0.001941,-0.004524,0.936194,0.840986,-0.359357,0.006116,6.179e-12
113,0.030868,-0.052925,0.411569,0.971697,0.058397,0.228898,0.044083,0.907118,-0.418561,-0.232080,0.416805,0.878870,-16.0099,-15.1977,-11.5710,-15.6389,-15.2774,-37.7944,24.1782,10.0613,35.0152,11.5774,15.4762,34.4627,1.257099,-0.002786,0.003491,0.935800,-0.652554,-0.518700,-0.016171,1.104e-11
114,-0.098302,0.037679,0.402094,0.805412,0.066562,-0.588966,0.076965,0.973517,0.215271,0.587697,-0.218712,0.778959,-5.1796,-14.7896,-17.5405,-37.2766,-12.7259,-2.5583,19.3520,10.6763,29.8558,29.9750,22.5267,1.0963,1.613891,0.008144,-0.003381,0.947013,0.342041,0.832615,0.013734,6.486e-10
115,0.030642,-0.019296,0.412577,0.951918,0.029133,0.304966,0.032306,0.980372,-0.194494,-0.304646,0.194995,0.932292,-16.1816,-26.6128,-14.2400,-17.7679,-15.4513,-36.9785,8.1674,25.3007,20.3800,14.8180,16.8826,37.1268,1.066972,-0.001988,0.001554,0.931249,-0.613812,-0.786607,0.002768,2.714e-12
116,0.024588,0.036189,0.413963,0.977375,-0.036117,0.208406,-0.031663,0.949228,0.312992,-0.209129,-0.312509,0.926608,-16.4933,-36.7653,-16.0454,-18.7971,-14.2170,-20.1130,20.3521,34.1244,18.3191,13.8531,39.0868,14.9743,0.976660,-0.001634,-0.001905,0.929967,0.446570,-0.382865,0.004534,1.060e-11
117,-0.034148,0.025272,0.414302,0.952217,0.019909,-0.304773,0.045877,0.977228,0.207172,0.301957,-0.211254,0.929620,-13.5759,-25.6507,-16.6682,-33.9781,-13.3832,-14.4398,30.0619,21.8321,21.2695,32.8389,6.3977,11.5930,1.087252,0.001909,-0.003631,0.934612,0.949738,0.506254,0.026087,1.814e-11
118,-0.022439,0.007548,0.409562,0.970076,0.010935,-0.242556,0.022690,0.990531,0.135403,0.241740,-0.136855,0.960642,-18.3005,-32.3872,-19.0028,-39.8007,-18.1796,-25.1820,30.5359,29.8965,21.4140,39.6302,7.4516,21.6514,0.944377,0.000506,-0.001172,0.916844,0.998133,0.443556,0.005684,2.339e-11
119,-0.002316,0.084643,0.423525,0.998769,-0.005033,-0.049337,0.021628,0.939457,0.341982,0.044629,-0.342628,0.938410,-7.8283,-18.7014,-13.3922,-11.7558,-0.7669,-0.5265,25.6461,8.8679,31.0254,9.0176,0.1547,1.6976,0.826417,-0.000259,-0.004363,0.967179,-0.323888,0.028908,0.036596,7.914e-11
120,0.023138,0.000362,0.411542,0.950240,-0.000917,0.311517,-0.001365,0.999974,0.007105,-0.311515,-0.007177,0.950214,-16.0888,-34.4727,-15.2958,-20.0274,-15.2568,-34.0931,6.9388,36.4487,7.2613,18.8618,6.5190,36.0087,1.085841,-0.001391,-0.000057,0.930054,0.053317,-1.324504,-0.000196,1.819e-11
121,-0.002857,0.024777,0.410282,0.998012,0.013231,-0.061620,0.006585,0.950475,0.310731,0.062680,-0.310519,0.948498,-16.5824,-37.9102,-17.4985,-32.5750,-16.4998,-21.4949,7.9127,38.9397,14.4114,32.1540,17.9504,19.0233,1.088021,0.000682,-0.001456,0.924156,1.190807,0.550865,-0.003213,5.888e-12
122,-0.083062,-0.011024,0.406817,0.826108,-0.059740,-0.560336,-0.008648,0.992904,-0.118607,0.563445,0.102828,0.819729,-6.7775,-8.0399,-15.2261,-37.9609,-14.3827,-13.9315,14.1671,4.5768,32.5685,33.4015,10.0185,13.2762,1.580333,0.008132,-0.000595,0.945496,0.077870,1.273303,0.060205,1.918e-12
123,-0.005512,0.019232,0.416456,0.998857,0.004571,-0.047569,0.003562,0.985525,0.169492,0.047655,-0.169468,0.984383,-16.6210,-31.0605,-17.8681,-28.7896,-16.3540,-22.2084,27.7276,26.6729,27.8723,24.0838,29.9163,17.1921,0.498166,0.000625,-0.001676,0.923849,0.462411,0.172484,-0.000956,1.044e-11
124,0.071400,0.040893,0.406395,0.884942,-0.089717,0.456978,-0.057479,0.952723,0.298354,-0.462141,-0.290292,0.837948,-19.6125,-37.5336,-14.0660,-7.5572,-10.9142,-21.4639,37.3499,30.6595,24.2761,3.1739,37.5158,13.9731,1.429609,-0.006449,-0.002545,0.933242,0.353866,-0.876969,0.038751,7.596e-12
125,-0.017078,-0.029694,0.420559,0.989485,-0.021623,-0.143010,-0.017207,0.964141,-0.264831,0.143608,0.264507,0.953631,-12.7382,-11.9519,-13.1189,-25.4928,-13.5849,-25.9160,29.8479,6.0760,34.6498,22.4756,3.0904,23.5141,0.708844,0.000626,0.000412,0.940934,-0.067005,0.102346,0.005025,2.920e-10
126,0.081697,-0.068701,0.412132,0.908704,0.105202,0.403966,0.068217,0.917290,-0.392334,-0.411828,0.384073,0.826369,-13.2154,-7.1942,-0.2434,1.7001,-7.5486,-28.5497,20.3201,4.7989,10.0421,0.6295,4.8365,22.9493,1.358273,-0.005408,0.003754,0.968673,-0.078813,-0.095068,-0.050958,1.619e-10
127,-0.047281,-0.008808,0.411698,0.906537,-0.016666,-0.421796,-0.017996,0.996786,-0.078064,0.421742,0.078358,0.903324,-13.2770,-16.8016,-15.5188,-38.5197,-16.1485,-21.0080,29.4283,13.1175,15.9123,37.4630,13.9358,17.7378,1.195261,0.003367,0.000716,0.932649,-0.200864,0.945702,-0.001452,1.274e-11
128,0.014174,0.071268,0.404654,0.993519,-0.042427,0.105449,-0.025968,0.818466,0.573967,-0.110658,-0.572986,0.812061,-14.4388,-40.6066,-16.0650,-19.4309,-9.2877,-8.8064,21.1430,38.7524,14.2339,18.0551,12.3529,6.4332,1.740885,-0.002133,-0.007298,0.940273,1.713400,-0.494322,0.016852,6.026e-12
129,-0.015142,-0.015061,0.419183,0.992787,-0.010776,-0.119403,-0.004899,0.991474,-0.130214,0.119788,0.129860,0.984270,-13.4708,-19.2984,-14.7406,-28.1076,-15.7542,-26.0844,15.3089,16.1263,26.1471,24.5578,21.5220,23.5843,0.524727,0.002204,0.001097,0.934144,-0.270010,0.540886,0.005908,6.124e-12
130,0.038102,0.026112,0.424619,0.976341,-0.038264,0.212826,-0.009022,0.976155,0.216888,-0.216050,-0.213676,0.952714,-12.6446,-24.7107,-8.7715,-9.1975,-7.9558,-13.3790,22.1350,22.1894,2.5565,8.2048,25.3185,8.6032,0.778222,-0.003376,-0.000587,0.956031,0.055828,-0.301280,0.037153,2.548e-10
131,0.015546,0.026764,0.408435,0.985843,-0.027810,0.165350,-0.018147,0.962661,0.270102,-0.166687,-0.269278,0.948528,-21.1158,-42.0555,-20.4362,-27.3086,-18.9900,-27.8167,39.9755,37.5287,28.1483,21.2235,36.2179,21.0019,0.999439,-0.002012,-0.001821,0.909264,0.767335,-0.842454,0.007466,1.982e-11
132,-0.034289,-0.036017,0.426085,0.987034,-0.024102,-0.158694,-0.009988,0.977524,-0.210587,0.160203,0.209442,0.964608,-6.7310,-6.5574,-9.1883,-19.3500,-13.0869,-17.5926,12.8689,4.6709,25.6731,12.9873,24.7818,13.8915,0.623112,0.002787,0.002153,0.956595,-0.091121,0.114495,0.018389,6.046e-11
133,0.008461,-0.002755,0.414498,0.997453,0.000084,0.071329,0.006340,0.995938,-0.089823,-0.071047,0.090047,0.993400,-16.2220,-28.6282,-15.8803,-27.7719,-16.8566,-33.3156,3.2681,28.6165,5.0310,26.6902,27.6106,33.4114,0.564768,0.000231,0.001411,0.926618,-1.050292,0.164017,0.003155,9.077e-12
134,-0.084871,-0.044200,0.399767,0.822372,-0.081783,-0.563042,-0.096782,0.955084,-0.280086,0.560658,0.284827,0.777519,-7.1292,-4.0945,-13.0439,-39.3790,-19.0410,-20.0394,11.0184,3.2849,19.1395,33.4745,36.2617,16.1341,1.790250,0.009195,0.005289,0.941236,-0.859098,1.507179,-0.017485,2.489e-12
135,0.015150,0.102348,0.395021,0.993196,-0.036822,0.110483,-0.049545,0.724958,0.687009,-0.105393,-0.687808,0.718201,-12.6399,-41.6947,-17.6909,-16.6346,-5.1560,-2.1771,15.0728,37.3370,28.5623,14.6370,3.7660,2.4885,2.048145,-0.001366,-0.011672,0.946770,2.008896,-0.241711,-0.014578,3.055e-12
136,-0.019648,-0.041139,0.414233,0.984584,-0.027884,-0.172677,-0.034494,0.936872,-0.347968,0.171479,0.348560,0.921467,-14.6622,-12.5771,-14.0452,-29.8091,-16.4900,-31.1733,33.3358,6.9911,29.5730,26.8906,10.4983,27.8559,1.005969,0.000723,0.002508,0.932301,-0.565609,0.163316,-0.007307,1.376e-11
137,-0.030841,0.043619,0.434029,0.997540,0.009635,-0.069432,0.000242,0.990031,0.140849,0.070097,-0.140520,0.987593,-2.7400,-9.8070,-11.1450,-9.2864,-4.2366,-2.4624,8.6306,3.5485,37.1717,0.9422,18.1810,2.9849,0.479603,0.000756,-0.000926,0.972886,-0.450124,-0.373991,-0.013247,1.092e-10
138,0.016882,0.096201,0.404684,0.993845,-0.035777,0.104842,-0.034747,0.797971,0.601693,-0.105188,-0.601633,0.791816,-11.3473,-35.9058,-15.3966,-14.0035,-3.6810,-2.2754,14.9716,31.3540,20.9163,12.9654,2.9713,3.0467,1.646246,-0.001719,-0.009661,0.954469,1.290265,-0.229279,0.001005,8.294e-12
139,-0.005657,0.015831,0.411036,0.999942,-0.002868,-0.010413,0.004644,0.984602,0.174750,0.009751,-0.174789,0.984558,-19.0759,-37.3241,-18.7693,-33.2030,-18.5250,-28.1999,33.4032,36.0954,7.5887,31.4827,20.1127,24.6227,0.618792,-0.000709,-0.000362,0.915552,0.344654,-0.657147,0.003357,2.091e-11
140,-0.012775,-0.083343,0.397412,0.995080,-0.047089,-0.087166,-0.021784,0.754296,-0.656173,0.096647,0.654843,0.749559,-13.5824,-4.2517,-11.5571,-27.5225,-19.3457,-41.4523,16.6990,0.6569,27.7484,23.2665,25.2798,38.6402,1.984392,0.002157,0.008131,0.933230,-1.853152,0.481384,0.027183,3.612e-12
141,0.041839,-0.040575,0.406501,0.928023,0.094946,0.360220,0.047712,0.928717,-0.367707,-0.369454,0.358428,0.857341,-17.6190,-20.6889,-10.7364,-13.0884,-13.7357,-40.3076,37.3222,17.6590,6.3503,12.8576,1.6995,39.1266,1.732856,-0.007219,0.003716,0.936687,-1.106237,-2.075016,-0.040273,6.950e-12
142,0.012604,0.010313,0.406824,0.982720,-0.014733,0.184511,-0.016604,0.985792,0.167149,-0.184352,-0.167324,0.968513,-21.7518,-42.6158,-21.4795,-29.8391,-20.5657,-33.8277,35.9242,39.2098,35.2541,24.2351,22.0058,29.0364,0.982801,-0.001190,-0.001283,0.904331,1.101597,-1.026167,-0.000912,1.908e-11
143,0.078880,-0.083411,0.391469,0.856377,0.145989,0.495284,0.153536,0.843819,-0.514195,-0.492997,0.516388,0.700212,-19.6604,-14.9322,-7.2639,-5.1229,-16.9104,-44.7840,34.1188,9.5816,30.6161,0.4646,35.8550,35.6762,1.926869,-0.006571,0.007212,0.934432,-0.885031,-0.810180,0.010228,4.798e-12
144,0.044148,-0.042634,0.415444,0.933027,0.060029,0.354763,0.065883,0.940812,-0.332465,-0.353722,0.333572,0.873848,-12.9904,-15.7714,-9.8834,-8.1844,-12.3973,-33.8610,1.2357,12.6641,38.8986,3.6303,15.3612,32.7828,1.196498,-0.001806,0.002121,0.947181,-0.309139,-0.263229,0.007654,7.729e-10
145,0.017510,-0.009222,0.407995,0.975950,0.013026,0.217605,0.016947,0.990659,-0.135308,-0.217335,0.135742,0.966613,-20.9358,-34.0749,-19.8565,-27.7533,-20.6249,-41.2092,28.2614,30.0463,24.8384,22.2807,33.3411,38.2707,0.906592,-0.001129,0.001068,0.907945,-0.813285,-0.864894,0.002098,1.809e-11
146,0.038324,-0.115915,0.386971,0.969643,0.105747,0.220477,0.086076,0.696336,-0.712536,-0.228875,0.709883,0.666095,-16.9308,-4.1517,-5.3520,-13.4804,-19.3537,-45.8286,36.1806,0.9490,18.0464,9.8674,33.7602,36.6902,2.087070,-0.004076,0.011010,0.937720,-1.454642,-0.529379,-0.023419,2.940e-12
147,0.043812,0.048560,0.422146,0.977926,-0.054408,0.201743,-0.014177,0.946001,0.323852,-0.208469,-0.319564,0.924348,-13.4802,-26.2245,-9.8141,-8.1212,-5.9632,-9.1039,31.6131,20.5710,8.5376,6.8943,25.6295,3.4276,0.938357,-0.003449,-0.002108,0.956230,0.083658,-0.124467,0.053323,1.691e-10
148,-0.010279,-0.004100,0.415606,0.993421,-0.002444,-0.114491,-0.003053,0.998852,-0.047813,0.114477,0.047848,0.992273,-16.0530,-25.8888,-16.6230,-32.2999,-17.1235,-28.3815,16.1712,23.5223,18.2066,30.4226,22.4226,26.0963,0.431676,0.001242,0.000655,0.925402,-0.290726,0.551249,-0.000481,9.815e-12
149,-0.010484,0.060122,0.425597,0.999819,0.017828,-0.006646,-0.013916,0.923393,0.383604,0.012976,-0.383442,0.923474,-5.9888,-21.8777,-10.9715,-12.1647,-5.8635,-1.4141,4.8038,19.9075,10.6540,7.5212,29.0057,0.0698,0.923358,0.001361,-0.002521,0.965847,0.034064,0.014957,-0.043575,1.138e-10
150,0.023878,0.004390,0.407873,0.953343,-0.007942,0.301784,-0.005577,0.999020,0.043907,-0.301837,-0.043541,0.952365,-19.6301,-39.3135,-19.0267,-24.3621,-19.0126,-37.0155,17.2507,38.3722,20.8289,19.8544,25.8866,35.4217,0.999869,-0.001020,-0.000025,0.913573,0.028581,-1.067433,0.000972,6.142e-12
151,-0.014824,-0.026423,0.411368,0.982094,-0.032922,-0.185492,-0.015831,0.966708,-0.255393,0.187725,0.253757,0.948877,-16.1493,-20.3051,-17.0914,-35.5958,-17.1747,-33.7167,12.7190,16.5623,33.9452,34.9914,2.3157,33.7808,0.983607,0.001576,0.000146,0.924452,-0.094770,0.928762,0.010783,1.467e-11
152,-0.049748,-0.026592,0.411918,0.936617,-0.040429,-0.348014,-0.031032,0.979843,-0.197346,0.348977,0.195637,0.916483,-12.8549,-14.1039,-16.6323,-35.4900,-19.1630,-24.5825,27.2173,8.6059,37.5285,28.0852,36.4069,18.8738,1.093335,0.005266,0.002309,0.927120,-0.421904,0.956828,0.010179,1.570e-11
153,0.047426,0.055576,0.406577,0.912844,-0.067462,0.402696,-0.116804,0.901894,0.415865,-0.391244,-0.426657,0.815409,-14.6962,-40.5627,-15.8405,-9.9125,-10.4639,-17.0249,0.1871,38.4196,30.4793,4.3002,32.9195,14.9639,1.602164,-0.001834,-0.005211,0.938560,1.026497,-0.370094,-0.057581,3.560e-12
154,0.032581,-0.031004,0.411651,0.957612,0.029153,0.286584,0.048321,0.964512,-0.259579,-0.283981,0.262424,0.922219,-17.2830,-23.6396,-13.2347,-17.4937,-17.1388,-37.6199,20.9959,20.8089,17.1903,13.0556,34.4411,33.8262,1.185885,-0.002745,0.004333,0.928538,-1.177386,-0.753800,0.018572,1.210e-11
155,0.031716,-0.023017,0.416415,0.972169,0.015478,0.233768,0.021948,0.987409,-0.156655,-0.233249,0.157426,0.959589,-18.1775,-24.1596,-14.1724,-17.6563,-16.9880,-32.4433,34.4168,18.0161,32.7370,11.1509,39.3335,25.0808,0.741759,-0.002651,0.002478,0.926108,-0.431981,-0.463455,0.007346,1.077e-12
156,0.003434,-0.010120,0.407233,0.993182,-0.010057,-0.116142,-0.003772,0.992978,-0.118237,0.116516,0.117869,0.986170,-20.1823,-31.4688,-20.0845,-39.8068,-20.0381,-37.6059,0.8460,28.9306,30.3851,39.8897,20.1897,36.9196,0.859574,-0.000345,-0.000068,0.909568,-0.196346,1.481051,-0.001458,1.069e-11
157,0.017697,0.067508,0.419551,0.997070,-0.018730,0.074161,-0.008293,0.937371,0.348233,-0.076038,-0.347828,0.934470,-13.7106,-27.1460,-15.6048,-14.4327,-6.8749,-8.6583,37.6752,16.9258,35.9680,9.3319,23.0350,4.3188,0.825692,-0.001455,-0.004496,0.945873,0.144354,-0.044363,0.013487,3.975e-11
158,0.035312,-0.052505,0.420653,0.956173,0.011325,0.292582,0.070524,0.960926,-0.267669,-0.284181,0.276572,0.918014,-10.8181,-12.8824,-6.2580,-6.9446,-13.6345,-27.5588,2.1436,12.7256,20.7381,1.4164,38.4772,22.1562,1.045940,-0.000718,0.004649,0.954049,-0.338712,-0.063261,0.076776,3.570e-10
159,-0.027342,0.008056,0.412469,0.965249,0.001239,-0.261329,0.020043,0.996692,0.078755,0.260562,-0.081256,0.962032,-16.8973,-27.4600,-19.5218,-37.2038,-17.3547,-23.1967,31.9187,21.6364,39.3101,33.6342,14.7895,18.9283,0.901821,0.002159,-0.002568,0.919402,0.874291,0.744460,0.016295,9.952e-12
160,-0.042230,0.049121,0.405566,0.925253,0.082850,-0.370192,0.089957,0.900105,0.426285,0.368529,-0.427723,0.825372,-13.8890,-31.2437,-17.1826,-37.0723,-14.2350,-7.6371,35.3598,28.7702,3.7350,35.8511,25.0444,2.0892,1.562065,0.002345,-0.003267,0.932098,0.866448,0.622661,0.008065,8.189e-12
161,-0.017965,-0.028085,0.409447,0.979920,-0.031602,-0.196869,-0.041336,0.933711,-0.355634,0.195057,0.356631,0.913656,-14.9505,-16.1058,-14.5585,-34.6811,-16.0435,-35.1892,14.5814,14.2257,3.1957,36.8088,5.0113,36.9587,1.377995,0.000619,0.002148,0.931638,-1.540105,0.454593,-0.005325,4.703e-12
162,-0.010740,-0.022242,0.415715,0.994345,-0.010515,-0.105674,-0.013173,0.975187,-0.220992,0.105375,0.221134,0.969534,-14.5925,-19.1360,-14.1385,-29.7313,-16.6990,-30.7441,15.1347,17.2493,9.9940,28.2167,24.1631,28.9388,0.826791,0.001190,0.003177,0.931891,-1.114639,0.418832,-0.002332,1.540e-11
163,-0.051814,0.011770,0.409873,0.902859,0.037949,-0.428258,0.012102,0.993459,0.113546,0.429766,-0.107699,0.896495,-13.3309,-22.2380,-17.2746,-39.3385,-17.6047,-16.3904,26.7063,18.7282,17.6311,35.2976,36.4720,10.7480,1.286612,0.005056,0.000294,0.927733,-0.066103,1.250984,-0.026212,5.775e-12
164,-0.024361,0.017024,0.409672,0.959576,0.028554,-0.279998,0.026867,0.981004,0.192117,0.280165,-0.191873,0.940581,-16.7480,-31.3758,-18.4465,-39.1521,-17.5484,-21.2029,20.1697,29.2792,18.8075,38.2912,21.2262,17.2974,1.112896,0.001973,-0.001232,0.920920,0.688720,1.100934,-0.000943,1.723e-11
165,0.042889,-0.043766,0.410917,0.927964,0.067289,0.366545,0.076589,0.928134,-0.364281,-0.364716,0.366113,0.856122,-14.4436,-18.3604,-11.5981,-11.0874,-14.1258,-38.3368,0.7111,15.5210,38.2815,6.5377,15.8039,38.0578,1.343770,-0.001871,0.002573,0.939830,-0.551821,-0.401244,0.010961,6.781e-12
166,0.017366,0.008207,0.404717,0.953593,-0.011390,0.300883,0.000283,0.999318,0.036931,-0.301098,-0.035132,0.952946,-21.4944,-41.7519,-20.8256,-27.0757,-21.0756,-39.9170,32.7561,39.9423,12.3936,21.5232,33.9425,37.2488,1.222266,-0.000909,0.000319,0.904885,-0.532618,-1.684768,0.002236,7.014e-10
167,0.055499,-0.030743,0.408626,0.882216,0.066580,0.466115,0.064264,0.963661,-0.259282,-0.466440,0.258696,0.845878,-15.6637,-23.2560,-10.5849,-8.2122,-12.9699,-37.4409,9.3530,21.7800,19.2425,5.8285,13.4431,37.0212,1.535092,-0.004946,0.002634,0.941181,-0.652990,-1.225024,-0.002161,6.020e-12
168,0.034680,-0.043049,0.413001,0.952590,0.047242,0.300568,0.066964,0.931095,-0.358577,-0.296797,0.361704,0.883788,-12.8115,-16.1835,-8.0953,-12.0301,-12.9539,-35.7191,2.4887,17.3499,0.1216,11.8007,14.6056,36.3094,1.423975,-0.003075,0.005525,0.949169,-1.409018,-0.793003,0.019866,5.073e-12
169,0.032399,-0.066908,0.416361,0.980832,0.028680,0.192733,0.042975,0.932913,-0.357529,-0.190057,0.358958,0.913798,-13.3155,-10.7804,-5.0268,-11.5286,-14.7481,-29.9663,23.8485,10.1392,3.9115,9.2550,33.4328,22.3672,1.024206,-0.002871,0.006959,0.950511,-0.715808,-0.300002,0.017599,6.095e-10
170,-0.015094,0.065060,0.399021,0.989511,0.039166,-0.139048,0.051351,0.804314,0.591981,0.135024,-0.592912,0.793866,-15.9981,-41.9747,-19.6954,-31.9706,-13.7716,-8.8636,27.0703,39.2462,25.9126,29.2016,18.4494,4.1343,1.962920,0.001062,-0.007036,0.925657,2.239900,0.345554,0.010950,8.134e-12
171,0.068302,0.045321,0.413087,0.911798,-0.071904,0.404294,-0.054639,0.954552,0.292994,-0.406987,-0.289242,0.866430,-16.2598,-31.8843,-11.6372,-4.8444,-7.3541,-16.0885,27.5765,25.5119,21.0558,2.0859,28.7518,10.6397,1.217924,-0.005065,-0.002808,0.947267,0.235700,-0.418647,0.022042,2.359e-10
172,0.077380,0.019262,0.406835,0.852320,-0.028229,0.522258,-0.040037,0.992091,0.118964,-0.521486,-0.122305,0.844449,-19.0909,-33.5527,-12.7997,-5.4467,-10.0800,-26.8881,32.8837,27.2747,27.6646,2.6084,18.9057,22.1787,1.460471,-0.007683,-0.002330,0.937133,0.370005,-1.232459,-0.013814,1.272e-11
173,0.051193,0.019568,0.407716,0.892550,-0.048839,0.448297,-0.034593,0.983773,0.176050,-0.449621,-0.172641,0.876377,-18.4088,-37.6972,-14.4662,-11.9038,-13.1814,-28.3140,28.6166,35.4586,14.3937,8.8927,19.6457,24.9976,1.508546,-0.006087,-0.001525,0.930867,0.444722,-1.748291,0.013102,6.684e-12
174,0.004703,0.013745,0.425433,0.998714,-0.000128,0.050691,-0.004470,0.995877,0.090599,-0.050493,-0.090709,0.994597,-11.0312,-22.3136,-12.2098,-17.6749,-10.4226,-17.5927,8.3748,20.3536,19.7116,15.1464,14.3776,16.5631,0.299466,0.000295,-0.001617,0.949587,0.264302,0.047903,-0.005020,6.561e-10
175,-0.084185,-0.026434,0.420636,0.921413,-0.047617,-0.385655,-0.017830,0.986237,-0.164372,0.388174,0.158331,0.907883,-0.9765,-0.8793,-9.8264,-23.1762,-12.0993,-9.4901,6.2275,0.1811,27.5023,14.6177,19.9354,8.3695,0.991585,0.004707,0.000971,0.965804,0.020565,-0.141985,0.040797,8.792e-11
176,0.038351,0.080580,0.405471,0.968232,-0.068673,0.240438,-0.065939,0.857394,0.510419,-0.241202,-0.510058,0.825628,-15.9683,-38.5140,-16.7167,-12.9090,-7.1434,-10.3485,30.3811,31.1525,30.4656,9.4767,17.9252,7.1359,1.495707,-0.003726,-0.007665,0.940385,1.039979,-0.504706,0.002891,8.657e-12
177,-0.085141,-0.018713,0.409260,0.821149,-0.050905,-0.568438,-0.036390,0.989317,-0.141164,0.569552,0.136602,0.810525,-7.4012,-4.8505,-13.3114,-36.0446,-14.3323,-12.4994,37.5948,0.0149,23.5113,31.3529,11.8800,8.5755,1.451153,0.005050,0.000713,0.947556,-0.068048,0.471188,0.018977,3.093e-10
178,0.013492,0.012059,0.417393,0.993868,-0.004144,0.110496,-0.006495,0.995384,0.095755,-0.110382,-0.095885,0.989253,-17.2569,-30.3627,-16.3547,-22.8774,-13.4876,-25.3630,36.2088,25.3777,29.8240,20.5764,2.2814,22.6223,0.591914,-0.003064,-0.003249,0.929390,0.913759,-0.863330,-0.002259,2.982e-12
179,0.034675,0.012148,0.408966,0.934303,-0.022648,0.355759,-0.024538,0.991527,0.127564,-0.355633,-0.127913,0.925831,-18.4351,-39.4246,-17.7408,-19.6055,-17.2471,-32.6092,9.0314,38.4740,25.8019,14.4065,31.4991,30.3077,1.075919,-0.001457,-0.000659,0.919960,0.336055,-0.743486,-0.001465,3.265e-12
180,0.019033,0.022489,0.407464,0.977752,-0.026237,0.208117,-0.026711,0.968498,0.247586,-0.208057,-0.247636,0.946250,-20.9930,-43.0044,-20.7309,-26.9190,-19.3907,-29.9010,31.1704,39.3900,32.5337,20.6794,34.1050,24.1931,1.034302,-0.001416,-0.001761,0.908401,0.910920,-0.732892,-0.000455,1.266e-11
181,-0.006530,0.034638,0.428105,0.997653,0.003096,-0.068397,0.011798,0.976263,0.216265,0.067443,-0.216565,0.973936,-10.0623,-19.1210,-11.4334,-16.5202,-8.2053,-7.7720,29.6256,13.7671,16.5214,12.8061,23.4945,3.2749,0.529188,-0.000142,-0.001675,0.955530,0.049022,-0.003744,0.011541,3.257e-11
182,0.001036,-0.018493,0.409444,0.999599,0.004457,0.027955,0.002095,0.973173,-0.230067,-0.028231,0.230033,0.972773,-19.3594,-27.9969,-18.9586,-32.7451,-19.4589,-40.0589,24.0340,24.2367,23.5621,30.2427,16.7427,39.1740,0.754776,-0.000248,0.000725,0.913440,-0.761960,-0.259194,-0.000970,1.820e-11
183,-0.054339,0.065200,0.396697,0.891312,0.107644,-0.440426,0.144330,0.853507,0.500694,0.429804,-0.509841,0.745205,-10.3723,-30.5533,-19.0114,-37.3512,-10.6508,-1.6359,14.4079,27.4522,31.5144,35.8720,1.8741,0.9037,2.136609,0.005766,-0.009001,0.939759,2.130634,1.393934,0.036318,6.861e-12
184,0.028301,-0.011276,0.409208,0.950726,0.019161,0.309440,0.005535,0.996880,-0.078736,-0.309983,0.076569,0.947654,-18.6462,-34.7554,-18.3544,-22.5906,-17.9052,-38.8066,8.1624,32.9096,38.8546,18.1517,12.5700,38.7235,0.968112,-0.000862,-0.000622,0.917738,0.476401,-0.673010,-0.007204,2.654e-12
185,-0.045546,0.055758,0.421469,0.979579,0.036393,-0.197739,0.021255,0.959228,0.281834,0.199933,-0.280282,0.938866,-7.1766,-19.2151,-16.4454,-20.9147,-9.4969,-4.3143,22.4117,11.9096,39.6568,11.1075,33.0282,1.6351,0.798354,0.002784,-0.002917,0.950474,-0.051608,-0.054087,-0.020047,4.107e-11
186,-0.108328,0.010671,0.402600,0.757156,-0.030645,-0.652515,0.037329,0.999296,-0.003617,0.652167,-0.021619,0.757767,-4.6943,-6.2984,-16.1284,-37.9004,-12.5923,-5.4794,32.3311,0.4256,33.3283,31.0410,9.6015,3.9350,1.661519,0.006786,-0.002014,0.950063,0.116999,0.450872,0.092634,4.032e-10
187,-0.076578,-0.015997,0.408560,0.860189,-0.037555,-0.508592,-0.026230,0.992707,-0.117665,0.509301,0.114555,0.852930,-9.1845,-10.3039,-15.7884,-37.5611,-17.0333,-16.6083,26.3310,5.7664,32.1030,30.8375,27.2340,12.3022,1.366487,0.006794,0.001038,0.937106,-0.150748,0.969599,0.013368,9.835e-12
188,-0.058507,0.066339,0.425982,0.974043,0.017397,-0.225694,0.033191,0.975290,0.218422,0.223917,-0.220244,0.949397,-1.1811,-10.1290,-13.8674,-14.6213,-3.1791,1.4694,9.1267,2.9844,39.4845,6.2071,8.8936,1.8085,0.742205,0.001671,-0.002075,0.972781,-0.584978,-0.459997,0.022452,1.851e-10
189,0.010513,0.002981,0.410584,0.996573,0.000545,0.082714,0.008655,0.993802,-0.110825,-0.082262,0.111161,0.990392,-17.9719,-31.4940,-17.8389,-30.6906,-18.2718,-37.2856,2.3132,31.1001,0.7147,29.6747,35.2642,38.0238,0.814960,0.000113,0.000618,0.918860,-1.616810,0.223503,0.000660,3.799e-10
190,-0.112150,-0.015663,0.399545,0.743729,-0.033936,-0.667620,-0.036367,0.995178,-0.091099,0.667492,0.092033,0.738908,-1.3714,-2.3414,-12.2509,-37.9184,-14.2538,-7.5748,2.2619,3.3200,15.1113,32.6328,18.3492,7.4926,1.791991,0.010427,0.001513,0.958348,-0.167915,1.163633,-0.003314,1.157e-11
191,0.056446,0.046293,0.422579,0.952242,-0.049139,0.301364,-0.036676,0.961413,0.272654,-0.303133,-0.270686,0.913696,-12.2627,-24.4452,-8.8399,-3.1630,-4.2189,-9.9263,20.3819,18.8252,15.0790,1.7221,21.7785,6.0379,0.942990,-0.003089,-0.002170,0.962131,0.008654,-0.009013,0.016825,4.169e-11
192,-0.074214,0.008554,0.411483,0.851686,-0.001668,-0.524050,0.023114,0.999141,0.034385,0.523542,-0.041398,0.850993,-8.3299,-12.3054,-14.9756,-36.0297,-13.0912,-10.1285,29.3042,7.9727,22.3472,32.4673,11.1234,7.5948,1.353962,0.005415,-0.001506,0.945503,0.205882,0.754020,0.030739,3.922e-12
193,0.062179,-0.017173,0.414934,0.914834,0.035225,0.402292,0.020033,0.991004,-0.132327,-0.403334,0.129116,0.905898,-17.7076,-23.3994,-11.5739,-8.1549,-12.5453,-30.3721,30.7617,16.3414,36.9724,3.3167,27.1388,24.0944,1.048400,-0.004745,0.000727,0.937386,-0.085361,-0.542873,-0.018621,5.611e-10
194,0.080969,-0.006944,0.395657,0.749887,0.025988,0.661055,0.018104,0.998048,-0.059773,-0.661318,0.056791,0.747952,-19.4621,-33.1883,-10.4996,-2.2742,-11.0633,-36.4407,37.7939,30.9403,4.5955,1.8621,4.2349,34.4128,2.229095,-0.011386,0.000685,0.938143,-0.185233,-2.966254,-0.006689,4.669e-12
195,-0.000857,0.075392,0.422193,0.999837,-0.000787,-0.018055,0.007976,0.915685,0.401818,0.016216,-0.401896,0.915541,-8.5083,-22.9733,-12.6919,-13.0062,-3.7540,-1.4820,20.7379,16.7261,19.0763,9.9916,14.5923,0.5079,0.930875,-0.000148,-0.004285,0.962693,0.037566,0.000355,0.011925,3.086e-11
196,0.018695,0.122783,0.403122,0.988724,-0.016537,0.148830,-0.075737,0.802171,0.592272,-0.129181,-0.596866,0.791873,-9.5327,-32.2999,-17.3381,-9.0587,-0.7631,1.0071,12.9622,22.6644,39.1133,3.9696,13.6312,1.0496,1.502829,-0.000405,-0.007896,0.958832,0.076576,-0.027793,-0.081009,2.547e-10
197,0.043305,-0.044043,0.406571,0.929684,0.071314,0.361390,0.071538,0.927447,-0.367049,-0.361345,0.367093,0.857130,-18.2923,-21.9570,-13.9652,-14.8955,-17.1927,-41.9964,22.1840,16.6601,38.6862,8.9594,26.8218,38.3751,1.429959,-0.003276,0.003373,0.925891,-0.811895,-0.788678,0.000594,1.571e-11
198,-0.033290,-0.049366,0.417597,0.969316,-0.036812,-0.243046,-0.048122,0.941176,-0.334471,0.241062,0.335904,0.910526,-9.8424,-6.0728,-9.6204,-26.2660,-14.7756,-24.0503,22.6248,3.9795,14.9562,23.6933,15.3301,20.5441,1.051974,0.002278,0.004280,0.948732,-0.600119,0.321178,-0.013967,1.707e-12
199,0.069226,-0.012695,0.413735,0.890128,0.045677,0.453416,0.012178,0.992224,-0.123865,-0.455548,0.115778,0.882650,-16.8967,-23.5542,-10.8078,-5.4176,-10.4877,-29.9278,24.4423,17.1927,35.5164,2.0429,16.5317,25.8396,1.199183,-0.005506,-0.000190,0.942827,0.017650,-0.673799,-0.041330,8.477e-10
200,-0.013997,0.062708,0.415283,0.994644,0.026538,-0.099891,0.022972,0.885541,0.463994,0.100771,-0.463804,0.880188,-10.1651,-29.8265,-13.9927,-21.9857,-8.6907,-4.7131,13.9405,28.4515,6.4148,20.2277,19.8774,2.8600,1.227132,0.001213,-0.004754,0.950801,0.758694,0.193093,-0.004194,6.487e-12
201,-0.082662,0.012974,0.403810,0.822467,0.062875,-0.565327,0.011721,0.991788,0.127358,0.568692,-0.111374,0.814975,-7.1838,-15.8176,-15.9675,-39.9053,-16.3826,-9.4516,5.2949,15.1137,18.4789,34.3458,38.0528,6.3546,1.699242,0.009794,0.000199,0.940713,-0.013678,1.782550,-0.055315,2.205e-12
202,0.039191,-0.017592,0.427782,0.984475,0.031029,0.172760,-0.001097,0.985319,-0.170721,-0.175521,0.167881,0.970056,-12.9641,-12.0128,-8.1102,-8.4936,-7.7768,-20.8818,32.4867,4.4152,31.8501,6.5704,6.7809,16.3047,0.675770,-0.002757,-0.000131,0.956821,-0.003727,-0.025503,-0.042661,1.071e-10
203,0.042950,0.055793,0.427347,0.988336,-0.017743,0.151251,-0.014172,0.978164,0.207351,-0.151627,-0.207076,0.966503,-12.2531,-18.2319,-10.6262,-5.8950,-2.1250,-7.3432,37.9049,6.6711,32.1744,3.8172,10.7576,3.5862,0.585079,-0.001656,-0.002080,0.962616,-0.381922,0.305691,0.004825,1.168e-10
204,0.062776,0.016555,0.416327,0.901081,-0.035435,0.432201,-0.023390,0.991234,0.130033,-0.433020,-0.127280,0.892353,-15.0788,-28.8065,-10.6254,-5.1492,-9.7803,-21.9085,14.7789,25.2991,20.3007,1.5830,30.9016,17.4798,1.114038,-0.004272,-0.000655,0.946875,0.078929,-0.507131,0.014978,5.979e-10
205,0.037295,0.014940,0.408015,0.927489,-0.035285,0.372183,-0.020048,0.989409,0.143761,-0.373314,-0.140799,0.916958,-19.9916,-39.4602,-17.3862,-18.4176,-17.0450,-31.9230,31.6953,36.5608,19.4972,13.1841,32.2278,27.2649,1.277935,-0.003964,-0.000463,0.918375,0.182638,-1.503771,0.012420,1.187e-11
206,0.027898,-0.011148,0.411279,0.957205,0.020904,0.288654,0.011162,0.993979,-0.108997,-0.289195,0.107554,0.951209,-19.1780,-31.0585,-16.6423,-20.6740,-16.9676,-36.7436,31.9823,27.1070,25.5396,16.5466,17.3248,34.0315,1.028357,-0.003442,0.000433,0.920846,-0.174614,-1.351863,-0.007704,1.508e-11
207,0.007057,0.020619,0.422089,0.998774,-0.005745,0.049169,-0.002195,0.987126,0.159928,-0.049455,-0.159840,0.985903,-12.7637,-26.4332,-12.9338,-20.0264,-10.1626,-18.0877,16.6112,24.8548,13.7467,19.9378,1.0554,17.6527,0.529044,-0.001512,-0.002998,0.946272,0.696792,-0.350651,0.003611,1.036e-11
208,-0.016719,0.026733,0.413863,0.985866,0.024884,-0.165679,0.019941,0.964450,0.263514,0.166347,-0.263093,0.950321,-13.3875,-30.5913,-17.2566,-31.2501,-13.8876,-16.6886,4.0114,29.1368,31.9846,29.3419,10.5936,15.5277,1.115503,0.003114,-0.004186,0.933142,1.437987,1.065951,-0.003864,1.759e-11
209,0.067027,-0.010202,0.411122,0.880700,0.016622,0.473383,0.018810,0.997368,-0.070016,-0.473301,0.070568,0.878069,-17.4150,-26.9413,-10.0779,-6.6406,-11.3622,-30.7588,27.6608,23.5365,13.9445,5.1308,17.3545,26.8090,1.337826,-0.007278,0.001203,0.941768,-0.217556,-1.320849,0.002534,1.433e-11
210,0.038764,0.080140,0.403797,0.948226,-0.079825,0.307401,-0.114549,0.816792,0.565447,-0.296219,-0.571384,0.765359,-13.5289,-40.9401,-15.4151,-10.2434,-8.4204,-8.7531,6.4818,38.2382,19.7476,5.1929,38.6289,5.7040,1.701606,-0.001616,-0.005836,0.944049,0.846229,-0.239185,-0.044925,5.685e-12
211,-0.047200,0.045611,0.402012,0.903411,0.097067,-0.417643,0.089858,0.909549,0.405767,0.419253,-0.404103,0.812975,-10.7504,-29.3271,-18.2056,-38.2424,-13.1156,-6.9017,0.2983,28.1523,31.1797,36.6125,12.4349,5.7618,1.968714,0.006729,-0.006087,0.936630,1.805006,1.987572,-0.005477,9.313e-12
212,-0.040534,0.022793,0.414416,0.942538,0.047077,-0.330765,0.024512,0.977611,0.208989,0.333198,-0.205088,0.920281,-12.9647,-24.4696,-15.7607,-34.3631,-15.5844,-13.4838,29.1437,21.8440,7.9151,31.2404,34.0834,7.8800,1.050409,0.003183,-0.000206,0.933625,0.047517,0.701176,-0.024172,1.152e-11
213,-0.067462,-0.043523,0.409982,0.890227,-0.033285,-0.454300,-0.080843,0.969950,-0.229481,0.448286,0.241017,0.860785,-10.0977,-6.8009,-12.2500,-34.5443,-18.7896,-19.7839,37.2585,3.5279,17.3923,28.1384,37.9370,11.8513,1.312312,0.004609,0.004679,0.938439,-0.520752,0.527954,-0.059340,7.828e-10
214,0.026162,-0.025465,0.424986,0.979863,0.015377,0.199077,0.021108,0.983466,-0.179858,-0.198551,0.180438,0.963338,-10.0360,-14.9853,-6.8806,-10.6778,-9.5778,-24.4714,0.4095,15.8869,5.1175,10.9138,7.0206,24.6582,0.688987,-0.001926,0.002480,0.960320,-0.396709,-0.308774,0.006856,1.386e-11
215,0.087911,0.071031,0.394541,0.832163,-0.114927,0.542491,-0.142320,0.901257,0.409245,-0.535957,-0.417765,0.733636,-19.3724,-41.1484,-15.2137,-2.6714,-5.6659,-17.4090,33.7923,31.9952,35.8290,0.0014,15.6960,13.6652,1.837112,-0.007891,-0.007173,0.939807,0.870560,-0.974290,-0.034136,3.848e-12
216,0.051156,-0.058851,0.408283,0.936372,0.111211,0.332927,0.056652,0.888164,-0.456020,-0.346408,0.445865,0.825352,-16.1014,-13.4702,-8.6257,-9.4138,-12.4887,-38.2217,26.9673,8.5321,28.7558,7.9590,2.8701,35.5122,1.540546,-0.005625,0.003537,0.944252,-0.582387,-0.904188,-0.065043,1.463e-11
217,-0.008680,-0.007166,0.422576,0.996799,0.002271,-0.079917,-0.004346,0.999658,-0.025803,0.079831,0.026068,0.996468,-13.5394,-20.3294,-12.4704,-24.6041,-14.7242,-21.6831,27.3377,17.8371,8.5172,21.8293,28.8669,16.6741,0.346023,0.000070,0.002146,0.938995,-0.405739,0.014123,-0.007274,3.096e-12
218,-0.018304,-0.037682,0.421261,0.990792,-0.022352,-0.133534,-0.018038,0.955694,-0.293809,0.134185,0.293512,0.946491,-11.7195,-9.5577,-11.8686,-23.4659,-13.9668,-25.0908,28.4420,4.1108,33.9111,19.1755,11.6801,21.4673,0.766206,0.001051,0.001597,0.943763,-0.193496,0.127365,0.005192,2.844e-10
219,-0.086009,-0.026548,0.406216,0.808280,-0.036555,-0.587662,-0.067961,0.985608,-0.154784,0.584863,0.165047,0.794163,-4.5664,-3.7112,-10.5043,-36.5783,-14.6095,-12.8005,6.9957,5.0133,2.9359,34.4937,18.3695,11.4511,1.679469,0.008296,0.003580,0.955534,-0.543574,1.285869,-0.037997,6.650e-12
220,0.068694,-0.031477,0.411630,0.881324,0.026852,0.471749,0.062992,0.982796,-0.173623,-0.468295,0.182734,0.864470,-16.2301,-22.1149,-8.1363,-4.9044,-12.9440,-31.9468,18.5441,19.5455,16.5771,1.5584,33.5549,26.0357,1.313439,-0.005306,0.003791,0.944144,-0.500274,-0.713679,0.044297,1.200e-11
221,-0.050288,0.041358,0.427701,0.971057,0.002191,-0.238837,0.029691,0.991094,0.129809,0.236995,-0.133143,0.962344,-3.4390,-10.5131,-12.8537,-17.8868,-5.4139,-3.5704,11.1828,4.9080,34.0541,11.8833,4.7820,5.5502,0.686702,0.002639,-0.002930,0.967564,-0.116226,-0.094326,0.037475,7.936e-11
222,-0.000305,0.056856,0.418146,0.999983,0.002337,0.005419,-0.004215,0.925522,0.378672,-0.004130,-0.378688,0.925515,-10.5640,-28.9622,-14.4833,-18.6679,-7.3343,-8.7814,9.7369,26.0902,22.6831,16.9632,4.4819,9.2540,1.035771,0.000347,-0.006515,0.951490,1.064635,0.055010,-0.007490,7.516e-13
223,0.053113,-0.004862,0.405231,0.872839,0.005331,0.487979,0.017807,0.998926,-0.042764,-0.487683,0.046016,0.871807,-19.8977,-34.1514,-14.4504,-12.4569,-15.5878,-36.6326,36.0189,31.0726,13.3377,8.6162,24.1898,32.8084,1.623080,-0.006690,0.001300,0.924975,-0.404947,-2.127501,0.010727,4.594e-12
224,0.027591,-0.035693,0.423454,0.991121,0.019748,0.131489,0.008538,0.977416,-0.211154,-0.132689,0.210401,0.968568,-14.7891,-14.2631,-9.1945,-13.7761,-13.1726,-25.3259,37.8365,8.2235,26.3190,9.6828,27.1788,17.3770,0.592318,-0.002472,0.002377,0.944383,-0.155448,-0.159465,-0.014150,7.563e-11
225,-0.000433,-0.008722,0.425190,0.999989,0.000045,-0.004603,-0.000250,0.999003,-0.044648,0.004596,0.044649,0.998992,-12.3059,-18.5893,-11.4903,-19.9566,-13.0778,-20.9100,21.2381,15.8130,16.1764,16.5823,24.8283,16.7604,0.129400,-0.000021,0.001334,0.944780,-0.195080,-0.003059,-0.000347,3.718e-10
226,0.036016,0.112208,0.409934,0.971261,-0.032286,0.235817,-0.096846,0.851430,0.515449,-0.217423,-0.523474,0.823834,-7.9106,-28.2471,-13.3822,-3.1211,2.2863,0.5562,2.8267,20.6510,29.0756,1.3645,0.0851,3.6824,1.392314,-0.001395,-0.007171,0.971727,-0.033759,-0.019414,-0.089913,2.662e-10
227,0.056769,-0.034473,0.411019,0.920375,0.081520,0.382444,0.032635,0.958604,-0.282868,-0.389672,0.272826,0.879615,-17.6975,-20.4798,-10.1645,-9.7151,-12.0795,-35.3724,35.2415,15.2219,22.7770,8.5732,5.0766,31.9864,1.369824,-0.007130,0.001940,0.940136,-0.371548,-1.305686,-0.053838,5.905e-12
228,-0.021490,0.008118,0.411525,0.962939,0.013881,-0.269362,0.012202,0.995410,0.094918,0.269443,-0.094687,0.958350,-16.0464,-28.6676,-16.9969,-38.4692,-16.7423,-23.6784,13.8354,27.8883,10.5229,39.6520,13.9753,21.7715,0.951345,0.001373,-0.000371,0.925376,0.287622,1.059299,-0.000811,2.436e-11
229,-0.002359,0.071500,0.411033,0.999744,0.002059,-0.022544,0.009392,0.868369,0.495830,0.020597,-0.495914,0.868127,-11.6452,-33.2390,-15.9922,-20.7462,-7.2323,-6.2753,15.9201,29.7414,23.7888,19.3036,2.5014,6.2254,1.411366,-0.000013,-0.008349,0.947723,1.502374,0.000382,0.008131,1.142e-11
230,0.017878,0.057137,0.410414,0.989839,-0.033590,0.138167,-0.031758,0.894925,0.445084,-0.138599,-0.444950,0.884766,-14.6751,-37.1978,-16.1713,-18.6871,-9.3226,-13.1451,21.2716,34.0155,25.3028,17.0174,3.6368,11.7910,1.423443,-0.002367,-0.007299,0.939712,1.686730,-0.546207,0.001621,2.408e-12
231,-0.017246,0.014618,0.423210,0.990081,0.004553,-0.140426,0.009729,0.994854,0.100848,0.140162,-0.101214,0.984942,-11.8495,-21.1216,-13.5830,-24.8222,-11.8407,-15.8394,23.7018,17.7112,17.8403,22.5039,14.0671,13.1377,0.448754,0.000912,-0.001590,0.944180,0.271482,0.156117,0.005955,8.171e-10
232,-0.013534,0.044245,0.413721,0.994149,0.030014,-0.103761,0.011540,0.925606,0.378313,0.107397,-0.377297,0.919844,-13.1373,-32.7608,-16.6695,-27.6247,-13.3390,-12.6069,11.9610,31.1993,18.7200,24.3038,27.5611,9.4661,1.128009,0.002323,-0.003655,0.935334,0.918704,0.579196,-0.018735,6.133e-12
233,0.056578,0.024768,0.426099,0.963876,-0.040524,0.263251,-0.007822,0.983625,0.180055,-0.266237,-0.175610,0.947776,-12.4225,-20.8677,-6.1849,-4.0211,-4.7472,-11.4948,25.7132,16.8210,2.5696,4.9717,16.8662,6.5687,0.784943,-0.004045,-0.000764,0.965078,0.020952,-0.076152,0.043758,1.276e-10
234,0.070466,-0.053717,0.400990,0.873642,0.090917,0.478000,0.098338,0.929123,-0.356455,-0.476528,0.358420,0.802780,-19.8891,-21.0953,-9.6073,-8.0698,-16.1589,-41.0253,37.1955,16.0444,21.6921,4.0378,34.2089,33.3251,1.665269,-0.007109,0.005724,0.931599,-0.953777,-1.189004,0.008890,3.208e-12
235,-0.012579,-0.012877,0.410478,0.981546,-0.014817,-0.190652,-0.002823,0.995762,-0.091925,0.191206,0.090767,0.977344,-18.1706,-27.4626,-19.0387,-38.4977,-18.6500,-32.2070,15.0248,23.9417,36.0581,37.5794,8.1489,30.5735,0.819621,0.001135,-0.000536,0.916272,0.478296,1.055456,0.005135,1.910e-11
236,0.088640,-0.104636,0.384045,0.862192,0.227809,0.452468,0.137254,0.754720,-0.641529,-0.487632,0.615225,0.619446,-18.7697,-7.1562,-2.1457,-1.0507,-13.0879,-44.4256,38.8734,2.3671,18.9726,1.8197,10.6678,36.3653,2.163083,-0.008627,0.007761,0.949261,-0.760267,-0.786199,-0.119520,2.371e-12
237,0.062577,-0.066863,0.397387,0.890667,0.152308,0.428386,0.097063,0.856800,-0.506432,-0.444175,0.492643,0.748340,-17.9687,-15.0554,-6.9966,-7.4269,-13.5610,-43.2075,36.3028,11.8027,6.5662,7.6429,8.4276,39.6838,2.036906,-0.008766,0.006795,0.942128,-1.395896,-1.751196,-0.056945,4.749e-12
238,-0.023690,0.044853,0.407924,0.971845,0.066788,-0.225957,0.035888,0.905839,0.422099,0.232871,-0.418324,0.877939,-14.6838,-35.1318,-17.5468,-34.6782,-16.0566,-12.4481,16.0724,34.5604,6.8270,32.2012,39.7619,7.1857,1.410918,0.002951,-0.001875,0.927610,0.651911,1.012593,-0.027648,1.284e-11
239,0.079063,0.020580,0.415084,0.907273,-0.034441,0.419129,-0.020915,0.991712,0.126766,-0.420022,-0.123778,0.899033,-17.7131,-26.9736,-9.7073,-4.0669,-7.6045,-20.2646,38.4165,19.3080,21.0039,2.7735,22.6687,13.3570,1.048624,-0.006275,-0.001287,0.947638,0.087496,-0.409345,0.017178,1.215e-10
240,0.050188,0.005759,0.405962,0.857066,-0.008565,0.515136,-0.037145,0.996233,0.078365,-0.513867,-0.086298,0.853518,-16.4202,-37.6175,-14.9781,-10.9536,-13.4516,-32.9254,2.3453,38.1547,26.7630,7.5504,7.2283,34.0662,1.670316,-0.003447,-0.001953,0.932664,0.849959,-1.533266,-0.021980,7.020e-12
241,0.008286,0.050274,0.411725,0.996769,-0.006926,0.080027,-0.030185,0.890965,0.453067,-0.074440,-0.454019,0.887877,-12.8526,-37.2095,-15.2821,-21.4450,-11.3892,-12.7031,0.7944,38.1317,13.8430,19.6586,19.3085,11.5046,1.372594,0.000602,-0.004619,0.940718,1.351595,0.169403,-0.022544,3.172e-12
242,0.055723,-0.034816,0.402893,0.876921,0.106860,0.468605,0.052613,0.947770,-0.314584,-0.477746,0.300520,0.825498,-19.0734,-24.6337,-11.8657,-10.1972,-13.6748,-41.3264,39.2490,20.3707,17.2158,8.6972,1.9637,39.5950,1.865498,-0.008284,0.002311,0.932905,-0.678789,-2.295166,-0.048039,4.447e-12
243,-0.037703,-0.048068,0.412553,0.960882,-0.037172,-0.274451,-0.055290,0.945259,-0.321604,0.271382,0.324198,0.906227,-11.4374,-9.5017,-11.6103,-30.8233,-18.3194,-26.8667,19.7852,7.9311,11.7046,26.5857,36.9574,21.6976,1.213188,0.003891,0.006309,0.938000,-1.168941,0.728357,-0.019946,1.664e-11
244,-0.002028,-0.000612,0.407778,0.998920,0.001229,-0.046449,0.002229,0.997233,0.074310,0.046412,-0.074333,0.996153,-21.4511,-38.0786,-21.6687,-38.2349,-21.3900,-34.2108,24.8462,34.8397,37.5816,35.1205,18.2616,30.2024,0.502735,0.000128,-0.000388,0.903337,0.954483,0.319262,0.000177,3.240e-10
245,-0.084050,0.035967,0.399799,0.794364,0.106576,-0.598019,0.079728,0.957679,0.276578,0.602187,-0.267382,0.752249,-8.3305,-19.4201,-16.9991,-41.3212,-14.4246,-4.1374,22.4585,16.8962,14.6273,37.3104,27.5329,0.4841,1.849562,0.007844,-0.002451,0.940420,0.438913,1.379586,-0.031160,2.150e-12
246,-0.009424,-0.064819,0.409155,0.997499,-0.038554,-0.059237,-0.000508,0.834184,-0.551485,0.070677,0.550136,0.832079,-11.2681,-5.8414,-11.4220,-24.2814,-14.9240,-36.1557,3.3230,2.8910,35.4855,21.9851,0.4847,37.5198,1.536759,0.002303,0.003797,0.943625,-0.884071,0.531003,0.042027,9.823e-12
247,0.029102,-0.020058,0.416420,0.966526,0.019789,0.255803,0.025620,0.984593,-0.172973,-0.255285,0.173737,0.951128,-15.3099,-23.3101,-11.4095,-16.2156,-14.0071,-32.4832,18.4562,22.3607,4.9691,14.8780,18.1208,30.8559,0.973141,-0.003485,0.002995,0.938930,-0.834847,-0.974842,0.005657,5.728e-12
248,0.083095,-0.041593,0.399438,0.803370,0.122870,0.582666,0.086909,0.943810,-0.318856,-0.589104,0.306798,0.747550,-17.7091,-21.7106,-8.0847,-1.5732,-11.2707,-39.2947,22.7924,18.2119,20.1773,0.5200,8.5042,36.8068,1.912436,-0.008751,0.003140,0.944421,-0.579775,-1.578326,-0.041286,2.548e-12
249,-0.025715,-0.004708,0.436077,0.991699,-0.006638,-0.128409,-0.000474,0.998471,-0.055283,0.128579,0.054885,0.990179,-4.1435,-4.5383,-6.8694,-11.7763,-6.5130,-7.4069,16.5800,1.0097,21.1181,7.3000,11.6384,5.1766,0.341939,0.000717,-0.000085,0.973759,-0.016643,-0.135706,0.008677,3.525e-11
250,0.012394,0.043138,0.417925,0.995280,-0.012019,0.096302,-0.018436,0.950817,0.309203,-0.095282,-0.309519,0.946107,-13.2718,-31.1348,-15.0459,-18.5719,-9.5061,-14.7594,16.2040,27.7864,25.7815,16.4208,7.1535,13.7872,0.935212,-0.001155,-0.005491,0.943316,1.091389,-0.231323,-0.006979,1.329e-11
251,-0.014173,0.021612,0.415801,0.991733,0.013321,-0.127628,0.011987,0.980630,0.195500,0.127760,-0.195414,0.972364,-15.1264,-29.9761,-17.5343,-30.6536,-15.3958,-19.7270,19.6606,26.7539,27.2494,27.2811,21.8985,16.2750,0.724472,0.001790,-0.002480,0.927991,0.744372,0.536923,-0.001155,2.980e-12
252,0.001527,0.055979,0.405421,0.999838,0.005021,0.017271,-0.013083,0.861936,0.506848,-0.012342,-0.506992,0.861863,-15.6816,-41.0512,-19.0035,-26.6303,-13.5933,-13.4251,15.8115,38.6953,31.8998,22.7652,20.5228,9.9990,1.624095,0.000773,-0.006375,0.927500,1.965428,0.228414,-0.016259,1.112e-11
253,-0.017010,-0.085094,0.406114,0.991339,-0.022013,-0.129466,-0.049542,0.850322,-0.523926,0.121621,0.525803,0.841867,-12.1614,-4.1968,-7.3890,-24.4908,-19.0197,-33.0346,26.1231,3.6041,4.0831,20.9605,38.1748,25.8325,1.497673,0.001119,0.009873,0.942240,-1.477622,0.178964,-0.031421,9.179e-12
254,-0.058669,0.040913,0.405738,0.864048,0.079131,-0.497151,0.105064,0.937474,0.331819,0.492323,-0.338941,0.801709,-10.3265,-23.7224,-15.4923,-38.0946,-11.5857,-4.9053,25.4663,22.0468,5.5327,38.9820,4.8089,2.7900,1.722200,0.004122,-0.004238,0.943894,1.019865,1.000006,0.028829,4.559e-12
255,-0.001493,0.014721,0.417734,0.999980,0.005044,-0.003911,-0.004483,0.991225,0.132107,0.004543,-0.132087,0.991228,-15.0319,-29.9593,-17.1290,-26.7196,-15.9452,-23.0768,9.9901,27.2075,30.5019,21.8416,31.2754,19.8446,0.488216,0.001967,-0.001355,0.927936,0.389607,0.561558,-0.008983,2.162e-11
256,-0.065124,-0.043645,0.405192,0.860726,-0.072288,-0.503910,-0.102394,0.945052,-0.310470,0.498665,0.318827,0.806029,-10.4898,-5.2253,-12.4176,-38.1101,-17.3194,-22.8654,31.2636,2.1452,12.6962,35.7971,18.7389,18.5975,1.642186,0.004884,0.004629,0.939712,-0.868615,0.926138,-0.035609,4.721e-12
257,0.001085,-0.012787,0.411881,0.999594,0.002908,0.028336,0.000287,0.993695,-0.112115,-0.028484,0.112077,0.993291,-19.1853,-30.3181,-19.0279,-31.9525,-18.8674,-36.1543,26.3338,26.5755,31.4805,29.0979,10.7156,34.3234,0.372392,-0.000389,-0.000225,0.914513,0.171809,-0.299513,-0.001387,6.617e-12
258,-0.074927,-0.033918,0.411687,0.857262,-0.059258,-0.511459,-0.065922,0.972547,-0.223173,0.510643,0.225034,0.829821,-6.9399,-2.8413,-10.9146,-33.4195,-14.1687,-15.2226,29.5535,0.1373,15.3286,30.2967,10.1359,11.9265,1.390473,0.004749,0.002378,0.952073,-0.254926,0.510822,-0.009131,5.187e-10
259,-0.010651,0.045809,0.420448,0.995016,0.004841,-0.099598,0.024868,0.955216,0.294864,0.096565,-0.295871,0.950334,-11.7672,-25.6780,-14.6006,-22.3179,-8.8552,-10.0538,25.9032,21.0102,20.7973,20.4312,7.5685,8.2471,0.833974,-0.000005,-0.004912,0.947252,0.730664,0.003040,0.023543,1.051e-11
260,-0.062347,-0.017382,0.408276,0.877289,-0.052081,-0.477128,-0.025544,0.987620,-0.154771,0.479282,0.147967,0.865098,-12.0544,-12.8950,-16.9847,-39.5331,-17.3234,-21.0207,29.4958,7.0998,35.9180,34.7026,19.0173,17.1584,1.393550,0.005726,0.000387,0.930524,-0.084619,1.169621,0.029035,1.241e-11
261,-0.004533,-0.012460,0.414227,0.999854,0.004605,-0.016460,-0.007163,0.987259,-0.158960,0.015519,0.159055,0.987148,-17.6242,-25.1320,-15.7815,-29.9779,-17.4371,-33.4261,35.7987,22.3231,2.2368,28.8260,19.5543,30.9002,0.716044,-0.001543,0.002231,0.923764,-1.086674,-0.739684,-0.007872,4.593e-12
262,-0.020270,0.059926,0.403247,0.981314,0.028621,-0.190273,0.075124,0.853400,0.515815,0.177142,-0.520470,0.835303,-15.6409,-37.7823,-19.1464,-32.0001,-12.3391,-9.1841,35.2011,33.5530,28.0789,30.3491,4.5687,5.4069,1.790080,0.000330,-0.007795,0.929180,2.218363,0.122752,0.042208,5.174e-12
263,0.045135,-0.061268,0.418314,0.958776,0.041059,0.281181,0.058952,0.939237,-0.338169,-0.277981,0.340804,0.898098,-12.8369,-10.4763,-5.4735,-6.6265,-12.7649,-28.7729,19.0044,7.6267,23.7357,2.7461,28.3721,21.8442,1.038913,-0.002403,0.004038,0.953521,-0.181696,-0.111656,0.024013,8.392e-11
264,-0.011046,-0.057469,0.411987,0.995266,-0.011599,-0.096497,-0.028550,0.914159,-0.404349,0.092904,0.405190,0.909500,-15.5619,-11.7820,-12.6229,-26.9820,-18.9945,-33.4870,37.9611,6.5215,25.4273,21.7235,33.3216,26.3304,1.126539,0.000289,0.005699,0.929328,-1.003063,0.054554,-0.019141,1.948e-12
265,-0.032215,-0.015836,0.415696,0.956435,-0.014650,-0.291578,-0.026471,0.990274,-0.136587,0.290743,0.138355,0.946745,-13.9455,-17.0287,-14.3549,-34.0074,-16.0156,-24.3354,30.6896,13.6821,11.4993,32.9424,15.6664,20.9762,0.885544,0.001631,0.001871,0.933613,-0.514195,0.449729,-0.011826,2.079e-12
266,0.023371,-0.084587,0.406440,0.986904,0.040999,0.156011,0.049793,0.842500,-0.536389,-0.153430,0.537133,0.829426,-13.0498,-6.9619,-5.1196,-14.4091,-16.2726,-36.5664,18.6994,7.2839,0.2227,12.7408,30.0139,31.1192,1.558100,-0.002418,0.009787,0.948405,-1.509183,-0.376778,0.010203,2.179e-12
267,-0.044058,-0.030080,0.410779,0.934753,-0.058997,-0.350365,-0.034874,0.966121,-0.255724,0.353582,0.251257,0.901027,-10.9966,-12.1782,-14.8696,-35.3834,-17.4006,-25.7180,3.5586,9.8016,28.2794,31.5061,26.7788,24.0233,1.366079,0.006470,0.002848,0.935062,-0.725086,1.619743,0.022916,3.043e-12
268,0.026990,0.062472,0.419877,0.973609,-0.019870,0.227356,-0.064479,0.931668,0.357542,-0.218925,-0.362766,0.905800,-10.2917,-28.4928,-13.4098,-8.5012,-6.1001,-9.0865,4.7531,23.8248,29.3581,3.4134,24.9947,8.1975,1.054505,-0.000438,-0.004511,0.955411,0.304387,-0.036473,-0.058746,2.569e-10
269,-0.025449,0.043650,0.400260,0.949475,0.089304,-0.300870,0.075076,0.866200,0.494025,0.304732,-0.491652,0.815731,-14.1499,-37.0839,-18.1109,-38.0807,-14.7451,-9.8415,3.0846,37.6786,24.4332,38.1973,13.3110,6.8423,2.111388,0.003542,-0.004657,0.929141,2.305774,1.728807,-0.008058,1.176e-11
270,0.005310,0.005119,0.412970,0.995372,-0.004070,0.096015,-0.000086,0.999065,0.043244,-0.096101,-0.043052,0.994440,-19.0258,-34.1190,-17.9605,-28.6675,-18.1156,-31.8797,33.6337,31.6944,12.1157,25.8269,22.0611,28.6008,0.492466,-0.001568,0.000206,0.917433,-0.119585,-0.934130,0.002443,2.382e-12
271,0.027951,-0.008545,0.407315,0.956919,0.012612,0.290080,0.009811,0.997081,-0.075717,-0.290188,0.075302,0.954002,-20.1290,-37.0358,-19.9941,-25.7612,-19.9486,-41.0103,6.7261,34.7804,38.6032,20.4480,25.8093,39.9737,0.779704,-0.000263,-0.000064,0.910035,0.079543,-0.320895,-0.001048,5.864e-10
272,-0.030042,-0.071922,0.425546,0.996759,-0.030929,-0.074265,0.004925,0.944870,-0.327408,0.080297,0.325981,0.941960,-3.3108,0.0415,-3.6129,-12.2005,-13.2551,-17.2818,0.9461,2.4227,15.8197,5.3915,30.9874,12.3468,0.829424,0.002085,0.003492,0.969867,0.219423,-0.144167,0.049383,9.643e-11
273,0.025073,0.066956,0.421264,0.996163,-0.023520,0.084297,-0.003726,0.950939,0.309355,-0.087438,-0.308482,0.947203,-12.8126,-24.4542,-13.6615,-12.3314,-3.5978,-8.1144,35.2702,14.7145,30.5619,10.9571,0.9829,6.6055,0.766999,-0.002655,-0.005621,0.955066,0.257782,-0.115167,0.025205,9.785e-11
274,-0.022490,-0.009197,0.412836,0.976322,-0.009242,-0.216125,-0.015473,0.993544,-0.112384,0.215768,0.113067,0.969876,-16.6609,-23.9223,-16.4740,-36.6959,-16.8986,-29.8544,30.1849,21.5718,6.3231,37.7676,5.2947,28.6872,0.677985,0.000047,0.000606,0.925063,-0.429670,0.034652,-0.003587,1.540e-11
275,0.004128,-0.014116,0.416280,0.998267,0.007182,0.058414,0.000649,0.991122,-0.132954,-0.058850,0.132762,0.989399,-16.1650,-25.4877,-15.4587,-26.2934,-15.3917,-32.4096,20.9123,23.2840,20.6264,25.3241,1.3586,32.3138,0.487966,-0.001146,-0.000083,0.929577,0.036792,-0.538367,-0.004781,1.648e-11
276,0.027495,0.055089,0.421614,0.979071,-0.017143,0.202793,-0.044419,0.954423,0.295132,-0.198610,-0.297963,0.933687,-12.3808,-27.0530,-14.4005,-9.9518,-7.7087,-11.2555,20.4202,19.2655,37.6824,3.2078,32.2521,7.5015,0.856010,-0.000804,-0.003405,0.948388,0.096531,-0.026674,-0.036136,1.011e-10
277,0.025857,0.127809,0.389510,0.989521,-0.064809,0.129027,-0.046334,0.703825,0.708860,-0.136753,-0.707410,0.693447,-13.5112,-40.4202,-18.6025,-13.1284,-1.3835,0.6519,28.3672,30.8749,34.5258,11.2883,0.3495,0.0654,1.941421,-0.002832,-0.012331,0.950023,1.266899,-0.281577,0.022527,8.545e-10
278,-0.006833,0.074750,0.403565,0.998451,0.014465,-0.053731,0.018285,0.826703,0.562342,0.052554,-0.562453,0.825157,-13.2170,-37.8598,-18.6394,-24.8541,-9.0342,-6.8030,17.6722,33.8064,36.0874,22.4097,1.3023,6.0969,1.769757,0.000770,-0.010096,0.938553,2.263570,0.174944,0.003861,5.807e-12
279,-0.097828,-0.036541,0.403136,0.814961,-0.060157,-0.576385,-0.071974,0.976390,-0.203671,0.575029,0.207469,0.791390,-4.1858,-2.6449,-12.1728,-36.2744,-17.1512,-14.1852,10.9847,2.4948,19.8058,29.1874,30.8486,10.9710,1.586768,0.008830,0.003595,0.949913,-0.381018,0.947127,-0.015175,8.321e-10
280,0.073248,-0.003291,0.409181,0.844624,-0.017972,0.535058,0.017129,0.999832,0.006545,-0.535086,0.003637,0.844790,-16.8934,-29.6038,-9.9823,-4.2332,-11.8421,-29.6862,16.8537,27.5127,13.0944,1.2665,31.2039,25.2168,1.461308,-0.006355,0.001627,0.941992,-0.274309,-1.102811,0.040993,4.974e-12
281,0.014956,-0.083706,0.410748,0.990832,0.019348,0.133704,0.055570,0.843718,-0.533902,-0.123138,0.536438,0.834908,-10.7605,-4.6553,-6.2118,-13.4045,-15.1815,-34.1463,7.9361,3.8504,23.0115,9.4411,22.2703,30.3581,1.411708,-0.000129,0.006776,0.951886,-0.775250,-0.022367,0.046387,8.553e-10
282,-0.022579,-0.007431,0.431478,0.991220,-0.011233,-0.131744,-0.001443,0.995406,-0.095733,0.132214,0.095083,0.986650,-7.7730,-7.9678,-10.1108,-16.4272,-9.2686,-12.9410,26.8212,1.8854,32.6225,10.8829,14.4418,9.3990,0.424701,0.000859,-0.000324,0.959342,-0.013885,-0.035268,0.013221,2.377e-11
283,0.058105,0.007992,0.413957,0.924029,-0.027491,0.381332,-0.003392,0.996783,0.080079,-0.382306,-0.075289,0.920963,-18.7156,-30.4116,-12.0834,-10.7080,-12.3725,-26.3331,39.4280,25.2527,15.1810,7.9920,28.2205,19.6101,1.078325,-0.006592,0.000198,0.935333,-0.026166,-1.092579,0.027056,4.632e-12
284,-0.045146,-0.004367,0.414451,0.924187,-0.011010,-0.381782,-0.005243,0.999125,-0.041503,0.381904,0.040358,0.923320,-12.9709,-17.3166,-15.5671,-36.0358,-15.4973,-19.4791,31.7762,12.9602,20.5640,33.8787,14.1669,15.8440,1.021602,0.003099,-0.000066,0.934034,0.015021,0.721096,0.006078,1.859e-11
285,-0.027317,0.071404,0.412934,0.990554,0.048971,-0.128079,0.014368,0.891842,0.452119,0.136367,-0.449689,0.882714,-10.3608,-29.4492,-18.0899,-23.5487,-10.5679,-5.0784,18.7174,23.7136,33.2458,15.8234,35.3894,1.9474,1.181288,0.003138,-0.005270,0.941616,0.538819,0.312411,-0.043174,5.115e-10
286,-0.002116,0.010242,0.426202,0.999989,0.000843,0.004659,-0.001029,0.999196,0.040072,-0.004622,-0.040076,0.999186,-10.6813,-19.8371,-12.7789,-18.5869,-10.4012,-17.7540,10.8635,16.4835,27.9382,15.2301,11.5176,16.8642,0.212473,0.000881,-0.002000,0.949292,0.286175,0.125816,-0.002194,5.760e-10
287,-0.066876,0.010623,0.414826,0.892600,0.017781,-0.450499,0.016849,0.997208,0.072742,0.450535,-0.072520,0.889809,-9.8692,-14.6047,-15.5127,-33.6992,-14.6052,-10.6883,38.9234,8.9028,24.9127,27.4513,27.7213,5.0159,1.105695,0.004150,-0.000629,0.940141,0.063753,0.419827,-0.001070,3.165e-10
288,-0.005856,-0.005103,0.406245,0.999496,0.000234,-0.031750,-0.007081,0.976431,-0.215715,0.030951,0.215831,0.975940,-20.9969,-29.8396,-20.4210,-36.8805,-21.2787,-41.1422,33.9736,25.3626,3.4061,34.0953,39.7098,38.8572,1.129146,-0.000215,0.001238,0.905850,-2.108472,-0.320136,-0.001003,8.020e-13
289,0.009044,-0.088742,0.399145,0.998448,0.034986,0.043329,0.001665,0.758933,-0.651166,-0.055666,0.650228,0.757697,-15.3960,-5.2775,-9.2664,-21.0854,-17.8292,-42.1035,32.4322,0.9224,22.7290,18.1956,17.7465,37.4236,1.861464,-0.001915,0.008113,0.936300,-1.521639,-0.348521,-0.038174,6.459e-12
290,-0.055719,-0.053475,0.405161,0.896694,-0.062607,-0.438201,-0.114171,0.923740,-0.365608,0.427673,0.377869,0.821164,-11.7983,-5.5465,-11.8402,-36.5179,-18.7102,-26.3133,34.4781,2.5445,9.4476,33.6206,27.9523,20.4940,1.626897,0.003939,0.006444,0.936522,-1.209346,0.757491,-0.058798,5.221e-12
291,0.057438,0.027128,0.404611,0.869507,-0.077274,0.487839,-0.049103,0.969269,0.241052,-0.491475,-0.233551,0.838992,-18.3052,-38.8561,-13.0689,-9.0516,-11.0132,-25.9713,35.0275,37.2059,5.4834,8.1266,8.4575,23.2180,1.797674,-0.008319,-0.002497,0.936237,0.711264,-2.302050,0.024573,7.518e-12
292,-0.015676,0.021607,0.417624,0.988928,0.016753,-0.147444,0.013751,0.978985,0.203467,0.147754,-0.203241,0.967916,-12.5373,-27.6386,-15.1491,-29.0201,-13.0780,-16.9624,6.4484,27.1843,16.8273,28.2706,11.4193,16.0667,0.804736,0.002210,-0.002524,0.938895,0.801671,0.700881,-0.002602,9.859e-12
293,0.039456,-0.099809,0.400099,0.954208,0.087740,0.285987,0.122582,0.757382,-0.641363,-0.272874,0.647051,0.711945,-11.3642,-2.4837,-4.0424,-7.3073,-14.0933,-39.6851,3.3597,1.9058,25.2631,4.6107,13.5502,36.9678,1.856773,-0.002093,0.007614,0.955874,-0.860310,-0.244354,0.047577,9.524e-10
294,0.011805,0.067591,0.422411,0.996611,-0.005572,0.082073,-0.021842,0.943968,0.329313,-0.079309,-0.329989,0.940647,-9.2101,-24.0187,-13.4102,-11.5916,-3.4792,-6.5334,12.2307,17.7789,30.1892,9.1272,1.7742,8.0185,0.814400,-0.000575,-0.006106,0.960991,0.390087,-0.041036,-0.020900,1.330e-10
295,-0.035672,0.001877,0.413154,0.940113,-0.000444,-0.340864,0.009122,0.999674,0.023858,0.340742,-0.025538,0.939810,-15.4913,-23.0578,-16.2663,-38.0337,-15.6595,-21.7135,38.3968,19.6183,11.0527,38.7474,2.9558,18.6656,0.889784,0.000700,-0.000771,0.928982,0.303893,0.275561,0.008066,7.169e-12
296,0.000265,0.009468,0.413003,0.998840,-0.005244,0.047870,-0.001087,0.991344,0.131287,-0.048144,-0.131187,0.990188,-17.6597,-35.3606,-17.4119,-29.7674,-16.9104,-28.5239,24.4935,35.0497,11.6215,28.7914,8.9348,26.8645,0.581063,-0.000829,-0.000733,0.922105,0.626472,-0.702284,0.001925,7.980e-12
297,-0.047218,-0.038757,0.406147,0.893863,-0.087642,-0.439692,-0.086497,0.928572,-0.360931,0.439918,0.360655,0.822435,-10.7453,-6.8087,-12.3446,-37.8333,-15.1628,-26.7473,11.2441,5.2185,8.6607,39.5823,3.1180,27.3299,1.755815,0.004304,0.003495,0.942547,-1.130158,1.391607,0.000418,1.031e-11
298,0.034721,0.073767,0.414849,0.967805,-0.052631,0.246138,-0.071957,0.879229,0.470935,-0.241197,-0.473484,0.847134,-10.2104,-31.7427,-11.7101,-7.2868,-4.2140,-5.8365,3.2304,29.4666,11.5116,5.6219,17.8510,5.6857,1.320051,-0.001906,-0.005410,0.960900,0.535006,-0.191671,-0.025758,4.552e-10
299,0.008027,-0.000405,0.406876,0.998517,0.001375,-0.054415,0.000535,0.999385,0.035072,0.054430,-0.035049,0.997902,-21.0113,-37.7221,-20.6211,-39.2635,-20.7374,-35.9017,1.3384,36.7072,28.0281,39.0526,22.4837,34.2048,0.569082,-0.000773,0.000230,0.906515,0.351495,1.195784,0.000420,2.131e-11
300,0.015192,0.025847,0.413517,0.991152,-0.023157,0.130700,-0.008335,0.971863,0.235400,-0.132473,-0.234407,0.963070,-18.9710,-36.5060,-17.6999,-24.3121,-16.1014,-24.1686,39.5420,32.0148,20.8997,19.9681,29.2992,18.1405,0.831938,-0.002697,-0.001834,0.920925,0.545764,-0.796048,0.013724,8.935e-12
301,-0.005749,0.001727,0.413435,0.999993,-0.000277,-0.003764,0.000334,0.999881,0.015401,0.003759,-0.015403,0.999874,-17.3931,-31.9591,-17.0689,-31.7284,-17.0788,-31.1592,24.6549,31.7351,4.3463,31.8431,6.9274,30.6888,0.256429,-0.000544,0.000014,0.922790,-0.016074,-0.680170,0.000209,3.238e-12
302,0.006771,-0.011293,0.408906,0.986167,0.019244,0.164631,0.014490,0.979426,-0.201283,-0.165117,0.200884,0.965599,-19.0550,-29.8661,-17.6397,-27.6227,-18.6087,-40.4204,33.2916,27.5603,2.8933,25.2386,19.8054,39.9441,1.162162,-0.001551,0.001423,0.916948,-1.375948,-1.481541,-0.001501,3.012e-12
303,-0.061108,0.002345,0.405764,0.853027,0.011665,-0.521736,0.001338,0.999698,0.024539,0.521865,-0.021631,0.852754,-13.4856,-18.8848,-17.5309,-42.9896,-17.8228,-17.6784,31.7350,14.4195,20.4608,39.9524,27.2723,12.4844,1.516348,0.005307,0.000295,0.926768,-0.075236,1.402825,-0.010435,4.167e-12
304,-0.005672,0.032826,0.408497,0.994669,0.030088,-0.098632,0.007206,0.933867,0.357549,0.102867,-0.356353,0.928671,-16.8922,-38.5801,-18.9706,-33.8369,-17.5015,-19.6210,7.4090,37.8975,23.1823,30.9830,33.8298,15.3035,1.264619,0.002058,-0.002041,0.919948,1.105723,1.089623,-0.014882,9.510e-12
305,-0.027949,-0.045062,0.412294,0.974846,-0.058377,-0.215096,-0.029313,0.923122,-0.383389,0.220941,0.380050,0.898191,-12.0754,-10.1596,-13.7548,-30.6475,-16.6207,-30.6356,11.8790,6.5886,32.1598,27.1830,14.9664,29.3371,1.258739,0.003781,0.003093,0.936371,-0.734242,0.887292,0.030204,8.389e-12
306,-0.012171,0.029713,0.409904,0.989058,0.033017,-0.143782,0.013163,0.950995,0.308927,0.146936,-0.307440,0.940155,-16.4022,-35.7569,-19.3312,-34.3466,-17.3494,-19.4581,10.1616,33.6492,30.6352,30.6036,32.0397,15.1532,1.181911,0.002834,-0.002588,0.920361,1.101413,1.186717,-0.014727,1.500e-11
307,-0.093741,0.056032,0.400157,0.820032,0.098733,-0.563737,0.110572,0.939118,0.325318,0.561535,-0.329104,0.759189,-3.2968,-17.1660,-17.2708,-35.4277,-9.7379,1.3990,2.7001,14.8177,28.3367,30.0862,11.3660,0.5677,1.755699,0.009316,-0.005900,0.954691,0.717103,1.141801,0.015078,8.010e-12
308,-0.038836,-0.008480,0.415411,0.955355,-0.014611,-0.295100,-0.006896,0.997402,-0.071708,0.295381,0.070542,0.952772,-11.9224,-18.2782,-16.2384,-33.6487,-16.8507,-22.0126,9.2630,15.1484,31.6679,28.6395,29.6314,19.1820,0.942557,0.005589,0.000661,0.932521,-0.156560,1.302042,0.007652,1.491e-11
309,0.012199,-0.002559,0.421094,0.995000,0.000828,0.099869,0.001157,0.999803,-0.019817,-0.099866,0.019833,0.994803,-14.9232,-24.6067,-13.9445,-20.6210,-14.2236,-25.6389,20.9445,21.2445,22.5953,16.9986,23.1546,22.2175,0.269186,-0.000983,0.000283,0.935468,-0.061323,-0.213018,0.000354,8.198e-10
310,0.053529,-0.046753,0.414783,0.945990,0.086986,0.312308,0.032585,0.932942,-0.358549,-0.322554,0.349360,0.879719,-15.5450,-13.7651,-8.0742,-8.2719,-10.7957,-32.8214,29.1872,8.1202,28.8465,7.1593,3.1914,29.2214,1.245705,-0.005369,0.002174,0.948486,-0.269951,-0.639348,-0.067516,9.146e-10
311,-0.031087,-0.025690,0.418162,0.969857,-0.041382,-0.240136,-0.016479,0.972081,-0.234068,0.243117,0.230969,0.942097,-11.2260,-12.2514,-13.7791,-29.5188,-14.0894,-24.5198,16.0312,8.3806,31.9578,26.9890,3.9677,23.8291,0.920790,0.003157,0.000344,0.941438,-0.074822,0.658735,0.027025,1.403e-11
312,-0.023331,-0.016490,0.412993,0.965578,-0.024943,-0.258914,-0.022517,0.983640,-0.178735,0.259136,0.178412,0.949219,-14.5193,-19.2442,-15.4231,-35.8220,-16.3545,-28.6757,12.1354,17.1607,14.6432,36.2067,12.0387,28.1420,1.017725,0.002137,0.001265,0.930589,-0.609821,1.028555,0.001598,8.979e-12
313,0.001242,-0.034779,0.408226,0.999957,-0.009230,-0.001291,0.008125,0.931270,-0.364239,0.004564,0.364213,0.931304,-18.1915,-21.3024,-17.8323,-31.1883,-20.2553,-40.6682,17.3182,16.0956,33.6952,26.2005,33.8838,37.9831,1.198245,0.001218,0.003119,0.915602,-1.360227,0.521041,0.013148,1.487e-11
314,0.002420,-0.036298,0.424676,0.999806,-0.000199,0.019718,0.003515,0.985737,-0.168257,-0.019403,0.168294,0.985546,-11.2258,-13.7739,-7.8754,-17.2851,-14.3970,-22.5606,18.5074,13.4779,3.8769,13.9172,36.1351,16.4046,0.452802,-0.000084,0.004924,0.949856,-0.568929,-0.010587,0.004420,6.166e-10
315,-0.004438,-0.029204,0.407321,0.992517,-0.034268,-0.117204,-0.009457,0.935362,-0.353567,0.121744,0.352029,0.928038,-17.0447,-20.2022,-17.7155,-35.1822,-19.1381,-38.9242,1.5567,16.3231,29.7563,32.9702,28.1432,38.6707,1.405389,0.002180,0.002072,0.919056,-1.406468,1.424657,0.012603,1.573e-11
316,-0.025330,0.033714,0.424443,0.984611,0.005224,-0.174680,0.024309,0.985741,0.166502,0.173060,-0.168186,0.970445,-9.3318,-18.7915,-13.9732,-22.2783,-8.5302,-9.9866,21.4273,13.5477,27.7302,19.0883,5.9670,9.2041,0.633087,0.001634,-0.003942,0.952345,0.412550,0.174530,0.023617,4.086e-10
317,0.036907,0.019838,0.405582,0.917315,-0.054369,0.394432,-0.023387,0.981566,0.189688,-0.397474,-0.183228,0.899134,-20.4856,-41.9081,-17.5508,-18.4786,-17.5784,-32.0405,35.5749,39.8081,11.3139,13.2984,35.6953,27.0259,1.483432,-0.004324,-0.000070,0.916521,0.052666,-1.862903,0.022869,1.623e-11
318,-0.131709,-0.029027,0.387975,0.642348,-0.009022,-0.766360,-0.100333,0.990335,-0.095756,0.759817,0.138400,0.635235,-0.4749,1.4050,-10.6152,-41.5670,-16.8660,-6.0972,11.7620,1.2996,1.3949,35.6266,30.3514,2.9160,2.113746,0.010730,0.004020,0.958308,-0.329820,0.991565,-0.123169,9.434e-12
319,-0.010431,0.008914,0.407252,0.978905,0.015339,-0.203739,0.011877,0.991219,0.131693,0.203970,-0.131335,0.970128,-19.9791,-35.4775,-20.8004,-41.3054,-20.4757,-28.5884,15.4059,32.5413,30.6899,39.4292,28.9225,24.0603,0.996963,0.001095,-0.000478,0.908133,0.622821,1.403824,-0.001005,4.315e-12
320,-0.024112,-0.011079,0.408947,0.958494,-0.021493,-0.284302,-0.007228,0.995002,-0.099588,0.285022,0.097510,0.953548,-18.2003,-25.3247,-19.9350,-40.9208,-19.6882,-30.4703,22.8827,19.8220,39.3368,38.0487,20.5527,26.7887,1.041205,0.002495,-0.000295,0.913304,0.148794,1.341664,0.009312,1.369e-11
321,0.047907,-0.082329,0.397619,0.942418,0.124173,0.310530,0.086192,0.806972,-0.584267,-0.323139,0.577389,0.749802,-16.9522,-10.4101,-6.5838,-11.0906,-15.5560,-43.2854,33.1710,7.4587,8.9137,10.1409,17.8186,38.3308,1.946705,-0.006296,0.008572,0.941361,-1.568830,-1.130785,-0.041393,1.421e-12
322,-0.009281,0.002058,0.411533,0.995033,0.001667,-0.099527,-0.000284,0.999903,0.013904,0.099540,-0.013807,0.994938,-20.2670,-32.0872,-20.6113,-36.2144,-20.9024,-31.3683,35.1769,26.4232,30.2934,30.9346,38.5727,25.1182,0.327454,0.000727,0.000373,0.907473,-0.176926,0.345822,-0.001434,2.529e-11
323,-0.019408,-0.011235,0.422323,0.989178,-0.014093,-0.146041,-0.001692,0.994214,-0.107403,0.146709,0.106488,0.983431,-10.2947,-16.2553,-12.7170,-25.6749,-12.5624,-21.8269,3.3791,14.9029,22.5318,24.1434,6.4000,22.3014,0.565545,0.002880,-0.000148,0.946709,0.031078,0.646334,0.012955,7.282e-12
324,-0.055640,-0.032764,0.410866,0.904848,-0.056197,-0.422010,-0.055851,0.967014,-0.248525,0.422056,0.248447,0.871862,-8.3785,-7.9948,-12.0643,-34.5880,-15.8589,-21.4874,3.5232,7.7429,12.6080,32.4326,21.9498,20.2706,1.452301,0.006708,0.003949,0.945528,-0.846064,1.437339,-0.000012,6.150e-12
325,0.073790,0.047074,0.397310,0.818537,-0.125899,0.560488,-0.109492,0.923609,0.367367,-0.563923,-0.362072,0.742223,-17.7778,-41.9417,-12.7280,-3.8259,-7.9363,-21.2675,26.5439,39.7561,11.3756,3.2406,6.7122,19.2442,2.085442,-0.009081,-0.005147,0.942205,1.159975,-2.028840,0.016206,2.806e-12
326,0.035067,0.088845,0.399982,0.973067,-0.074239,0.218241,-0.065606,0.818389,0.570907,-0.220990,-0.569849,0.791477,-16.7536,-41.4051,-18.2390,-14.8036,-7.0357,-9.5331,34.6510,33.3752,35.3001,11.5665,11.2174,6.6772,1.712442,-0.004048,-0.009619,0.937049,1.501867,-0.628183,0.009363,5.577e-12
327,-0.002493,-0.079549,0.406253,0.999896,-0.012149,0.007732,0.014401,0.844848,-0.534812,-0.000034,0.534868,0.844935,-14.0486,-8.1119,-10.7936,-22.6884,-19.7499,-37.4396,22.9884,4.5656,29.9231,16.0301,39.0634,30.8805,1.449449,0.001131,0.007617,0.933216,-1.196199,0.170003,0.030931,8.732e-12
328,0.067446,-0.024928,0.419218,0.901858,0.060513,0.427774,0.029482,0.979214,-0.200677,-0.431026,0.193593,0.881328,-12.0445,-15.5667,-5.6233,-0.6868,-6.5803,-26.1452,5.6929,13.0814,20.3524,0.9182,0.7616,25.5104,1.166083,-0.004846,0.000717,0.963717,-0.070276,-0.447656,-0.040536,3.615e-10
329,-0.022685,0.038045,0.426369,0.996371,0.020249,-0.082671,-0.000038,0.971397,0.237460,0.085115,-0.236595,0.967873,-8.1892,-19.9706,-13.4220,-17.5869,-9.8901,-7.5227,16.7431,15.4517,26.7911,10.1744,34.5803,3.9321,0.618582,0.002029,-0.001810,0.952849,0.049690,0.052047,-0.026646,7.300e-11
330,0.042577,-0.012124,0.418150,0.934227,-0.014389,0.356389,0.033681,0.998280,-0.047985,-0.355085,0.056833,0.933105,-13.5389,-25.0408,-9.4851,-10.1498,-13.4281,-27.9795,1.8352,26.1835,2.4342,7.0895,38.4283,24.8861,1.080284,-0.002495,0.003910,0.945380,-0.783387,-0.513686,0.052340,9.645e-12
331,0.077379,-0.043228,0.411899,0.901061,0.059373,0.429609,0.053707,0.967684,-0.246381,-0.430354,0.245077,0.868754,-16.2957,-16.6716,-4.1577,-3.0937,-9.8898,-30.0155,32.0746,13.9144,1.7888,4.6489,14.5194,23.7481,1.264210,-0.007849,0.004220,0.954642,-0.448327,-0.829939,-0.006584,7.730e-10
332,0.056195,0.026986,0.418223,0.935124,-0.025278,0.353417,-0.032769,0.987007,0.157300,-0.352801,-0.158676,0.922146,-15.6916,-28.1582,-12.1488,-7.6256,-8.7870,-19.7116,25.7849,21.7488,28.4900,4.1426,23.3146,15.1798,0.940925,-0.004209,-0.002334,0.945179,0.231706,-0.420260,-0.009519,3.518e-10
333,0.055110,-0.033054,0.403260,0.883607,0.058845,0.464518,0.077032,0.960284,-0.268179,-0.461850,0.272747,0.843981,-20.1585,-27.5838,-14.3723,-13.0896,-18.0791,-42.5053,28.8293,22.6972,29.1973,6.6617,38.7050,37.1827,1.597264,-0.004909,0.003937,0.921091,-1.016104,-1.277091,0.018489,3.406e-12
334,-0.105483,0.014938,0.401589,0.735727,-0.014460,-0.677124,0.050948,0.998121,0.034043,0.675359,-0.059545,0.735081,-4.9458,-7.1319,-15.4439,-39.0685,-11.6798,-4.1126,32.3553,2.0674,25.0014,34.6155,3.4497,3.0293,1.765017,0.006864,-0.002456,0.952047,0.213341,0.637338,0.088836,6.104e-10
335,-0.037316,0.009089,0.430329,0.983911,0.006091,-0.178553,0.003383,0.998604,0.052708,0.178625,-0.052464,0.982518,-6.9187,-11.0829,-11.4096,-17.7938,-10.5387,-8.3361,27.3202,5.5323,30.1208,9.5259,31.9335,3.1086,0.422303,0.001467,-0.000274,0.956785,-0.026932,-0.145854,-0.003671,2.507e-11
336,-0.031685,-0.029027,0.408033,0.947025,-0.049568,-0.317312,-0.045919,0.956969,-0.286535,0.317861,0.285926,0.903997,-16.8580,-17.2807,-17.3826,-39.7351,-18.1039,-32.6360,34.2677,11.6372,27.4983,39.0325,3.8158,30.5400,1.180101,0.001342,0.000952,0.921580,-0.441963,0.623261,0.002582,6.045e-12
337,0.078033,-0.002420,0.421751,0.935866,-0.027130,0.351311,0.011695,0.998874,0.045984,-0.352163,-0.038926,0.935129,-15.2594,-19.4456,-4.2584,-2.1387,-6.4515,-17.2366,35.9833,14.8810,0.5874,3.9004,20.9264,9.1935,0.872305,-0.005611,0.001005,0.961216,-0.002648,-0.082365,0.051326,1.517e-10
338,0.036719,0.042251,0.422882,0.982852,-0.025507,0.182622,-0.017570,0.972925,0.230452,-0.183556,-0.229709,0.955793,-13.5366,-25.0703,-11.5598,-10.6354,-5.9135,-12.9422,29.9110,18.5231,20.5745,9.7221,8.0447,10.1485,0.712287,-0.003679,-0.003766,0.953605,0.320074,-0.310330,0.009821,2.222e-10
339,-0.005663,-0.003134,0.420523,0.999311,0.000080,-0.037124,-0.000593,0.999904,-0.013820,0.037120,0.013832,0.999215,-15.5003,-23.6273,-15.8118,-25.6575,-16.6216,-24.3461,30.2116,18.2933,30.0470,19.4677,36.5655,18.1757,0.129862,0.000759,0.000742,0.928217,-0.137826,0.140925,-0.000744,5.698e-10
340,0.008316,0.008881,0.411903,0.991257,-0.009372,0.131610,-0.008799,0.990558,0.136811,-0.131650,-0.136773,0.981815,-18.7248,-36.8798,-18.2814,-27.3442,-17.0870,-29.7297,30.7986,34.8886,24.0249,24.6845,7.5340,27.1938,0.812865,-0.001668,-0.001660,0.918873,1.027553,-1.031871,0.000240,2.157e-11
341,0.076675,-0.115937,0.387636,0.892404,0.144402,0.427509,0.167571,0.773611,-0.611102,-0.418970,0.616988,0.666176,-16.5164,-5.7901,-1.0958,-2.4158,-16.1693,-41.8707,27.9054,4.0830,15.7292,0.1733,33.7972,31.2149,1.934681,-0.005496,0.008956,0.949653,-0.563117,-0.357421,0.032021,2.014e-10
342,-0.057547,0.008051,0.419286,0.908714,-0.013931,-0.417186,0.019089,0.999784,0.008195,0.416982,-0.015410,0.908784,-8.6690,-11.4776,-13.5332,-30.4763,-11.0231,-10.7418,33.4696,6.1963,22.6505,27.6981,3.9111,8.4882,1.043457,0.003072,-0.001815,0.950256,0.194616,0.334897,0.041892,4.312e-10
343,0.035932,0.054209,0.413478,0.959778,-0.051641,0.275969,-0.064797,0.915660,0.396697,-0.273180,-0.398624,0.875484,-12.5950,-34.5233,-12.7993,-10.8693,-6.6995,-12.9241,7.3768,33.3478,14.6873,10.4076,4.1640,13.3259,1.363266,-0.003315,-0.006076,0.951880,1.169241,-0.642275,-0.014974,1.413e-11
344,0.048413,0.023598,0.414840,0.922985,-0.034869,0.383253,-0.038503,0.982523,0.182118,-0.382905,-0.182848,0.905511,-15.6680,-33.0032,-13.7634,-10.3029,-11.9337,-23.1981,12.1214,29.8416,25.9989,5.3414,32.6845,19.5390,1.081714,-0.002999,-0.001681,0.938046,0.299769,-0.535251,-0.004398,7.747e-13
345,-0.007922,0.016004,0.412087,0.999084,0.000792,-0.042794,0.005801,0.988101,0.153700,0.042406,-0.153807,0.987190,-18.3902,-35.5219,-18.0461,-33.4279,-18.0487,-27.4985,30.9423,34.6594,1.5218,32.3953,22.0941,24.2897,0.522709,-0.000571,-0.000002,0.918392,0.006342,-0.504478,0.002365,1.424e-11
346,0.064089,0.022675,0.424227,0.936904,-0.015671,0.349235,-0.024107,0.993721,0.109261,-0.348754,-0.110786,0.930643,-11.8983,-20.5307,-6.8014,-1.5217,-3.5881,-14.6623,15.4902,16.2188,13.2820,2.3965,5.6961,12.7887,0.851627,-0.004351,-0.001794,0.966678,0.073427,-0.182272,-0.011364,4.279e-11
347,0.015984,-0.001921,0.412939,0.989277,0.000396,0.146050,0.003894,0.999569,-0.029088,-0.145998,0.029345,0.988850,-18.4810,-32.8863,-18.4821,-27.0565,-18.8542,-34.4150,10.6565,30.1378,29.6368,22.1235,34.9400,31.6322,0.437491,0.000287,0.000499,0.916407,-0.263148,0.150125,0.002418,1.497e-11
348,0.028360,0.001744,0.409914,0.945989,-0.004153,0.324172,-0.001039,0.999874,0.015839,-0.324197,-0.015320,0.945865,-19.3285,-35.6023,-16.9241,-20.3391,-16.9777,-34.7915,32.6813,33.1443,16.6253,16.4627,19.7382,32.0275,1.159363,-0.003618,0.000061,0.920126,-0.026003,-1.687465,0.002168,5.127e-12
349,-0.026274,0.000217,0.414716,0.968184,0.004829,-0.250193,-0.006095,0.999972,-0.004287,0.250166,0.005676,0.968186,-16.3154,-24.1833,-16.1170,-35.7045,-17.0297,-24.4724,37.5612,20.9363,5.0635,34.8982,20.8243,20.1306,0.701042,0.000381,0.001137,0.925918,-0.425057,0.144229,-0.009262,2.011e-11
350,0.004826,-0.002326,0.407774,0.999776,-0.004653,-0.020657,0.000582,0.981231,-0.192835,0.021166,0.192780,0.981014,-19.2674,-29.4853,-19.2446,-35.4931,-19.5596,-39.5608,5.4108,27.0514,7.1136,34.4359,38.6801,39.6619,1.072440,0.000187,0.000414,0.912800,-1.900123,0.755507,-0.000205,1.704e-11
351,0.086397,-0.077595,0.400069,0.882305,0.143505,0.448269,0.093149,0.880314,-0.465157,-0.461370,0.452166,0.763338,-18.1149,-11.4567,-3.8641,-1.9588,-12.0962,-37.2397,37.4541,5.9717,22.1775,1.4776,17.4340,28.6421,1.635760,-0.007080,0.005136,0.949127,-0.366542,-0.476681,-0.066006,3.501e-10
352,0.025200,0.056370,0.410494,0.978095,-0.051893,0.201588,-0.047294,0.887703,0.457981,-0.202716,-0.457483,0.865803,-14.6112,-38.3460,-14.9285,-16.3522,-10.3829,-13.4455,16.1513,36.8905,12.4708,13.9427,22.7724,10.5980,1.394462,-0.002347,-0.004746,0.940158,1.057826,-0.522229,0.004683,7.875e-12
353,-0.001991,0.009205,0.416535,0.999909,-0.000287,-0.013468,0.001723,0.994283,0.106766,0.013361,-0.106779,0.994193,-15.8028,-30.6945,-16.0045,-28.5174,-15.1951,-25.1356,18.1691,29.8185,14.1144,27.7909,9.8182,23.6820,0.380707,-0.000314,-0.001090,0.929596,0.520717,-0.149239,0.001458,8.997e-12
354,-0.022030,-0.035727,0.407038,0.971235,-0.048861,-0.233055,-0.040144,0.931116,-0.362508,0.234713,0.361437,0.902371,-17.1992,-17.1149,-17.6607,-37.7386,-18.9390,-36.5350,25.9782,11.3324,33.0325,35.7251,11.8105,34.7666,1.280903,0.001662,0.001696,0.919363,-0.805256,0.786732,0.006366,1.661e-11
355,-0.024407,-0.045567,0.417178,0.978628,-0.019564,-0.204704,-0.047195,0.947525,-0.316180,0.200148,0.319084,0.926351,-11.6075,-9.1047,-9.7991,-26.8684,-15.3831,-26.0760,25.8854,7.4004,5.4532,25.4717,19.2559,22.1116,1.046975,0.001126,0.005256,0.944882,-0.944960,0.208573,-0.031333,1.535e-11
356,0.064365,0.037828,0.407999,0.862889,-0.086005,0.498022,-0.078362,0.950729,0.299957,-0.499282,-0.297856,0.813633,-15.5421,-37.4666,-12.8749,-5.2320,-10.6862,-20.9244,4.9325,35.7572,18.9481,0.3975,39.8689,17.2196,1.508920,-0.003928,-0.001989,0.941432,0.338801,-0.668200,0.008917,5.962e-12
357,-0.056362,0.041364,0.429854,0.966825,0.008689,-0.255290,0.028064,0.989758,0.139970,0.253891,-0.142491,0.956679,-2.0390,-7.7043,-11.4442,-15.5984,-4.9034,-0.2427,15.9928,1.9735,29.7668,8.4720,11.9064,0.7838,0.693557,0.001432,-0.001301,0.972505,-0.352829,-0.378573,0.027616,1.266e-10
358,0.024887,0.001274,0.424136,0.978182,-0.009303,0.207540,0.002202,0.999405,0.034419,-0.207736,-0.033211,0.977621,-11.4553,-23.2255,-9.6634,-12.9330,-10.9144,-21.4754,1.4160,24.0678,4.4167,11.4688,22.2153,20.1904,0.567399,-0.001323,0.001218,0.952026,-0.226567,-0.247210,0.012935,1.760e-11
359,-0.024783,0.067938,0.422098,0.982742,0.005535,-0.184901,0.050960,0.952775,0.299371,0.177826,-0.303626,0.936050,-8.5999,-19.0106,-14.8295,-19.2785,-4.5881,-2.9424,30.7065,10.2543,31.2433,15.7835,2.8176,2.7261,0.887951,0.000712,-0.005117,0.958127,0.103411,0.026569,0.060099,1.757e-10
360,0.052819,0.032042,0.401571,0.872135,-0.062675,0.485234,-0.092078,0.953014,0.288591,-0.480522,-0.296370,0.825387,-18.6470,-42.5474,-16.4888,-11.3905,-11.7976,-26.2272,28.5090,39.5849,31.4405,8.1887,1.3950,24.5645,1.928552,-0.006328,-0.005508,0.929353,1.712887,-2.006163,-0.024233,6.998e-12
361,-0.023212,0.016005,0.410624,0.962657,0.023250,-0.269725,0.036147,0.976346,0.213171,0.268302,-0.214960,0.939046,-15.0902,-30.3756,-17.7132,-36.9939,-15.4447,-18.9725,11.4681,28.8767,29.4447,36.9690,4.0480,17.0759,1.291700,0.002386,-0.003067,0.927528,1.546668,1.222024,0.008298,1.215e-11
362,-0.016735,0.011578,0.433896,0.992620,0.002734,-0.121234,0.005208,0.997862,0.065142,0.121153,-0.065293,0.990484,-7.0206,-10.2791,-8.3851,-14.0487,-7.2158,-6.8775,26.6194,5.6502,16.4264,10.2686,18.0709,2.7662,0.316607,0.000299,-0.000388,0.966125,-0.033394,-0.025711,0.003436,1.055e-11
363,-0.006045,0.051223,0.427140,0.998184,0.000693,-0.060227,0.015139,0.964944,0.262018,0.058298,-0.262454,0.963182,-8.1358,-19.0999,-11.4464,-14.8832,-4.5353,-5.2967,18.3475,14.2352,17.5866,13.4390,3.2360,5.3304,0.640031,-0.000081,-0.004060,0.963920,0.213393,-0.001787,0.018952,7.772e-11
364,-0.050363,0.017026,0.430923,0.974608,0.020410,-0.222988,0.005034,0.993589,0.112943,0.223863,-0.111197,0.968256,-2.3532,-9.1084,-9.0066,-16.3417,-7.7726,-3.2329,6.2886,8.1476,14.0438,10.4912,21.4746,2.1507,0.593253,0.002606,-0.000474,0.971383,-0.023281,-0.143313,-0.021209,4.132e-11
365,0.068497,0.007510,0.417446,0.909337,-0.028799,0.415063,-0.005424,0.996696,0.081037,-0.416025,-0.075941,0.906177,-16.5492,-26.2667,-10.1377,-4.8685,-10.5791,-22.1138,27.9844,20.2192,25.4946,0.2881,39.3886,14.2841,1.010318,-0.004193,0.000234,0.944233,-0.011337,-0.258637,0.030312,1.203e-10
366,-0.003477,-0.015524,0.413366,0.999207,-0.003685,-0.039635,-0.004275,0.980015,-0.198879,0.039576,0.198890,0.979222,-15.9761,-24.3818,-15.8060,-31.3783,-16.2396,-34.7887,9.4806,23.6625,9.6517,32.3613,4.8722,36.5477,0.658879,0.000081,0.000644,0.928058,-0.694433,0.087755,-0.000248,5.134e-12
367,-0.002774,0.013646,0.405565,0.999915,0.000431,-0.013011,0.000456,0.997681,0.068057,0.013010,-0.068058,0.997597,-22.3221,-40.8878,-22.4526,-39.7042,-22.2627,-37.3486,26.5784,38.8616,8.7219,37.4089,34.9982,34.5340,0.343201,0.000082,-0.000377,0.899590,-0.586554,-0.126696,-0.000014,1.574e-11
368,0.016837,-0.026006,0.421311,0.996945,0.013475,0.076935,-0.000359,0.985787,-0.168002,-0.078105,0.167461,0.982780,-15.4604,-18.2088,-10.1343,-19.0657,-13.8601,-26.9689,38.5014,14.7599,5.3463,17.9348,20.3413,21.2645,0.590433,-0.003638,0.003426,0.940900,-0.596719,-0.628388,-0.015128,2.161e-11
369,-0.060349,0.052338,0.406005,0.888242,0.088430,-0.450785,0.100899,0.919778,0.379246,0.448159,-0.382346,0.808063,-7.8701,-23.6446,-16.1741,-34.6267,-10.1755,-2.4313,9.9328,22.0307,17.7275,33.2379,7.0624,2.3789,1.702637,0.006148,-0.005958,0.948662,1.158171,1.201809,0.014544,2.768e-12
370,0.075936,-0.122095,0.381338,0.876351,0.188854,0.443105,0.201747,0.691433,-0.693699,-0.437386,0.697319,0.567838,-13.4639,-1.1325,1.8269,0.8180,-13.2923,-43.6362,11.1358,2.7806,1.8172,0.4837,14.5639,38.1416,2.299623,-0.006540,0.010962,0.962849,-1.082453,-0.653181,0.018550,8.110e-10
371,0.021209,-0.049383,0.414413,0.985475,0.023417,0.168197,0.038661,0.933501,-0.356484,-0.165360,0.357808,0.919037,-14.2631,-15.2594,-9.4721,-17.1355,-15.8872,-34.3577,17.1342,14.1150,7.7135,14.4405,30.2128,30.5006,1.156482,-0.001873,0.006418,0.940597,-1.314668,-0.389067,0.016256,1.836e-11
372,0.074687,-0.004382,0.410683,0.831624,0.001807,0.555336,0.013595,0.999629,-0.023611,-0.555172,0.027186,0.831291,-14.0289,-26.4836,-7.3001,-0.7216,-8.2236,-27.9431,4.7072,26.9336,3.6780,1.1563,9.5328,27.6259,1.544966,-0.007128,0.000877,0.955692,-0.158455,-1.312684,0.013706,5.036e-12
373,-0.061787,0.026470,0.409740,0.893763,0.034829,-0.447186,0.049436,0.983258,0.175384,0.445807,-0.178859,0.877078,-11.9775,-21.3240,-18.6643,-37.4378,-15.3866,-11.6699,34.6712,14.9819,33.4557,31.3936,26.4907,6.7450,1.276196,0.005108,-0.002839,0.931058,0.472609,0.856110,0.017211,1.485e-11
374,0.009823,-0.001896,0.413020,0.995484,0.001476,0.094916,0.006462,0.996506,-0.083270,-0.094708,0.083507,0.991996,-17.0458,-30.6234,-16.7919,-28.5289,-17.3122,-34.9735,4.6265,30.5503,7.1638,27.4999,23.9276,35.4986,0.547196,0.000002,0.000768,0.923357,-0.883054,-0.006330,0.001818,1.432e-12
375,0.062763,0.005746,0.401111,0.825994,-0.003804,0.563666,-0.027138,0.998549,0.046506,-0.563025,-0.053711,0.824692,-20.0980,-37.4725,-14.8751,-9.0803,-13.2030,-34.5498,38.0717,33.6852,23.3654,5.9187,6.6339,32.0698,1.913099,-0.008282,-0.001862,0.927507,0.551832,-2.539906,-0.019552,7.925e-12
376,-0.025800,0.050507,0.406223,0.966945,0.064603,-0.246665,0.064890,0.873176,0.483067,0.246589,-0.483105,0.840121,-13.0023,-34.7449,-16.3025,-33.2053,-12.7695,-8.2115,14.3113,35.1985,6.8432,33.5105,14.2879,5.4918,1.679469,0.002225,-0.004434,0.936833,1.544301,0.775338,0.000603,9.051e-12
377,0.043682,-0.070284,0.413451,0.950157,0.054612,0.306950,0.087443,0.898341,-0.430507,-0.299257,0.435890,0.848790,-10.8472,-8.4506,-3.3309,-6.0664,-11.9216,-32.2485,2.2671,9.9361,4.6201,5.4684,17.4023,29.5803,1.375196,-0.003046,0.006836,0.960945,-0.831259,-0.379403,0.041558,6.546e-12
378,-0.004640,0.073406,0.403353,0.999483,0.031148,-0.008014,-0.020845,0.817096,0.576124,0.024493,-0.575659,0.817323,-12.2827,-39.1329,-18.7571,-24.2345,-10.4513,-7.2475,2.1311,36.9104,36.8738,20.0322,16.3152,6.4536,1.814203,0.002654,-0.008945,0.937659,2.098207,0.592105,-0.051022,4.346e-12
379,-0.082772,0.037499,0.409318,0.837187,0.034329,-0.545838,0.084926,0.977763,0.191750,0.540282,-0.206886,0.815655,-5.4138,-13.5212,-15.2182,-33.9032,-9.4135,-2.2664,21.7107,9.5475,21.4963,30.7082,2.6905,2.5077,1.498902,0.006013,-0.004240,0.955055,0.454833,0.665745,0.065509,8.562e-10
380,-0.018408,0.015167,0.406952,0.963693,0.030766,-0.265234,0.034516,0.970651,0.238001,0.264772,-0.238515,0.934348,-17.4371,-34.3000,-19.3914,-40.1412,-17.9024,-21.6243,11.6948,32.4942,33.7312,39.4392,13.7670,18.0427,1.420685,0.002009,-0.002115,0.917761,1.593731,1.524913,0.001786,7.911e-12
381,-0.053218,-0.049505,0.405729,0.897894,-0.103769,-0.427807,-0.089211,0.908761,-0.407670,0.431078,0.404209,0.806714,-9.2220,-3.6823,-11.6746,-35.6610,-15.6661,-26.1860,10.1987,2.0551,15.9537,35.0343,7.7498,25.9647,1.737679,0.005553,0.004372,0.945126,-1.028139,1.298572,0.014848,2.951e-12
382,-0.078771,-0.021783,0.409226,0.813183,-0.053743,-0.579521,-0.050869,0.985354,-0.162758,0.579780,0.161832,0.798539,-7.0118,-4.0694,-11.3904,-36.5812,-12.9212,-13.1056,29.5909,1.5935,9.3280,35.9507,0.1177,11.2868,1.553724,0.005065,0.001309,0.953094,-0.188686,0.729058,0.003273,4.994e-12
383,-0.008124,-0.032984,0.409819,0.998903,0.007126,-0.046272,-0.024052,0.926061,-0.376606,0.040167,0.377305,0.925217,-16.8931,-18.2100,-14.7041,-30.1086,-16.9211,-38.2977,35.1420,14.8367,3.5693,30.1714,7.2669,37.9225,1.348025,-0.001608,0.003075,0.927164,-1.587647,-0.795733,-0.020100,6.500e-12
384,-0.093662,-0.033904,0.416445,0.896038,-0.045081,-0.441682,-0.035315,0.984443,-0.172121,0.442570,0.169825,0.880506,0.0955,0.2019,-8.8900,-25.1521,-13.1382,-9.0368,1.0497,1.3777,19.0227,17.0367,23.4041,7.8252,1.109119,0.005954,0.001991,0.967296,-0.003175,-0.000536,0.013112,3.416e-11
385,-0.015592,-0.013310,0.408781,0.985568,-0.012318,-0.168829,-0.026144,0.974306,-0.223707,0.167247,0.224892,0.959923,-18.7584,-24.2300,-18.2078,-37.7680,-19.7463,-36.0733,29.5261,20.1673,7.0254,36.3810,30.7972,33.4802,1.103699,0.000403,0.002173,0.914910,-1.643830,0.327097,-0.006680,4.226e-12
386,-0.071461,0.034244,0.410661,0.877294,0.072589,-0.474432,0.053815,0.967386,0.247523,0.476926,-0.242682,0.844776,-7.0554,-18.0195,-15.1326,-33.9531,-12.3191,-4.6486,16.8900,15.9975,14.3634,29.7801,23.2607,2.3602,1.398126,0.006362,-0.002366,0.948335,0.333066,0.884249,-0.022603,1.098e-11
387,-0.140216,-0.028650,0.391579,0.707120,-0.032596,-0.706342,-0.068102,0.991153,-0.113917,0.703807,0.128656,0.698644,2.2242,2.0548,-11.4326,-36.8735,-16.3126,-5.1110,1.8276,0.6906,16.1616,27.0304,31.6487,3.6433,1.810595,0.010118,0.002539,0.962074,-0.078604,0.383005,-0.048718,2.222e-10
388,-0.038643,-0.044638,0.403968,0.928854,-0.071122,-0.363554,-0.094747,0.903143,-0.418755,0.358124,0.423408,0.832150,-13.3324,-8.7265,-13.2860,-37.4781,-17.9608,-32.0224,20.0182,6.0120,6.2875,37.1693,22.3936,30.0628,1.810038,0.003329,0.005681,0.932990,-1.871976,1.114723,-0.020900,8.989e-12
389,0.032204,-0.022145,0.421668,0.967091,0.027383,0.252954,0.021417,0.981902,-0.188173,-0.253529,0.187397,0.949002,-13.3296,-18.2732,-11.4647,-11.6296,-12.1088,-28.1887,11.8219,13.7168,38.3052,6.7111,18.3133,25.6946,0.747614,-0.001402,0.000508,0.944738,-0.065500,-0.181018,-0.007137,2.789e-10
390,-0.024589,-0.057298,0.414492,0.983080,-0.044593,-0.177667,-0.037613,0.900108,-0.434041,0.179275,0.433379,0.883201,-11.5157,-5.8254,-11.3291,-25.9292,-15.3736,-29.2726,25.5121,1.2003,32.3945,22.1857,9.3671,26.2636,1.176486,0.001782,0.003414,0.942767,-0.507292,0.264236,0.008283,1.564e-11
391,-0.048593,-0.037653,0.414107,0.949985,-0.054184,-0.307560,-0.033104,0.961813,-0.271697,0.310537,0.268290,0.911914,-11.1157,-9.9572,-14.6743,-31.5309,-17.8587,-24.3691,25.1730,4.8928,38.5078,24.0524,30.0364,19.3974,1.060309,0.004747,0.002581,0.934644,-0.365089,0.663332,0.024752,9.127e-13
392,0.014922,-0.019895,0.419546,0.996124,0.019874,0.085686,-0.002953,0.981147,-0.193242,-0.087911,0.192240,0.977402,-16.6743,-19.9947,-14.2832,-21.0641,-13.8560,-30.0716,38.6899,12.8973,36.1884,17.9201,5.7735,26.4683,0.686570,-0.002872,-0.000379,0.932880,0.069827,-0.560748,-0.024824,1.426e-12
393,-0.065402,-0.055770,0.408633,0.900945,-0.063998,-0.429187,-0.092241,0.938215,-0.333532,0.424016,0.340083,0.839377,-5.9502,-2.1153,-8.6423,-31.6496,-16.7911,-20.7138,4.5334,4.2086,2.1686,28.3568,30.5768,17.7075,1.510045,0.006906,0.007056,0.952994,-1.049164,1.042782,-0.032952,8.574e-13
394,0.049989,0.116275,0.391607,0.943972,-0.127141,0.304553,-0.131099,0.702422,0.699583,-0.302870,-0.700313,0.646399,-12.0750,-41.1952,-13.8868,-4.9792,-0.7355,0.1886,10.4928,36.8567,11.9429,4.7320,11.0476,0.3983,2.062837,-0.004066,-0.009683,0.960133,1.002460,-0.422651,-0.006151,8.290e-10
395,-0.029024,0.027989,0.419603,0.974119,0.019302,-0.225211,0.027733,0.978613,0.203830,0.224329,-0.204800,0.952750,-10.0926,-22.7659,-14.4268,-27.6281,-10.7844,-11.9622,10.7669,20.9171,19.3503,26.3050,6.1398,11.6649,0.869819,0.002970,-0.003701,0.947097,0.760164,0.612467,0.009249,1.512e-11
396,-0.060574,-0.006414,0.410246,0.901652,-0.010496,-0.432335,-0.010359,0.998894,-0.045855,0.432338,0.045824,0.900547,-12.0152,-16.7761,-17.6663,-38.1348,-18.3975,-19.2398,24.8206,11.7222,35.1604,31.0697,36.4516,13.9604,1.210904,0.006443,0.000678,0.927960,-0.128187,1.217257,0.000081,1.763e-11
397,-0.003586,-0.008203,0.420901,0.999939,-0.002518,0.010779,0.003132,0.998348,-0.057363,-0.010617,0.057393,0.998295,-13.8103,-22.6553,-15.4038,-23.6679,-16.4811,-25.6396,12.2532,18.9524,34.3007,16.8100,38.1207,21.4163,0.353162,0.002328,0.001026,0.931563,-0.199604,0.450614,0.006111,1.064e-11
398,-0.044657,-0.030835,0.408876,0.913866,-0.056253,-0.402101,-0.062145,0.959306,-0.275444,0.401233,0.276707,0.873181,-14.5619,-12.4084,-15.3789,-38.7780,-17.0769,-27.4187,39.1035,6.9175,21.4381,37.7290,6.8162,24.1121,1.316286,0.002195,0.001927,0.929555,-0.548638,0.625120,-0.006344,2.019e-11
399,-0.033377,0.012985,0.415280,0.955424,0.033396,-0.293342,0.007236,0.990635,0.136346,0.295148,-0.132390,0.946235,-14.7762,-24.7440,-15.5685,-34.7359,-16.9878,-17.7061,35.6864,21.9530,2.1260,32.0041,38.3917,11.0274,0.919210,0.001885,0.001505,0.929101,-0.376439,0.478374,-0.026491,3.067e-12
400,-0.038676,-0.045730,0.423515,0.972209,-0.016151,-0.233559,-0.037383,0.974108,-0.222970,0.231113,0.225505,0.946433,-6.4086,-5.1361,-6.6390,-21.7106,-13.6071,-17.0303,12.9919,6.3369,2.8038,18.4508,25.5921,12.7014,0.795085,0.002868,0.004591,0.960131,-0.364764,0.233249,-0.027198,2.289e-10
401,-0.029258,-0.004589,0.418006,0.967896,-0.000236,-0.251352,-0.007684,0.999504,-0.030529,0.251235,0.031480,0.967414,-13.8076,-19.8062,-14.8394,-32.0599,-15.8140,-21.4519,29.9845,16.2363,15.2052,29.4755,22.8183,17.1034,0.674990,0.001843,0.001017,0.933408,-0.237592,0.431573,-0.007805,2.099e-11
402,-0.020602,0.011629,0.418133,0.987003,0.008703,-0.160467,0.006532,0.995535,0.094171,0.160570,-0.093995,0.982539,-14.0882,-25.2954,-16.9241,-30.1056,-15.7430,-20.3812,19.9891,21.3104,29.5595,25.3872,27.7873,16.4871,0.553862,0.002707,-0.001236,0.929962,0.291992,0.638498,-0.002171,1.496e-11
403,-0.013448,-0.004254,0.412697,0.989934,-0.001507,-0.141518,-0.007036,0.998183,-0.059846,0.141352,0.060239,0.988125,-18.5320,-27.7137,-18.6296,-35.6697,-19.6852,-30.8552,30.1570,23.3030,19.9739,32.0923,34.6854,25.9980,0.543470,0.000941,0.001362,0.914838,-0.625404,0.434590,-0.004127,2.370e-11
404,0.017871,0.011497,0.425595,0.992612,-0.005175,0.121218,-0.004589,0.996774,0.080132,-0.121242,-0.080096,0.989386,-12.0259,-22.3973,-10.8884,-14.8337,-9.6965,-18.2201,15.6069,20.1126,13.6855,13.3498,13.2942,16.2555,0.370497,-0.001733,-0.001032,0.951164,0.154569,-0.259400,0.000664,6.187e-10
405,-0.101450,0.018628,0.396365,0.710343,0.046796,-0.702298,0.055629,0.990934,0.122295,0.701654,-0.125940,0.701300,-5.8703,-11.4800,-15.6542,-43.0171,-13.4881,-4.2412,21.3976,9.1027,15.4111,39.9912,13.3844,2.5521,1.994277,0.008907,-0.001891,0.947547,0.295937,1.406784,0.011427,2.763e-12
406,0.031782,-0.090235,0.404346,0.972315,0.053874,0.227381,0.084358,0.826515,-0.556558,-0.217918,0.560331,0.799088,-14.2330,-7.4702,-7.0709,-12.4221,-17.3088,-38.6584,20.4776,4.6389,28.5693,7.0621,32.9611,31.6998,1.550295,-0.001788,0.007448,0.942235,-0.830869,-0.207348,0.039079,8.209e-10
407,-0.027887,-0.010710,0.435509,0.984996,0.000743,-0.172576,-0.006336,0.999472,-0.031860,0.172461,0.032476,0.984481,-4.9298,-4.5617,-5.9447,-13.2091,-7.7578,-6.2484,25.3528,1.4568,13.1625,8.9757,19.1557,1.2936,0.417166,0.000468,0.000381,0.972101,0.094291,-0.115181,-0.010030,3.665e-11
408,0.037945,-0.064700,0.403798,0.955729,0.098705,0.277200,0.060745,0.855582,-0.514091,-0.287911,0.508170,0.811709,-16.4060,-13.2364,-8.3908,-13.6166,-14.8141,-41.4931,30.9034,10.6008,6.0436,13.1480,11.7392,38.8016,1.797310,-0.005777,0.006923,0.940503,-1.589920,-1.302293,-0.037830,6.334e-12
409,-0.042596,0.042519,0.405802,0.922216,0.086281,-0.376926,0.069724,0.921703,0.381578,0.380337,-0.378178,0.843993,-11.0603,-29.0090,-17.2883,-36.6722,-13.3818,-8.2461,2.9999,28.3196,22.4808,35.2194,17.2396,6.5467,1.742232,0.005810,-0.004684,0.937262,1.389293,1.707433,-0.014286,7.337e-12
410,-0.004670,0.040511,0.416476,0.999339,0.007916,-0.035473,0.004239,0.943949,0.330064,0.036097,-0.329997,0.943292,-12.6066,-31.1568,-15.7102,-24.0688,-10.8867,-13.6775,10.8885,29.3116,24.1258,22.3765,6.8793,12.9611,1.023054,0.000872,-0.005325,0.941210,1.320711,0.215106,-0.003593,2.280e-12
411,0.037433,-0.015214,0.415073,0.941230,0.017268,0.337324,0.028357,0.991127,-0.129860,-0.336573,0.131794,0.932389,-15.4383,-26.4668,-13.6878,-14.4613,-14.9969,-33.4585,3.1487,24.4917,28.9942,9.5528,28.2701,31.8327,0.942333,-0.001403,0.001439,0.933912,-0.373783,-0.364618,0.011457,1.022e-11
412,-0.008401,-0.021808,0.410756,0.996656,-0.008090,-0.081309,-0.010082,0.975308,-0.220621,0.081086,0.220703,0.971965,-19.6833,-25.2910,-19.4049,-34.7630,-20.1030,-36.8670,36.4522,18.7934,35.7378,30.4886,21.2796,32.8472,0.639421,0.000107,0.000903,0.911349,-0.426491,0.050467,-0.001530,1.690e-11
413,0.014656,-0.063142,0.419480,0.999200,0.024150,0.031862,-0.011285,0.934911,-0.354703,-0.038354,0.354060,0.934436,-12.9288,-8.1790,-5.3296,-15.9179,-13.8091,-27.0122,34.2009,6.4039,1.3434,15.2650,21.6769,19.7806,0.929330,-0.002709,0.006105,0.952029,-0.626524,-0.267511,-0.043315,5.849e-10
414,0.072937,0.018573,0.407865,0.819133,-0.037426,0.572382,-0.050323,0.989333,0.136705,-0.571392,-0.140783,0.808511,-14.5841,-33.1732,-10.5498,-1.7831,-8.5045,-25.3923,0.4413,32.7467,16.3936,0.0570,13.8924,25.3388,1.632846,-0.005918,-0.002039,0.949570,0.405653,-1.184871,-0.015081,8.323e-12
415,-0.048021,0.019219,0.410209,0.918168,0.014124,-0.395939,0.043083,0.989879,0.135219,0.393841,-0.141212,0.908267,-14.4522,-24.0843,-19.5239,-38.6276,-16.1954,-16.5668,34.4658,17.4118,39.1882,33.9474,18.5521,12.0004,1.224149,0.004104,-0.003385,0.924800,0.791054,0.971702,0.029982,1.554e-11
416,-0.034311,0.056932,0.399075,0.944306,0.105281,-0.311773,0.078094,0.848675,0.523117,0.319668,-0.518330,0.793187,-14.1341,-36.9158,-19.7437,-37.8439,-15.3343,-7.9286,14.2694,34.9879,25.7401,34.6363,29.7456,3.2462,1.974523,0.004615,-0.005346,0.926032,1.733826,1.475264,-0.023494,5.482e-12
417,0.023362,-0.024017,0.419512,0.989788,0.010139,0.142183,0.010638,0.989432,-0.144610,-0.142147,0.144646,0.979220,-16.8799,-21.2865,-11.8597,-18.6289,-15.6462,-28.8546,38.4714,16.6775,15.6627,14.8377,33.2350,21.5633,0.576036,-0.003179,0.003332,0.933522,-0.558685,-0.533134,0.000647,2.061e-11
418,-0.002129,-0.041311,0.414911,0.999731,-0.016096,-0.016669,0.008471,0.923434,-0.383664,0.021569,0.383420,0.923322,-12.7546,-13.8382,-13.4953,-25.0278,-14.6231,-34.2843,0.8858,11.0882,35.9513,23.1290,0.7017,36.0432,1.066817,0.001787,0.001376,0.938766,-0.423870,0.545421,0.023417,1.323e-11
419,0.065301,-0.022729,0.410220,0.877743,0.045185,0.476997,0.041272,0.984713,-0.169226,-0.477352,0.168223,0.862459,-16.7320,-24.2841,-9.5481,-6.3530,-11.8041,-33.4611,21.9258,21.4944,15.4883,4.6974,15.8465,30.4348,1.415637,-0.006746,0.002187,0.942915,-0.414246,-1.274492,-0.004190,7.756e-12
420,0.005200,-0.026463,0.411796,0.998047,0.015631,0.060481,0.000189,0.967425,-0.253159,-0.062468,0.252676,0.965532,-19.6199,-25.0497,-18.3040,-28.8573,-18.6141,-38.3306,39.8284,18.2445,39.6192,24.4632,11.3724,35.0020,0.783870,-0.001658,0.000403,0.915308,-0.162521,-0.651677,-0.012640,1.138e-11
421,-0.015181,0.040051,0.414114,0.988681,0.032115,-0.146556,0.027152,0.922395,0.385293,0.147556,-0.384911,0.911082,-11.0977,-31.1555,-14.1459,-27.6867,-10.7608,-10.5385,0.6620,32.9863,7.5384,28.9405,3.7987,10.7258,1.306173,0.001961,-0.004275,0.945953,1.423689,0.650823,-0.004195,4.795e-12
422,-0.027443,0.042014,0.421516,0.986947,0.040540,-0.155857,0.011659,0.947270,0.320224,0.160620,-0.317861,0.934433,-8.0382,-23.4350,-12.8677,-22.3169,-10.1273,-6.5131,6.6253,22.8939,8.4033,18.7504,27.8225,4.5727,0.918046,0.003211,-0.002245,0.953533,0.294720,0.415705,-0.035307,7.905e-10
423,0.069775,0.037700,0.404818,0.875720,-0.067092,0.478136,-0.067055,0.963801,0.258053,-0.478141,-0.258044,0.839520,-19.3079,-37.4324,-13.9246,-7.5984,-9.0217,-23.2564,39.7116,31.2994,23.5813,6.0480,8.6856,19.3206,1.589390,-0.008561,-0.004638,0.936632,0.865445,-1.597742,-0.000398,4.439e-12
424,0.028465,-0.043013,0.412841,0.965942,0.056309,0.252559,0.047485,0.920887,-0.386927,-0.254365,0.385742,0.886849,-14.0118,-16.8679,-11.6718,-15.4047,-13.4330,-37.7131,5.1194,14.5623,30.0756,13.4200,0.8654,39.2129,1.237186,-0.001930,0.002032,0.941393,-0.554517,-0.526551,-0.008758,1.982e-11
425,0.000238,-0.013096,0.408304,0.999953,-0.000779,-0.009678,-0.000014,0.996659,-0.081678,0.009710,0.081675,0.996612,-21.0447,-34.2970,-21.1187,-36.8582,-21.0157,-38.5456,22.5604,30.7658,38.2302,34.1124,11.7745,36.3883,0.355849,0.000035,-0.000136,0.905372,0.508402,0.135706,0.000092,3.733e-11
426,-0.029173,0.011322,0.424181,0.976772,0.003614,-0.214252,0.011418,0.997559,0.068885,0.213978,-0.069732,0.974346,-8.0504,-16.9110,-11.7759,-24.8028,-9.7766,-13.2649,3.7380,16.4663,13.2277,24.4323,1.6145,14.3386,0.627627,0.003084,-0.001946,0.955656,0.354481,0.564145,0.008832,1.673e-12
427,0.021708,0.011147,0.430190,0.997622,-0.013372,0.067615,0.004845,0.992180,0.124724,-0.068754,-0.124100,0.989885,-11.4853,-17.9918,-7.4461,-11.6526,-8.1809,-11.5045,30.8027,14.6021,2.1658,10.6812,24.0186,5.2711,0.502714,-0.002281,0.000380,0.959413,-0.010919,-0.081056,0.023890,7.502e-11
428,-0.013744,-0.047150,0.401825,0.990477,-0.028909,-0.134609,-0.039083,0.878447,-0.476239,0.132015,0.476965,0.868952,-19.6843,-17.1001,-18.3559,-36.2834,-21.9059,-43.0232,39.0153,9.5199,31.2080,31.4286,32.7440,38.4183,1.596783,0.000676,0.004420,0.910043,-1.808934,0.282618,-0.008151,1.222e-11
429,0.080798,0.054290,0.396803,0.813736,-0.159359,0.558962,-0.109814,0.902209,0.417085,-0.570767,-0.400779,0.716660,-18.0581,-42.4028,-12.4195,-2.4714,-8.7333,-19.1453,22.3770,39.6004,9.4794,0.0763,31.8425,14.3267,1.978076,-0.007831,-0.003506,0.941236,0.616033,-1.341676,0.059542,2.986e-12
430,0.066885,0.022763,0.406955,0.877909,-0.066810,0.474145,-0.029123,0.980935,0.192144,-0.477942,-0.182494,0.859225,-19.6266,-36.2535,-12.9047,-8.6778,-11.8190,-26.1915,39.6335,31.8031,12.2574,6.2671,25.6444,20.2077,1.499634,-0.008102,-0.001171,0.933498,0.246474,-1.604077,0.040035,8.410e-12
431,0.001051,0.015147,0.426386,0.999961,-0.001708,-0.008690,0.002669,0.993715,0.111906,0.008444,-0.111924,0.993681,-10.5107,-20.9555,-10.4418,-18.4245,-8.9477,-15.1274,13.8839,20.1383,4.6783,18.8875,4.5168,14.5385,0.318988,-0.000890,-0.001416,0.955222,0.244754,-0.153403,0.005009,7.964e-10
432,-0.072420,0.025503,0.425517,0.930034,0.013525,-0.367225,0.027174,0.994055,0.105430,0.366468,-0.108032,0.924138,-1.4820,-6.7247,-10.7651,-20.8040,-7.0303,-1.0123,13.0458,3.8994,19.5534,14.9211,11.1494,1.3443,0.885655,0.003101,-0.001338,0.971190,-0.087891,-0.196320,0.019244,4.323e-11
433,0.060844,0.038061,0.404531,0.880846,-0.110445,0.460339,-0.054831,0.942058,0.330938,-0.470216,-0.316746,0.823753,-19.0518,-40.8770,-14.0456,-9.6379,-12.7778,-23.2304,30.8961,38.0222,9.0972,5.7776,39.1156,16.8673,1.645134,-0.006517,-0.001422,0.931219,0.322855,-1.405121,0.060326,4.784e-12
434,0.001758,-0.021448,0.411690,0.999668,0.004000,0.025452,0.001635,0.976036,-0.217603,-0.025712,0.217572,0.975705,-18.5807,-26.4058,-18.2416,-30.9389,-18.5609,-37.8035,24.1111,22.1213,32.0639,28.0036,11.8379,36.4343,0.582028,-0.000285,0.000441,0.917056,-0.270575,-0.174913,-0.001482,2.093e-12
435,-0.086533,0.051873,0.417376,0.932411,0.047844,-0.358220,0.038100,0.972662,0.229080,0.359387,-0.227245,0.905097,-1.1898,-12.0003,-15.7250,-22.5647,-8.5769,0.2369,8.2221,7.2350,38.4421,11.3401,26.1895,0.6598,0.987959,0.004205,-0.002392,0.961964,-0.194537,-0.349744,-0.013156,6.866e-11
436,0.010286,0.012934,0.408584,0.996542,-0.003893,0.083004,-0.009282,0.987435,0.157751,-0.082575,-0.157976,0.983984,-21.1112,-40.7308,-21.5172,-32.8706,-21.0720,-32.4803,19.8189,37.4812,34.7023,27.3765,38.3553,27.3966,0.576651,0.000292,-0.000628,0.904586,0.542232,0.248596,-0.002663,1.414e-11
437,-0.003213,-0.015506,0.423077,0.998982,-0.000579,-0.045114,-0.005551,0.990742,-0.135641,0.044775,0.135754,0.989730,-13.2335,-17.1151,-12.2710,-22.6783,-12.7645,-24.1925,26.7433,13.2266,20.4895,21.0202,7.4248,21.7331,0.385825,-0.000790,0.000474,0.942690,-0.089021,-0.147885,-0.005570,5.282e-10
438,-0.030224,-0.001501,0.434375,0.988116,-0.002498,-0.153688,-0.000084,0.999859,-0.016790,0.153709,0.016603,0.987977,-3.1667,-6.4552,-6.4621,-13.8345,-6.3671,-7.3247,4.0489,6.2150,8.9568,11.6144,6.0861,7.4613,0.350804,0.001740,-0.000043,0.976056,-0.000392,-0.007694,0.003298,8.601e-12
439,-0.021512,0.018801,0.415257,0.979660,0.019149,-0.199750,0.016613,0.984280,0.175831,0.199977,-0.175573,0.963941,-16.3051,-28.8627,-16.7780,-33.3515,-16.6473,-19.6263,37.2789,25.4344,8.7399,30.7916,30.6982,13.6704,0.641415,0.000539,-0.000150,0.925526,0.044195,0.159760,-0.002313,7.799e-10
440,0.009347,0.039096,0.410828,0.995883,-0.004708,0.090522,-0.027756,0.934842,0.353977,-0.086290,-0.355032,0.930863,-16.7604,-38.7564,-19.2385,-25.3228,-15.2414,-19.8803,15.7079,35.2788,38.5473,19.8865,26.8950,16.0570,1.163320,0.000583,-0.004642,0.923160,1.425900,0.169569,-0.020932,5.804e-12
441,0.041116,0.021548,0.410390,0.923262,-0.021930,0.383546,-0.058705,0.978591,0.197266,-0.379660,-0.204644,0.902208,-16.4850,-37.9778,-16.6944,-14.8268,-13.6597,-27.0322,3.9696,36.1010,37.8817,9.8453,18.8107,25.8821,1.315278,-0.001879,-0.003581,0.929770,1.134707,-0.609387,-0.033843,2.889e-12
442,0.025097,0.050801,0.415557,0.981527,-0.026775,0.189443,-0.041497,0.936796,0.347406,-0.186771,-0.348849,0.918379,-14.0101,-33.2716,-15.2528,-15.2936,-8.9465,-14.6503,17.4684,29.0089,28.2548,12.3246,12.2794,13.0991,1.092039,-0.002076,-0.005832,0.942754,1.024365,-0.368646,-0.016716,1.219e-11
443,-0.036058,-0.060010,0.404350,0.950946,-0.080100,-0.298808,-0.082491,0.865269,-0.494474,0.298156,0.494867,0.816217,-13.3452,-6.2112,-13.3206,-34.2254,-18.0771,-33.6239,27.6741,1.4954,25.8628,31.5656,14.2129,30.7570,1.649318,0.002895,0.005052,0.932911,-1.210022,0.694066,-0.003058,6.256e-12
444,-0.076345,-0.013366,0.409264,0.831410,-0.027299,-0.554989,-0.030474,0.995049,-0.094596,0.554823,0.095560,0.826462,-5.8369,-7.4021,-11.9223,-36.5552,-13.4459,-12.6662,6.5028,7.5569,8.5960,35.3848,10.9083,12.3885,1.575064,0.007669,0.001468,0.953214,-0.264833,1.388974,-0.003879,3.479e-12
445,-0.016963,0.027346,0.424444,0.992753,0.015852,-0.119121,0.009897,0.977109,0.212508,0.119763,-0.212147,0.969871,-8.7141,-21.7088,-11.4288,-21.5774,-9.3429,-10.5693,5.6050,21.9089,4.5038,20.9267,12.2552,10.2116,0.627788,0.001808,-0.001961,0.955840,0.332635,0.306011,-0.006830,1.546e-11
446,-0.001974,-0.025429,0.407588,0.999792,-0.002499,-0.020257,-0.004151,0.946844,-0.321667,0.019984,0.321684,0.946636,-19.4575,-24.1126,-18.5962,-33.5371,-20.3634,-41.1316,27.4042,19.0517,21.2578,30.0566,30.3886,38.7553,1.152202,0.000041,0.002439,0.912378,-1.567645,0.027785,-0.000942,2.043e-11
447,-0.006810,-0.069420,0.401268,0.998583,-0.041516,-0.033283,0.014287,0.811726,-0.583864,0.051257,0.582561,0.811169,-14.6496,-9.6342,-14.1594,-28.1396,-20.2617,-41.9767,9.3124,5.4134,36.8170,22.0658,35.0168,39.3040,1.817721,0.003054,0.006765,0.926335,-1.782730,0.776549,0.054931,3.209e-12
448,-0.001652,0.025722,0.421284,0.999990,0.004495,0.000348,-0.004474,0.979564,0.201084,0.000564,-0.201083,0.979574,-11.8294,-27.0861,-14.2598,-21.8447,-11.3750,-16.5657,6.0079,25.6901,21.1576,19.5052,14.0638,15.8249,0.600698,0.001184,-0.003029,0.943875,0.671004,0.260604,-0.009434,1.148e-11
449,-0.032257,0.000393,0.422227,0.974456,-0.000320,-0.224580,0.000551,0.999999,0.000966,0.224579,-0.001065,0.974455,-10.4288,-16.9705,-13.5219,-27.1362,-13.3967,-16.9158,17.9668,14.0481,21.3701,23.3478,20.3088,14.1393,0.581560,0.003081,-0.000109,0.944069,0.017368,0.491906,0.001009,2.248e-11
450,0.042781,-0.080275,0.408499,0.967740,0.078625,0.239368,0.053010,0.865255,-0.498522,-0.246311,0.495129,0.833174,-13.9378,-7.6142,-3.5650,-9.6124,-13.3548,-34.9284,26.0678,6.7958,0.4414,10.1303,16.1440,29.4338,1.473662,-0.005028,0.007928,0.953831,-1.021335,-0.637115,-0.030424,6.129e-12
451,-0.022845,0.066697,0.397555,0.975038,0.069323,-0.210937,0.077201,0.784894,0.614802,0.208183,-0.615740,0.759950,-14.9828,-41.0249,-18.6534,-33.8231,-13.6795,-6.2009,24.5330,39.8642,13.4773,32.2474,22.1362,1.3182,2.050213,0.001691,-0.006031,0.928915,2.000018,0.564791,0.007534,5.120e-12
452,0.070285,0.010057,0.405850,0.846252,0.003860,0.532770,-0.034775,0.998242,0.048004,-0.531647,-0.059151,0.844898,-19.1808,-34.1417,-14.3437,-7.3213,-11.5931,-31.0144,29.0748,28.2952,35.5431,3.4522,13.5906,27.8085,1.559742,-0.007124,-0.002605,0.932346,0.527093,-1.480958,-0.041569,1.302e-11
453,0.059914,-0.016311,0.412597,0.879022,0.001517,0.476778,0.048189,0.994591,-0.092009,-0.474339,0.103854,0.874195,-14.7318,-25.6194,-8.7708,-6.0666,-12.4132,-31.1393,6.0347,26.1376,3.8554,3.8755,29.8684,28.5628,1.390262,-0.004905,0.003592,0.946159,-0.721365,-1.005289,0.051628,6.459e-12
454,-0.038353,-0.020191,0.412314,0.938283,-0.031295,-0.344448,-0.033461,0.983013,-0.180458,0.344245,0.180846,0.921298,-13.9685,-16.0125,-15.5213,-36.7488,-17.1066,-25.6620,26.2875,12.0427,20.1538,34.7766,18.1404,22.4604,1.115524,0.003113,0.001817,0.930166,-0.525952,0.901832,-0.002326,3.295e-12
455,0.028137,0.035922,0.412284,0.972057,-0.040337,0.231252,-0.032307,0.952764,0.301989,-0.232510,-0.301021,0.924838,-17.1977,-36.8374,-15.9483,-18.0859,-11.7940,-20.7848,32.2517,33.1968,22.5482,15.9528,7.6767,17.8255,1.216061,-0.004271,-0.004655,0.932567,1.237969,-1.130892,0.007266,3.766e-12
456,0.012470,0.002100,0.412309,0.984435,-0.001633,0.175740,-0.000409,0.999933,0.011579,-0.175747,-0.011471,0.984368,-16.6082,-34.6050,-16.4815,-26.3559,-16.5037,-34.0067,3.4463,36.6979,5.2405,26.1750,9.7465,35.8962,0.591912,-0.000185,0.000029,0.925710,-0.096762,-0.625137,0.000177,1.292e-10
457,0.006444,-0.014600,0.411523,0.999777,-0.005252,0.020454,0.008817,0.983932,-0.178323,-0.019189,0.178464,0.983759,-18.2662,-27.7039,-18.7759,-31.4941,-19.8345,-37.0173,5.7911,24.0317,32.9318,26.9025,37.9230,34.6970,0.760421,0.001607,0.001463,0.914738,-0.845675,0.909148,0.008609,2.127e-11
458,0.021638,0.083367,0.402330,0.990205,-0.077622,0.116054,-0.012225,0.779818,0.625887,-0.139084,-0.621176,0.771231,-14.9461,-40.6941,-14.7666,-16.6037,-7.3061,-5.6378,32.1979,37.7671,3.2120,16.5213,13.9261,2.1271,1.843747,-0.004178,-0.007316,0.944487,1.383483,-0.765001,0.074687,1.792e-12
459,0.056144,0.003459,0.401065,0.815616,-0.017596,0.578326,0.002524,0.999636,0.026855,-0.578588,-0.020444,0.815364,-18.4430,-38.0266,-14.5828,-9.6868,-15.1645,-36.8736,18.2799,37.9448,10.2952,5.5784,23.8537,35.7044,1.939322,-0.005396,0.000673,0.927544,-0.266695,-2.268637,0.015280,7.929e-12
460,-0.002428,0.050854,0.415921,0.999943,0.010190,0.003319,-0.010667,0.916532,0.399819,0.001032,-0.399832,0.916588,-12.4063,-32.5308,-15.5833,-21.8530,-11.6903,-11.1559,11.5458,30.5813,17.4385,17.7121,31.4063,7.9975,1.061599,0.001331,-0.003730,0.940562,0.704156,0.248672,-0.023705,1.641e-11
461,-0.022262,0.005488,0.409733,0.957306,0.010468,-0.288886,0.012822,0.996823,0.078612,0.288791,-0.078960,0.954130,-16.9119,-28.9149,-18.8470,-40.0284,-18.1976,-24.7468,12.6838,26.1134,28.7191,38.8101,21.0285,21.5675,1.117652,0.002580,-0.000893,0.919043,0.538919,1.565755,0.001432,2.324e-11
462,-0.004725,0.026680,0.415131,0.998987,0.007750,-0.044333,0.003623,0.968015,0.250866,0.044859,-0.250773,0.967006,-16.1425,-33.4410,-16.9769,-28.8910,-16.1842,-20.2648,22.1078,31.4676,13.1075,25.5354,34.5175,15.4688,0.661306,0.000600,-0.000944,0.926159,0.307246,0.195299,-0.003745,2.287e-11
463,-0.018199,0.042893,0.404893,0.978519,0.061136,-0.196883,0.033166,0.895894,0.443029,0.203471,-0.440042,0.874621,-14.2751,-36.8286,-19.2960,-34.4347,-15.0256,-12.9558,0.5058,35.6415,38.7259,31.5799,18.7927,10.3205,1.769669,0.004147,-0.005538,0.926835,2.152383,1.573946,-0.019195,7.889e-12
464,0.034555,0.037225,0.410895,0.952037,-0.038765,0.303516,-0.059147,0.949918,0.306849,-0.300211,-0.310084,0.902065,-17.0022,-38.9611,-17.3648,-16.6524,-14.0933,-22.3284,14.2463,35.4982,33.2230,10.4381,35.4145,18.2385,1.189880,-0.001579,-0.003436,0.927392,0.835171,-0.386901,-0.021573,1.523e-11
465,-0.011880,-0.020785,0.411492,0.989326,-0.019344,-0.144427,-0.023462,0.957071,-0.288902,0.143816,0.289207,0.946402,-15.1577,-19.2962,-14.9109,-33.5343,-16.0631,-34.5992,9.4559,18.1303,2.7673,35.3545,9.2088,36.4114,1.153378,0.000572,0.001692,0.930790,-1.411129,0.483199,-0.001991,2.052e-11
466,0.049617,-0.056982,0.403571,0.913515,0.069689,0.400792,0.115318,0.900443,-0.419409,-0.390119,0.429354,0.814532,-15.9221,-17.3628,-8.2788,-10.3993,-16.1023,-41.0713,15.6672,16.9377,2.6659,7.7106,34.3561,37.4557,1.797363,-0.004698,0.008130,0.939461,-1.810124,-1.073990,0.046145,4.449e-12
467,-0.064521,0.007558,0.410117,0.858086,-0.010624,-0.513396,0.028778,0.999210,0.027423,0.512699,-0.038306,0.857714,-11.1529,-15.4791,-16.3111,-38.7317,-13.8947,-13.5001,35.1046,10.1017,25.6187,36.5948,4.9766,10.6667,1.403176,0.004447,-0.002276,0.938033,0.439188,0.871520,0.045107,7.405e-12
468,-0.016495,-0.048070,0.428098,0.998229,-0.020468,-0.055848,0.002270,0.951354,-0.308092,0.059437,0.307420,0.949716,-5.0968,-2.7332,-5.6514,-13.5414,-9.9512,-18.9972,0.6936,2.8571,18.6981,10.5491,7.3845,18.3144,0.753616,0.001777,0.002477,0.969024,-0.113027,0.078211,0.030463,1.068e-10
469,0.006743,0.019700,0.426101,0.998666,0.000003,0.051626,-0.005155,0.995008,0.099665,-0.051368,-0.099799,0.993681,-10.6774,-21.4374,-12.1341,-16.5200,-8.3495,-16.2421,10.6111,18.4392,23.6634,15.0936,1.2253,16.6167,0.351043,-0.000449,-0.003325,0.953334,0.505442,-0.069053,-0.005996,6.409e-12
470,-0.026619,-0.026199,0.406299,0.957980,-0.035521,-0.284626,-0.060498,0.944958,-0.321551,0.280381,0.325259,0.903102,-16.7348,-17.0362,-16.2122,-38.8005,-19.2775,-34.4973,26.1520,13.1766,4.6582,38.0064,31.5854,31.7726,1.557222,0.001665,0.004081,0.921521,-2.016638,0.853804,-0.016178,1.230e-11
471,0.012985,0.005445,0.432703,0.998235,-0.005768,0.059103,0.000676,0.996311,0.085812,-0.059380,-0.085620,0.994557,-9.8135,-15.0916,-7.7616,-10.1860,-8.8349,-10.6308,26.2352,10.9666,14.5924,5.8928,32.8054,3.8163,0.334479,-0.000634,0.000387,0.960453,0.023517,0.037621,0.008744,1.745e-11
472,-0.053469,0.036941,0.406468,0.905464,0.046173,-0.421903,0.074574,0.961292,0.265249,0.417819,-0.271636,0.866972,-13.9724,-26.7184,-20.4350,-39.0812,-15.5671,-12.0054,35.6517,19.7961,39.1598,33.7058,22.3118,7.0787,1.435210,0.004637,-0.004742,0.925087,1.009277,0.999023,0.030666,3.197e-12
473,0.006885,-0.055490,0.415955,0.999545,0.010832,0.028165,-0.000603,0.940335,-0.340250,-0.030170,0.340078,0.939913,-14.6472,-13.0704,-9.1380,-20.7261,-17.2755,-31.1071,32.0009,10.8718,6.0052,17.3671,37.6421,23.6616,0.957501,-0.001418,0.007087,0.938499,-1.133606,-0.223085,-0.012696,1.772e-11
474,-0.075289,-0.013512,0.405870,0.852266,-0.015418,-0.522882,-0.031399,0.996256,-0.080554,0.522166,0.085072,0.848590,-9.3777,-12.6355,-16.0788,-39.7062,-18.4073,-17.2404,15.0402,9.9124,26.5776,33.2176,38.4637,12.8530,1.513071,0.008450,0.002112,0.934249,-0.380658,1.548524,-0.017541,4.512e-12
475,0.046580,0.020175,0.410666,0.911603,-0.032189,0.409810,-0.042808,0.984076,0.172518,-0.408837,-0.174811,0.895708,-17.0602,-36.6668,-15.3775,-12.8976,-13.4185,-27.2704,13.2816,34.3469,27.1580,8.3471,24.6656,24.7395,1.263046,-0.003457,-0.002178,0.931269,0.590188,-0.940291,-0.010799,2.191e-12
476,0.064558,-0.034545,0.406535,0.858238,0.072488,0.508107,0.077426,0.960362,-0.267788,-0.507378,0.269166,0.818607,-16.3370,-23.0353,-10.3280,-6.1517,-13.3600,-37.9216,10.5841,20.5353,25.4534,2.5739,20.8460,35.8461,1.589254,-0.005188,0.003018,0.940008,-0.617188,-1.062998,0.005933,2.541e-12
477,0.015069,-0.030634,0.415579,0.988597,0.004799,0.150510,0.034757,0.965234,-0.259068,-0.146520,0.261345,0.954060,-14.8065,-20.9204,-14.0619,-21.0859,-17.2823,-34.6925,3.7042,18.6163,28.3674,15.6316,36.1279,32.2483,0.937733,0.001051,0.003577,0.930841,-0.947516,0.269841,0.029442,2.034e-11
478,-0.006975,0.037700,0.415664,0.999201,0.017160,-0.036083,-0.005629,0.954528,0.298067,0.039557,-0.297626,0.953863,-13.0377,-31.6494,-17.7765,-25.5790,-12.7623,-15.9391,5.0153,28.5730,39.8990,21.0859,16.6332,14.7539,0.995512,0.002723,-0.005441,0.934644,1.334540,0.656883,-0.021977,2.689e-12
479,-0.001503,0.054696,0.412937,0.999359,0.014810,0.032593,-0.026808,0.912969,0.407147,-0.023727,-0.407760,0.912781,-13.7664,-35.1362,-18.5934,-23.0406,-13.2553,-13.3095,11.9927,30.8606,37.0333,15.8952,37.3733,9.5599,1.157446,0.002245,-0.005011,0.931660,0.944349,0.412418,-0.046170,1.655e-11
480,0.002930,0.000864,0.415311,0.999615,0.000390,0.027750,-0.000615,0.999967,0.008114,-0.027746,-0.008128,0.999582,-18.5355,-30.4383,-18.9768,-28.9785,-18.1807,-30.0161,29.2569,24.7962,39.0041,23.3684,27.3360,25.2792,0.169641,0.000058,-0.000935,0.916593,0.310931,0.019174,-0.000889,5.755e-12
481,-0.007440,-0.014979,0.411362,0.998346,-0.003274,-0.057392,-0.004900,0.989897,-0.141701,0.057276,0.141748,0.988244,-18.8289,-28.4358,-18.7207,-34.7207,-18.7014,-35.8298,27.7790,25.0540,25.5153,33.3388,5.5536,34.6320,0.410644,-0.000197,-0.000027,0.915760,0.026457,-0.200235,-0.000713,4.777e-10
482,0.041703,-0.026137,0.408255,0.920591,0.044673,0.387964,0.055076,0.968655,-0.242226,-0.386624,0.244359,0.889275,-17.8972,-26.7252,-14.0583,-15.2377,-16.5763,-39.9014,18.5832,23.9741,21.1712,10.8415,26.9606,37.7418,1.399066,-0.003576,0.002985,0.927203,-0.962375,-1.159034,0.009651,8.441e-12
483,-0.014939,-0.034712,0.419250,0.997649,-0.023662,-0.064324,0.006072,0.965338,-0.260933,0.068268,0.259929,0.963212,-11.1680,-14.1174,-12.9488,-24.0372,-16.2742,-27.8071,3.1266,12.0174,31.0805,18.2365,30.6499,25.4079,0.820590,0.003706,0.003174,0.939491,-0.590164,0.677992,0.032607,4.648e-12
484,0.053755,0.009968,0.403850,0.862800,-0.022333,0.505052,-0.028779,0.995234,0.093172,-0.504726,-0.094923,0.858045,-19.8333,-38.3137,-15.5208,-11.8744,-14.1271,-33.1419,36.4754,35.1141,20.9574,8.3331,11.9630,30.2339,1.738487,-0.006993,-0.001655,0.925602,0.542811,-2.315780,-0.005419,8.057e-12
485,0.004502,0.009403,0.412115,0.999254,-0.001470,0.038597,-0.003284,0.992422,0.122828,-0.038485,-0.122863,0.991677,-18.3671,-36.1696,-18.6178,-31.2325,-18.2161,-29.7679,14.9047,35.0975,21.3055,28.9136,21.4421,27.3453,0.433695,0.000081,-0.000578,0.917320,0.504886,0.070045,-0.000882,1.858e-11
486,-0.001600,-0.016567,0.413366,0.999722,-0.003297,-0.023354,-0.000357,0.987948,-0.154787,0.023583,0.154752,0.987672,-18.0680,-26.5516,-18.4006,-31.6529,-18.2891,-34.6257,21.6656,21.9978,37.2308,28.3033,13.7536,32.5738,0.427068,0.000425,-0.000147,0.917996,0.073107,0.213572,0.002089,7.219e-12
487,0.036190,-0.064832,0.419311,0.972954,0.018591,0.230248,0.054131,0.950652,-0.305501,-0.224566,0.309702,0.923934,-12.5915,-10.8552,-4.9965,-8.6175,-14.4843,-27.3074,20.8958,9.4514,15.1377,4.1149,39.9236,18.4492,0.930054,-0.001861,0.005187,0.952051,-0.222976,-0.089332,0.046335,1.628e-10
488,-0.000321,-0.003934,0.424648,0.999929,-0.000306,0.011940,0.000399,0.999970,-0.007708,-0.011937,0.007713,0.999899,-12.5511,-20.4612,-12.4853,-20.1243,-13.7439,-20.8620,18.9958,17.4753,20.2919,15.4989,30.8792,16.3669,0.151720,0.000544,0.001054,0.941925,-0.155036,0.080032,0.000819,3.337e-10
489,-0.013290,-0.015619,0.406358,0.992497,-0.009976,-0.121864,-0.025990,0.956677,-0.289989,0.119477,0.290981,0.949239,-19.6691,-24.5600,-18.9338,-37.6943,-20.1773,-39.9359,33.8492,19.9750,4.9615,36.2864,28.7940,38.2323,1.297908,-0.000127,0.001807,0.911746,-1.996924,-0.089979,-0.004928,1.974e-11
490,-0.000611,-0.007727,0.421232,0.999966,0.000508,-0.008223,-0.001001,0.998189,-0.060140,0.008177,0.060146,0.998156,-13.5980,-21.9668,-12.4018,-23.8988,-14.1949,-25.0940,17.1012,21.1732,3.6501,22.8980,20.3869,22.8968,0.261015,-0.000393,0.002046,0.939792,-0.553255,-0.105954,-0.001465,1.003e-11
491,0.043029,0.093358,0.406652,0.947290,-0.047277,0.316870,-0.127002,0.852607,0.506885,-0.294129,-0.520410,0.801662,-10.7689,-34.6208,-14.8036,-5.6976,-2.1107,-5.8059,1.5248,29.0482,33.1608,2.8714,6.4875,8.2228,1.573369,-0.002102,-0.008881,0.958646,0.831558,-0.224852,-0.102675,8.447e-10
492,-0.037868,-0.031310,0.409610,0.938062,-0.061777,-0.340916,-0.041367,0.956966,-0.287236,0.343990,0.283548,0.895138,-11.8918,-12.5145,-14.7420,-36.1880,-17.3222,-27.8057,2.6263,10.2908,23.7299,33.8572,24.2422,26.7108,1.465670,0.005646,0.003131,0.933977,-0.961760,1.710000,0.017586,5.924e-12
493,0.041641,0.018388,0.404088,0.906537,-0.028055,0.421193,-0.059051,0.979549,0.192344,-0.417976,-0.199239,0.886341,-20.4004,-41.5719,-18.4918,-16.6444,-14.7310,-30.8301,39.6322,37.0011,39.7778,12.1238,1.4216,27.9831,1.710427,-0.005540,-0.004560,0.919307,1.673821,-2.086861,-0.021913,7.162e-12
494,-0.014333,-0.036858,0.423291,0.996828,-0.015855,-0.077991,-0.005169,0.964990,-0.262236,0.079418,0.261807,0.961847,-10.2356,-10.1011,-10.5536,-20.5989,-13.5913,-23.8874,16.4679,6.9571,27.6233,16.1846,17.7067,20.8440,0.670765,0.001599,0.002305,0.948520,-0.270336,0.186621,0.013105,3.812e-10
495,-0.026699,-0.037539,0.401490,0.961654,-0.046571,-0.270282,-0.078519,0.897480,-0.434010,0.262785,0.438590,0.859408,-18.4112,-15.4708,-17.2440,-39.8332,-20.5293,-39.3751,38.2271,9.4772,11.4527,38.2082,28.3438,36.1090,1.787887,0.000869,0.004361,0.915571,-2.213198,0.476750,-0.020922,6.821e-12
496,0.013702,0.054960,0.412505,0.991733,-0.023782,0.126097,-0.038193,0.883433,0.466999,-0.122504,-0.467954,0.875221,-13.0095,-37.1115,-14.5431,-18.6446,-11.4443,-11.7394,5.5112,37.5454,6.2081,15.7140,34.1629,8.7758,1.279401,-0.000037,-0.003283,0.941577,0.751603,-0.008868,-0.016085,5.372e-12
497,-0.035890,-0.019069,0.408984,0.923535,-0.036784,-0.381745,-0.048525,0.976183,-0.211454,0.380431,0.213810,0.899754,-13.1969,-15.3510,-14.6535,-38.8128,-17.0083,-26.8439,7.4556,13.8333,6.8732,39.2173,24.5076,25.6377,1.522667,0.004033,0.003061,0.932578,-1.264617,1.683341,-0.008833,9.726e-12
498,0.053059,0.029748,0.410041,0.920943,-0.043995,0.387207,-0.044402,0.975290,0.216421,-0.387160,-0.216504,0.896233,-19.2405,-36.5333,-15.8130,-12.6544,-12.4772,-24.8777,35.9634,30.2062,30.8321,8.0954,25.2317,19.4584,1.242543,-0.005571,-0.003157,0.928774,0.617062,-1.089310,-0.000666,1.010e-11
499,-0.016712,0.021737,0.409393,0.988155,0.013847,-0.152835,0.024073,0.969603,0.243495,0.151561,-0.244290,0.957785,-19.3014,-36.7189,-19.5850,-37.2017,-18.7577,-23.8485,39.7751,33.8584,14.0023,35.1847,22.5933,18.2999,0.859526,-0.000193,-0.001142,0.913645,0.727380,-0.119628,0.006353,1.167e-11
500,0.052753,0.047120,0.404855,0.898250,-0.092499,0.429640,-0.089805,0.918340,0.385469,-0.430212,-0.384831,0.816592,-17.0469,-41.7717,-15.2487,-10.4785,-11.6807,-20.4474,15.5998,39.6464,19.6807,6.1604,31.6804,16.7133,1.626131,-0.004314,-0.003728,0.934072,0.857266,-0.991363,0.002525,2.623e-12
501,0.001785,-0.012036,0.410013,0.999801,-0.002425,-0.019776,0.000247,0.993996,-0.109413,0.019923,0.109386,0.993800,-19.5554,-31.5330,-19.7084,-35.2779,-19.6769,-37.2272,13.6346,28.6956,31.9267,33.3774,14.7408,36.0935,0.394069,0.000228,-0.000043,0.911723,0.079310,0.449169,0.000639,3.700e-10
502,0.003191,0.020971,0.413300,0.999486,-0.003719,0.031832,-0.002934,0.978454,0.206443,-0.031914,-0.206430,0.977941,-18.5131,-35.8809,-19.0018,-29.0314,-17.4809,-25.0748,29.7705,31.8934,28.1944,24.3774,29.2360,19.8970,0.632997,-0.000382,-0.001858,0.917615,0.685900,-0.141023,0.000638,1.600e-11
503,0.034958,-0.041388,0.425143,0.970784,0.039270,0.236721,0.033689,0.954441,-0.296493,-0.237579,0.295806,0.925232,-9.8217,-9.0241,-6.1323,-5.9560,-8.8059,-24.7993,6.5827,6.1400,28.6851,3.4887,7.1913,23.0655,0.880333,-0.001578,0.001555,0.962933,-0.078875,-0.079884,-0.007283,2.964e-11
504,-0.024224,0.030051,0.419727,0.982455,0.018342,-0.185594,0.023459,0.975094,0.220549,0.185017,-0.221033,0.957556,-10.5024,-24.0600,-14.6794,-26.6871,-10.8337,-12.4138,10.4573,22.0670,20.9965,25.0332,7.4978,11.9891,0.832404,0.002662,-0.003915,0.946030,0.809651,0.552023,0.005626,2.136e-11
505,0.049904,-0.047543,0.404593,0.912961,0.071234,0.401780,0.089551,0.925661,-0.367602,-0.398098,0.371587,0.838714,-18.0604,-21.1930,-11.2327,-12.4115,-16.8114,-41.5758,25.3975,17.9663,17.3509,8.2368,32.3860,37.0886,1.631247,-0.004930,0.005799,0.930823,-1.349251,-1.156839,0.019110,4.645e-12
506,0.009361,-0.039038,0.421044,0.999087,0.015501,0.039817,-0.002388,0.950674,-0.310182,-0.042661,0.309803,0.949843,-13.6985,-12.3047,-10.9515,-18.5691,-13.0511,-28.6841,29.8282,6.7330,31.3433,15.6626,7.8753,25.1814,0.783800,-0.001581,0.001710,0.943543,-0.235739,-0.216784,-0.021559,5.445e-10
507,0.064839,-0.021331,0.407344,0.883944,0.027530,0.466783,0.043147,0.989204,-0.140049,-0.465599,0.143936,0.873213,-19.9918,-27.8808,-11.6552,-9.8690,-14.9633,-35.6507,39.6990,23.1081,16.0638,6.3362,31.5088,28.8721,1.417658,-0.007419,0.003126,0.930119,-0.613580,-1.471634,0.016771,1.037e-11
508,-0.048736,0.049966,0.399869,0.901533,0.088416,-0.423581,0.110444,0.899462,0.422813,0.418378,-0.427961,0.801130,-15.4380,-32.9499,-20.6055,-41.2674,-15.9175,-9.1499,38.7480,27.6417,27.1179,37.7644,24.4538,2.9585,1.800293,0.003667,-0.005149,0.922039,1.415343,1.017497,0.022686,7.904e-12
509,-0.060417,0.067532,0.413034,0.936272,0.052566,-0.347319,0.076638,0.934354,0.348008,0.342813,-0.352448,0.870781,-5.6059,-19.7433,-16.7250,-26.4005,-7.1114,-0.6675,13.1802,14.4590,32.3096,21.1145,7.7792,2.2348,1.214645,0.004829,-0.006272,0.956013,0.499805,0.394325,0.031009,3.051e-10
510,-0.004684,0.036411,0.425791,0.998243,0.002513,-0.059206,0.012498,0.967699,0.251797,0.057926,-0.252094,0.965967,-10.9656,-22.0025,-11.9094,-18.0299,-9.0408,-8.7550,28.8863,17.5935,12.0869,14.9478,24.5621,4.1842,0.612092,-0.000356,-0.001825,0.952211,0.137594,-0.026494,0.012872,7.470e-11
511,0.003475,0.102828,0.412203,0.997346,0.004871,0.072648,-0.044299,0.832441,0.552340,-0.057785,-0.554092,0.830447,-6.7060,-28.5104,-14.1566,-10.2643,-1.6972,2.0198,1.6231,23.7813,22.0704,6.6811,13.2569,0.4373,1.361724,0.000678,-0.006855,0.966339,0.258243,0.011656,-0.067397,2.461e-10
512,-0.030494,0.022380,0.410619,0.954220,0.044805,-0.295730,0.020083,0.976888,0.212806,0.298430,-0.209003,0.931266,-15.3391,-29.5755,-18.2496,-37.7396,-17.8626,-18.4439,17.9634,27.0911,17.8129,34.3781,39.2766,13.2107,1.160580,0.003807,-0.000530,0.922853,0.195348,1.331283,-0.020960,1.692e-11
513,0.038988,-0.070568,0.402568,0.952161,0.087087,0.292924,0.086214,0.843049,-0.530882,-0.293182,0.530739,0.795211,-16.9390,-13.5575,-10.7612,-14.2033,-17.0565,-43.1898,24.1531,8.7318,33.6057,9.4142,23.7353,38.8726,1.678238,-0.003304,0.005948,0.932927,-1.135400,-0.630705,-0.000492,2.767e-12
514,0.016666,-0.043787,0.424524,0.995322,0.022495,0.093963,0.009205,0.946018,-0.323983,-0.096179,0.323332,0.941385,-10.9600,-8.3074,-7.8448,-12.4905,-10.5241,-25.4547,19.4635,4.0601,29.2504,10.0275,5.3456,22.7515,0.797399,-0.001318,0.001731,0.956087,-0.132675,-0.100549,-0.017213,9.882e-11
515,0.075029,0.011207,0.415350,0.908010,-0.017758,0.418572,-0.012444,0.997517,0.069314,-0.418764,-0.068147,0.905535,-17.7410,-26.4384,-9.9236,-5.1419,-8.7204,-22.7626,37.1472,19.3816,21.7457,3.5218,21.8228,16.1870,1.033940,-0.006425,-0.000805,0.945580,0.071799,-0.562401,0.006584,2.843e-10
516,-0.041439,-0.002467,0.414315,0.924809,-0.004613,-0.380404,-0.004346,0.999733,-0.022689,0.380408,0.022636,0.924542,-12.2395,-18.0957,-14.5129,-36.2616,-14.6598,-19.3029,19.8590,16.1622,10.5773,36.5029,9.6936,17.5319,1.087105,0.003225,0.000175,0.937935,-0.052980,0.974331,0.000222,9.352e-12
517,-0.035367,-0.054033,0.405628,0.947759,-0.080123,-0.308762,-0.079474,0.878107,-0.471817,0.308930,0.471707,0.825866,-11.2330,-5.6880,-11.5777,-33.4760,-16.6187,-31.7305,9.8999,4.1441,10.3342,33.0789,15.4531,31.2695,1.757684,0.003868,0.005894,0.940759,-1.654144,1.085311,0.000123,4.547e-12
518,0.055332,-0.022959,0.422930,0.944119,0.039001,0.327289,0.019056,0.984855,-0.172327,-0.329053,0.168934,0.929078,-12.9064,-15.2501,-6.9995,-4.6235,-8.2695,-24.2941,17.6360,10.8354,24.7402,3.0972,10.8258,20.8789,0.881144,-0.003711,0.000794,0.957836,-0.052857,-0.235906,-0.026045,1.169e-10
519,0.073800,0.003888,0.412965,0.872690,-0.020321,0.487852,-0.002251,0.998956,0.045637,-0.488269,-0.040926,0.871733,-16.4673,-27.8906,-9.5484,-3.7882,-9.9695,-25.6050,21.1236,24.2002,16.9091,1.4585,26.3616,20.7037,1.254206,-0.006133,0.000300,0.946130,-0.035334,-0.793536,0.022210,3.154e-12
520,-0.014807,0.080678,0.411379,0.996429,0.032610,-0.077880,0.013807,0.847052,0.531330,0.083295,-0.530508,0.843578,-9.4913,-30.9998,-15.6352,-20.3361,-7.3679,-1.8865,12.4968,27.6932,17.6502,16.6614,21.6059,0.7656,1.375801,0.001775,-0.006463,0.951367,0.792710,0.213789,-0.023591,7.699e-13
521,0.052576,0.022257,0.409548,0.900642,-0.028618,0.433618,-0.049940,0.984402,0.168696,-0.431682,-0.173589,0.885165,-17.8614,-36.4429,-15.5342,-11.5533,-12.4612,-27.1031,21.4631,32.3084,32.4909,7.1326,18.9523,24.2132,1.353835,-0.004740,-0.003199,0.931247,0.757351,-1.132928,-0.022197,7.674e-12
522,-0.012550,-0.001814,0.408458,0.985644,-0.005947,-0.168732,-0.013235,0.993583,-0.112331,0.168317,0.112952,0.979240,-19.7029,-29.2365,-19.6451,-39.8122,-20.1766,-35.1505,23.9291,25.7469,9.2981,38.7985,31.7313,32.7008,0.862443,0.000365,0.000761,0.910756,-1.208177,0.607442,-0.001835,6.658e-12
523,-0.125785,-0.008558,0.394304,0.733521,-0.035985,-0.678714,-0.012395,0.997723,-0.066295,0.679554,0.057041,0.731405,-2.1780,-4.5153,-16.2437,-39.8698,-16.6087,-7.9420,11.7760,2.2232,36.2506,29.2502,30.4555,6.1778,1.750076,0.010409,0.000305,0.947742,-0.033272,0.801375,0.030375,3.032e-10
524,0.053238,0.009415,0.412714,0.907727,-0.023666,0.418893,-0.013052,0.996332,0.084571,-0.419358,-0.082235,0.904089,-17.5854,-32.7184,-14.0313,-11.0040,-13.8899,-28.2790,20.1135,28.8341,26.5117,5.5572,36.3838,23.2818,1.127227,-0.003997,-0.000149,0.931833,0.030462,-0.785755,0.011815,2.068e-12
525,0.012906,-0.010644,0.416331,0.990569,0.009718,0.136670,0.004490,0.994644,-0.103265,-0.136942,0.102905,0.985220,-16.4428,-26.9599,-15.2544,-23.4554,-15.4485,-32.3341,20.2169,24.6838,20.0777,21.4407,10.0443,31.3766,0.549126,-0.001618,0.000256,0.929374,-0.103265,-0.646111,-0.004195,2.230e-11
526,0.007190,0.004670,0.411314,0.998658,-0.000894,0.051790,0.000545,0.999977,0.006743,-0.051795,-0.006706,0.998635,-19.0353,-34.6465,-19.0089,-32.1409,-19.2806,-34.2974,11.4657,33.2040,15.3668,29.6496,32.2746,32.4019,0.300011,0.000183,0.000396,0.914137,-0.507876,0.231496,0.000489,9.729e-10
527,-0.075957,-0.052990,0.419101,0.934833,-0.033777,-0.353476,-0.048487,0.973998,-0.221305,0.351760,0.224023,0.908889,-3.3081,-0.5295,-8.0467,-22.8669,-15.7228,-12.4826,19.7422,0.2708,21.9889,13.0910,38.0901,5.7968,0.971022,0.003284,0.002521,0.959553,0.215979,-0.273365,-0.020480,6.433e-11
528,-0.028334,-0.079559,0.403903,0.986003,-0.084317,-0.143834,-0.013792,0.818490,-0.574356,0.166154,0.568300,0.805871,-10.4304,-3.3997,-11.5830,-27.0200,-19.0424,-35.0993,6.1887,0.8523,37.2829,20.2374,29.7152,32.1616,1.680188,0.004871,0.006798,0.938483,-1.154479,0.799301,0.081590,2.624e-12
529,0.012314,-0.027920,0.407351,0.991428,0.019344,0.129213,0.019791,0.955332,-0.294871,-0.129145,0.294900,0.946760,-21.1560,-27.7000,-19.8931,-29.5840,-21.3664,-43.3014,32.9920,20.8910,39.9018,23.0531,32.8620,39.1429,0.983496,-0.000785,0.001901,0.906474,-0.923282,-0.381463,0.000433,7.926e-12
530,0.058154,0.109858,0.398642,0.938039,-0.079929,0.337185,-0.126739,0.826490,0.548500,-0.322521,-0.557249,0.765150,-13.7730,-36.4373,-15.9108,-4.7724,-0.2131,-5.1209,21.0382,26.4454,37.3181,3.0578,1.5090,6.2693,1.632292,-0.004183,-0.009565,0.955449,0.626798,-0.296702,-0.060954,3.693e-10
531,0.015367,-0.033593,0.418097,0.990530,0.021182,0.135653,0.020339,0.954486,-0.297560,-0.135782,0.297502,0.945016,-13.0227,-16.7449,-11.1910,-18.3958,-13.1809,-32.4938,7.2290,15.3738,18.9330,17.3022,5.1039,33.1491,0.879503,-0.001095,0.002256,0.943980,-0.588233,-0.285337,-0.000729,5.095e-12
532,-0.035038,-0.048391,0.400415,0.938496,-0.084591,-0.334767,-0.085341,0.882621,-0.462275,0.334577,0.462412,0.821117,-14.0937,-9.5801,-14.7025,-38.3884,-19.9914,-35.1524,12.5502,6.3156,14.5376,35.9068,37.5608,32.5135,1.977070,0.004622,0.006495,0.926542,-2.222666,1.583198,-0.001083,8.918e-12
533,0.004656,0.053394,0.426638,0.996320,0.000178,0.085710,-0.025602,0.954965,0.295613,-0.081797,-0.296719,0.951455,-9.0437,-22.1875,-13.0081,-10.5559,-7.3529,-6.5222,17.0985,15.7470,31.5503,2.9038,36.5008,2.8141,0.748367,0.000474,-0.002102,0.955989,-0.107120,-0.027210,-0.035260,5.934e-11
534,-0.014275,-0.009905,0.408993,0.990343,-0.011149,-0.138190,-0.018400,0.977375,-0.210714,0.137413,0.211222,0.967731,-17.8309,-25.8847,-17.7987,-37.6711,-17.8247,-36.9799,20.0630,24.3165,0.3878,39.5518,7.5248,38.6170,0.953187,-0.000015,-0.000035,0.919871,-1.195811,0.005384,0.000407,4.534e-12
535,-0.079603,-0.000997,0.418518,0.901779,-0.053868,-0.428828,0.015196,0.995541,-0.093100,0.431930,0.077439,0.898576,-2.4845,-5.0018,-12.9090,-27.3340,-9.9422,-9.4285,2.8982,2.3311,34.8056,21.5475,1.5892,11.8827,1.145324,0.006579,-0.001739,0.962142,0.102550,0.463717,0.089262,4.537e-10
536,0.012455,0.036130,0.427420,0.997408,-0.001715,0.071933,-0.009093,0.988696,0.149655,-0.071377,-0.149921,0.986118,-10.6062,-20.1702,-12.4691,-13.0222,-6.2232,-12.3479,19.7061,13.6546,31.8007,10.0820,5.5135,11.6178,0.415199,-0.000906,-0.003849,0.956156,0.256610,-0.061846,-0.009392,8.136e-11
537,0.023807,-0.001568,0.409217,0.948665,0.001590,0.316279,-0.007902,0.999794,0.018675,-0.316184,-0.020215,0.948482,-18.3532,-36.9224,-17.5770,-21.9110,-17.0977,-35.8472,18.4278,36.4032,23.2744,18.6320,8.2270,35.6332,1.147662,-0.001704,-0.000665,0.920457,0.540027,-1.419761,-0.004447,2.066e-11
538,0.052967,0.097527,0.401220,0.933899,-0.101142,0.342932,-0.127865,0.801238,0.584524,-0.333891,-0.589735,0.735343,-11.2884,-37.2119,-12.5437,-3.7868,-0.7186,-3.6152,4.6954,33.7708,14.5109,4.2515,1.4571,5.6510,1.807801,-0.004256,-0.009143,0.963310,1.034200,-0.491756,-0.035160,2.926e-12
539,-0.020583,0.054478,0.419459,0.985874,0.021901,-0.166050,0.041741,0.928005,0.370222,0.162204,-0.371923,0.913982,-9.0710,-24.6159,-12.9005,-22.2312,-7.0489,-4.7342,16.7982,22.5677,7.3696,22.0994,4.2727,4.4426,1.054043,0.000938,-0.005068,0.956541,0.738601,0.139974,0.024127,1.281e-11
540,0.038712,-0.101249,0.400353,0.958760,0.064527,0.276797,0.118314,0.794883,-0.595116,-0.258422,0.603322,0.754467,-12.3372,-4.6597,-3.4575,-8.7724,-16.2305,-38.7509,9.7217,5.3535,11.9116,5.6370,31.1730,32.8886,1.754630,-0.002343,0.009616,0.952122,-1.093535,-0.286308,0.068395,9.581e-12
541,-0.031787,-0.040058,0.400775,0.931134,-0.091798,-0.352934,-0.075405,0.898420,-0.432615,0.356796,0.429436,0.829627,-13.8720,-10.8225,-15.3452,-39.6886,-19.0091,-34.5018,1.1790,7.8591,17.0761,38.5069,33.3913,33.7104,2.056179,0.004978,0.004903,0.927283,-2.113722,2.115575,0.009854,8.985e-12
542,0.047692,-0.028262,0.417104,0.931568,0.034011,0.361972,0.043603,0.977977,-0.204106,-0.360943,0.205922,0.909570,-13.1997,-19.2906,-7.3893,-8.0398,-10.8064,-30.3077,8.7196,19.5830,2.7006,8.1404,11.4915,29.4011,1.159382,-0.004766,0.003411,0.952942,-0.658857,-0.924731,0.010868,7.850e-12
543,-0.006918,-0.031515,0.426326,0.998575,-0.003103,-0.053281,-0.007148,0.981536,-0.191146,0.052890,0.191254,0.980115,-10.0829,-10.8304,-8.5651,-18.2327,-12.2815,-20.8334,19.6719,8.8137,14.0708,15.5369,18.4187,16.9361,0.480079,0.000286,0.002674,0.953690,-0.272980,0.029564,-0.005068,2.272e-10
544,-0.017585,-0.020913,0.419054,0.988574,-0.018599,-0.149582,-0.009913,0.982188,-0.187639,0.150408,0.186977,0.970782,-12.1960,-16.3685,-13.3701,-28.1061,-14.5146,-26.1842,9.6999,14.3963,20.7153,26.5656,11.0883,25.5995,0.695282,0.002282,0.001308,0.939954,-0.349769,0.607722,0.008501,4.634e-12
545,-0.004161,-0.019359,0.414596,0.999035,-0.006934,-0.043373,-0.001243,0.982599,-0.185736,0.043907,0.185611,0.981642,-17.1236,-23.6521,-17.5376,-30.4893,-18.0335,-33.3562,21.6241,18.7343,36.2963,26.3924,20.0099,30.6312,0.536580,0.000936,0.000612,0.921079,-0.224782,0.342829,0.004839,4.132e-12
546,0.043892,-0.074589,0.402794,0.954263,0.096463,0.282977,0.070452,0.847304,-0.526415,-0.290547,0.522275,0.801755,-18.3348,-13.0769,-10.4892,-13.7215,-17.2312,-42.2223,37.0780,6.2656,38.5769,8.5235,25.5093,35.2018,1.586717,-0.004189,0.005557,0.931037,-0.829242,-0.618223,-0.031111,5.446e-12
547,-0.008212,-0.003619,0.415073,0.993174,-0.002331,-0.116615,-0.000318,0.999743,-0.022688,0.116638,0.022570,0.992918,-15.2647,-27.1667,-15.6323,-33.0148,-15.5163,-28.3415,5.4640,27.5881,10.8981,34.8190,2.4278,29.2558,0.428678,0.000532,-0.000170,0.930477,0.169241,0.533679,0.000855,1.844e-11
548,-0.018958,-0.064865,0.408689,0.990587,-0.033952,-0.132609,-0.031409,0.886530,-0.461603,0.133235,0.461423,0.877119,-14.3758,-9.5182,-12.7397,-28.2711,-19.7812,-34.5297,29.3571,4.9609,28.8275,22.2033,35.9483,28.1746,1.316637,0.001970,0.006393,0.929739,-1.151801,0.354248,0.002699,1.491e-11
549,0.024313,0.040395,0.408502,0.974527,-0.044607,0.219790,-0.040195,0.929411,0.366850,-0.220639,-0.366339,0.903943,-17.8889,-40.2527,-17.5572,-20.1616,-12.6571,-20.5804,33.1111,36.6257,29.2928,17.4295,4.9466,17.5421,1.452491,-0.003776,-0.005791,0.927730,1.788217,-1.162941,0.003405,7.406e-12
550,-0.003141,0.046707,0.410004,0.999568,0.000882,-0.029383,0.012003,0.900191,0.435330,0.026834,-0.435494,0.899792,-16.4530,-38.5998,-17.0601,-28.1561,-15.0628,-15.1853,28.4310,37.3295,4.7582,25.6350,33.1829,9.6644,1.193984,-0.000527,-0.002392,0.927222,0.782793,-0.172066,0.010410,1.758e-11
551,-0.023881,-0.002391,0.410003,0.968489,-0.005048,-0.249006,0.000383,0.999824,-0.018778,0.249057,0.018091,0.968320,-19.1924,-28.2234,-20.8327,-40.0261,-20.5187,-29.1754,33.9441,21.7035,38.9628,35.2388,30.2977,23.3392,0.795657,0.002156,-0.000386,0.909284,0.164578,0.928094,0.004200,1.669e-11
552,-0.027619,-0.042622,0.409054,0.965167,-0.064881,-0.253463,-0.042075,0.917665,-0.395122,0.258230,0.392023,0.882970,-13.3977,-11.4502,-14.7076,-34.1297,-17.1817,-32.6710,12.3773,7.7107,28.6334,32.1183,13.1512,31.9261,1.423739,0.003484,0.003009,0.932071,-0.957860,1.097759,0.020723,6.376e-12
553,0.032968,0.002028,0.404096,0.926833,-0.004962,0.375440,-0.007047,0.999507,0.030608,-0.375407,-0.031014,0.926341,-21.5341,-42.1600,-21.0317,-24.0131,-20.9099,-40.5071,16.9343,39.5533,36.3462,16.9177,35.1278,37.5753,1.135334,-0.000926,-0.000169,0.904891,0.170182,-0.933310,-0.000955,4.076e-12
554,0.007483,-0.019644,0.419692,0.997319,0.006249,0.072909,0.008009,0.981041,-0.193636,-0.072737,0.193701,0.978361,-12.6091,-19.5671,-11.2671,-21.3387,-13.0986,-29.7050,4.1234,20.2764,2.6284,21.9329,7.9358,31.0084,0.655067,-0.000626,0.002318,0.944593,-0.794247,-0.214903,0.001582,1.801e-11
555,-0.012806,-0.015856,0.407656,0.995867,-0.006551,-0.090582,-0.009825,0.983770,-0.179162,0.090285,0.179312,0.979641,-19.8840,-30.0115,-19.9266,-38.7902,-19.8964,-39.3909,28.9369,27.3531,18.2995,38.6790,1.6435,39.5100,0.587709,0.000080,-0.000067,0.910577,-0.256428,-0.326693,0.000520,9.547e-10
556,-0.006944,0.014826,0.413265,0.995247,0.009020,-0.096961,0.002208,0.993354,0.115076,0.097355,-0.114743,0.988613,-17.0608,-32.5463,-17.2388,-33.9484,-17.6407,-26.5630,13.9016,32.2300,1.6927,33.2924,31.6023,23.9803,0.548305,0.000635,0.000570,0.922193,-0.437354,0.496274,-0.003475,6.963e-12
557,0.020017,0.034209,0.420421,0.989831,-0.028220,0.139418,-0.011976,0.960109,0.279370,-0.141741,-0.278199,0.950008,-13.1153,-29.7655,-11.9113,-15.9413,-9.7047,-15.0518,18.0885,28.7558,2.9150,15.3021,17.0533,12.5974,0.839206,-0.002605,-0.002184,0.947975,0.419886,-0.497973,0.018101,2.091e-11
558,0.017095,-0.000091,0.414979,0.981889,0.002864,0.189434,-0.006102,0.999845,0.016510,-0.189357,-0.017367,0.981755,-17.1407,-31.7633,-16.3138,-22.7386,-15.2632,-30.8559,21.9989,29.6021,25.2075,20.3678,5.6136,29.7871,0.705532,-0.002060,-0.001364,0.926979,0.593804,-0.905495,-0.006716,2.116e-11
559,0.075805,-0.006245,0.400726,0.802333,0.009370,0.596803,0.019881,0.998902,-0.042412,-0.596545,0.045894,0.801266,-20.8151,-34.8110,-14.7573,-7.2917,-15.7289,-37.3320,26.9355,29.4041,35.0741,0.4311,39.5436,31.4052,1.693486,-0.006374,0.000935,0.923100,-0.201915,-1.392968,0.011629,3.986e-12
560,-0.039317,0.029665,0.424205,0.964438,0.025689,-0.263057,0.027109,0.980402,0.195132,0.262915,-0.195324,0.944841,-6.7616,-16.5805,-11.5166,-23.4667,-8.5415,-6.2426,13.3920,15.0991,8.3675,21.6961,10.3819,5.5869,0.792065,0.002838,-0.002236,0.959849,0.242610,0.308172,0.001952,3.853e-10
561,0.024901,0.009462,0.418765,0.982342,-0.003183,0.187067,-0.008854,0.997944,0.063476,-0.186884,-0.064011,0.980294,-16.5083,-28.4568,-14.1663,-18.3182,-12.0498,-25.1128,33.4410,24.1357,21.7836,16.7967,4.2065,22.5497,0.668134,-0.004196,-0.002247,0.935963,0.533519,-1.000256,-0.005739,8.844e-12
562,0.052797,-0.000280,0.406214,0.872513,0.005678,0.488558,-0.004425,0.999983,-0.003720,-0.488571,0.001084,0.872523,-19.0601,-34.7995,-14.8066,-11.8664,-14.3375,-34.8728,29.7620,31.7947,21.5710,8.2717,14.3627,32.4952,1.584470,-0.006200,-0.000524,0.927605,0.162232,-1.989459,-0.008816,9.834e-12
563,-0.038318,-0.043014,0.403553,0.923523,-0.093053,-0.372083,-0.073860,0.908816,-0.410606,0.376363,0.406687,0.832440,-15.0133,-10.9709,-16.3522,-40.1076,-17.9676,-33.3891,25.5671,5.2662,32.2921,39.0807,4.3871,32.1331,1.649037,0.003087,0.002068,0.926015,-0.784759,1.164133,0.016371,8.694e-12
564,0.056504,0.020946,0.409948,0.888975,-0.049338,0.455290,-0.036356,0.983438,0.177559,-0.456510,-0.174398,0.872459,-17.0822,-35.5555,-13.2326,-9.3530,-11.9757,-26.0579,19.0731,33.4387,15.7969,6.1884,24.9237,22.7940,1.389043,-0.005423,-0.001349,0.936600,0.312649,-1.244118,0.013646,4.911e-12
565,0.027858,0.037632,0.407189,0.964840,-0.038532,0.259999,-0.056554,0.935592,0.348523,-0.256683,-0.350973,0.900518,-18.9570,-42.8416,-19.5501,-21.4512,-16.1729,-23.9901,21.9658,39.0568,37.4664,15.0216,32.7930,19.0675,1.320720,-0.001526,-0.003949,0.918014,1.290126,-0.505008,-0.016506,3.023e-12
566,-0.044108,-0.063162,0.407251,0.952013,-0.073359,-0.297137,-0.066706,0.897777,-0.435371,0.298701,0.434299,0.849801,-11.2577,-5.7719,-12.2775,-31.8037,-19.2604,-29.5552,22.0525,2.6603,26.1216,25.9495,32.9925,24.3625,1.439136,0.004579,0.006167,0.935891,-1.023080,0.757428,0.007238,4.035e-12
567,-0.030536,0.061406,0.408568,0.968623,0.053366,-0.242738,0.068370,0.881778,0.466682,0.238946,-0.468635,0.850462,-10.3699,-30.5238,-16.6751,-29.0639,-9.2007,-4.8989,10.9044,28.4317,23.9380,28.0562,1.1518,4.9859,1.594663,0.003194,-0.007893,0.945576,1.741418,0.712187,0.015754,5.061e-12
568,0.002065,0.038113,0.416996,0.999799,-0.000641,0.020058,-0.004806,0.962766,0.270293,-0.019485,-0.270335,0.962569,-15.0132,-31.4405,-17.6071,-23.4353,-12.4957,-17.2160,24.6668,25.8614,37.1256,18.7714,17.5624,14.0873,0.792620,0.000035,-0.004980,0.932403,1.010957,0.005958,-0.004416,1.263e-12
569,-0.007820,-0.028783,0.430182,0.999443,-0.002684,-0.033263,-0.001773,0.991079,-0.133264,0.033324,0.133249,0.990522,-6.9126,-9.4045,-5.7786,-14.3809,-10.4004,-16.3505,5.3803,10.7250,1.7605,12.6483,19.2971,13.7282,0.330617,0.000904,0.003079,0.965436,-0.242158,0.070997,0.001144,1.104e-10
570,0.007069,0.049123,0.410347,0.997726,-0.009567,0.066717,-0.019726,0.905081,0.424782,-0.064448,-0.425132,0.902834,-16.4392,-39.0669,-18.1886,-24.6375,-14.8534,-16.2349,21.8478,36.0257,23.0762,19.4346,38.1483,10.8401,1.187860,0.000086,-0.003619,0.925859,0.943304,0.021272,-0.010501,8.717e-12
571,0.048542,-0.078680,0.405270,0.929959,0.075557,0.359815,0.126030,0.853851,-0.505030,-0.345387,0.515005,0.784524,-12.1169,-8.9065,-4.0130,-6.3496,-13.7205,-37.6549,1.9511,10.3259,5.7110,4.9522,22.9225,34.9195,1.718952,-0.003457,0.008486,0.955287,-1.268761,-0.535045,0.061450,5.991e-12
572,-0.071427,-0.044747,0.414355,0.906646,-0.056804,-0.418051,-0.058820,0.964197,-0.258580,0.417772,0.259030,0.870844,-6.3927,-2.6713,-10.7096,-29.3603,-15.7829,-16.7355,25.1227,0.2030,24.1906,22.5504,25.0715,11.8179,1.173817,0.004683,0.002998,0.950823,-0.181020,0.283535,-0.002983,6.801e-11
573,-0.012159,-0.011906,0.411567,0.991222,-0.009393,-0.131877,-0.006948,0.992394,-0.122906,0.132029,0.122743,0.983617,-19.2209,-27.0173,-19.8183,-36.1975,-20.4399,-33.4306,30.0718,21.0446,35.3587,31.3305,31.8071,28.5276,0.575816,0.001333,0.000794,0.910902,-0.353667,0.593052,0.001815,1.757e-12
574,0.013401,-0.019283,0.424868,0.997996,0.003965,0.063154,0.002317,0.995077,-0.099081,-0.063236,0.099029,0.993073,-12.9874,-17.4266,-8.8037,-17.1546,-12.4001,-22.5850,26.3773,15.8618,1.0728,16.2692,21.5711,17.8801,0.351832,-0.002380,0.003111,0.948797,-0.469489,-0.358736,-0.001852,6.265e-12
575,-0.002193,0.025327,0.424148,0.999937,0.002442,-0.010992,-0.000116,0.978383,0.206799,0.011259,-0.206785,0.978322,-11.3875,-24.4997,-12.3762,-19.5959,-11.1218,-13.6763,16.0351,22.7246,10.0036,16.7322,26.2164,10.3614,0.494597,0.000358,-0.001078,0.947758,0.162018,0.053840,-0.003023,3.497e-10
576,-0.012380,0.008101,0.428038,0.996611,0.005697,-0.082064,0.001355,0.996327,0.085615,0.082250,-0.085436,0.992943,-9.8698,-17.5466,-10.6763,-19.0290,-11.0685,-13.0944,20.7999,15.0651,11.8230,15.4316,26.4155,8.8057,0.308821,0.000791,0.000267,0.952657,-0.024130,0.071957,-0.005434,5.309e-11
577,0.036118,0.054373,0.423928,0.985445,-0.019035,0.168926,-0.022728,0.970036,0.241896,-0.168468,-0.242214,0.955485,-13.1533,-23.0939,-12.7861,-9.0054,-4.9470,-10.3241,33.5475,13.0280,34.5432,5.4281,16.3528,6.6575,0.672759,-0.002133,-0.003370,0.953813,-0.043973,0.026790,-0.005015,1.126e-11
578,-0.017778,0.011596,0.411672,0.969781,0.021792,-0.243003,0.006422,0.993378,0.114713,0.243894,-0.112807,0.963219,-15.5547,-29.0741,-17.7630,-37.2188,-17.7088,-23.1474,1.3893,27.8217,20.6603,35.5614,33.4788,20.2348,1.077056,0.003425,-0.000126,0.923406,0.082707,1.785920,-0.009381,5.942e-12
579,-0.031604,0.002838,0.419897,0.965158,0.023560,-0.260606,-0.003361,0.996972,0.077685,0.261647,-0.074103,0.962315,-13.3289,-20.2618,-13.4394,-30.2131,-15.8850,-16.3251,38.6428,17.0844,4.0014,26.6385,38.0135,8.8390,0.786278,0.001380,0.002142,0.936122,-0.354548,0.232676,-0.030758,6.258e-12
580,-0.008096,0.010454,0.407417,0.999982,-0.001569,0.005794,0.001068,0.996343,0.085434,-0.005906,-0.085426,0.996327,-20.7144,-39.5945,-20.8599,-37.1087,-20.8378,-35.1541,32.0381,38.9036,4.2425,35.5323,20.2786,33.1948,0.456311,0.000326,-0.000055,0.906499,-0.153524,-0.802538,-0.000786,2.576e-12
581,-0.026813,0.069611,0.423207,0.991612,0.013009,-0.128594,0.024472,0.958029,0.285624,0.126913,-0.286375,0.949675,-6.0766,-18.2791,-14.9175,-16.5588,-3.6828,-3.1580,11.9065,11.0478,37.9574,11.9179,0.0077,6.0264,0.726772,0.001919,-0.005721,0.963156,0.127906,0.046836,0.015112,4.886e-11
582,-0.013135,0.045525,0.416740,0.996224,0.018606,-0.084806,0.010056,0.945465,0.325568,0.086238,-0.325192,0.941708,-11.6787,-29.2502,-16.6505,-24.5767,-10.6515,-12.0125,10.1005,25.8987,32.6348,21.1877,10.6429,11.3787,0.996741,0.002245,-0.005975,0.941568,1.203949,0.449340,-0.008931,7.971e-12
583,-0.095399,0.002108,0.405330,0.761003,0.035433,-0.647779,-0.002629,0.998668,0.051539,0.648742,-0.037518,0.760083,-6.2198,-7.7939,-12.5050,-38.4097,-13.7802,-5.4756,36.5229,5.5349,2.8388,35.3097,19.0672,0.8941,1.663799,0.005775,0.000865,0.951360,-0.085397,0.601617,-0.051151,5.742e-10
584,0.018565,-0.015611,0.411685,0.972881,0.023571,0.230104,0.010853,0.989047,-0.147198,-0.231053,0.145704,0.961969,-17.9450,-30.0547,-16.8728,-23.3611,-16.8073,-37.7205,20.7330,27.7321,26.6476,20.5543,5.5737,37.7204,0.915290,-0.001777,-0.000065,0.922624,0.031414,-1.076694,-0.007791,1.560e-11
585,-0.080170,-0.033794,0.410219,0.886609,-0.049683,-0.459844,-0.047221,0.979295,-0.196853,0.460104,0.196246,0.865905,-8.6970,-6.9225,-14.8469,-33.9462,-18.6634,-17.6120,35.5364,1.5031,38.6387,23.5386,39.1530,10.3820,1.199304,0.005419,0.002227,0.936874,-0.142812,0.346305,0.002908,8.034e-11
586,0.035212,0.115790,0.400277,0.973885,-0.059824,0.219020,-0.091734,0.778738,0.620606,-0.207686,-0.624490,0.752913,-11.1789,-35.7777,-15.6515,-7.7254,-0.7869,-0.4195,13.7388,28.2589,27.8492,5.4472,8.6559,1.7873,1.660837,-0.002194,-0.009139,0.958819,0.597709,-0.155625,-0.043026,2.605e-10
587,-0.062462,-0.050174,0.401027,0.868111,-0.114128,-0.483072,-0.101103,0.912151,-0.397189,0.485965,0.393644,0.780309,-10.5759,-4.6821,-13.8002,-39.3486,-18.2034,-26.8178,19.2601,1.2377,24.5849,36.1587,19.4669,24.1392,1.837808,0.006439,0.004576,0.936114,-1.014625,1.420061,0.013330,3.090e-12
588,-0.076025,0.019055,0.401513,0.818441,0.037862,-0.573342,0.049296,0.989521,0.135715,0.572472,-0.139338,0.807998,-11.2476,-19.6532,-19.2882,-43.3568,-16.8251,-11.9484,25.4212,14.4772,34.6014,37.8893,27.0640,7.7071,1.715621,0.007760,-0.002391,0.928972,0.497143,1.627812,0.012644,2.169e-12
589,0.024774,-0.032999,0.410775,0.972956,0.046575,0.226247,0.025746,0.951493,-0.306591,-0.229552,0.304124,0.924562,-18.2842,-22.6504,-13.8257,-20.1810,-16.5205,-38.8738,36.6649,18.4769,15.5402,17.5653,16.2056,35.9542,1.253478,-0.004218,0.003243,0.927028,-1.032817,-1.325924,-0.017949,1.361e-11
590,0.014054,-0.051878,0.414334,0.994511,0.033725,0.099046,0.011952,0.903815,-0.427756,-0.103946,0.426592,0.898451,-13.8127,-11.9779,-9.9777,-18.6535,-13.7843,-34.9375,20.8455,9.1785,17.6793,17.8386,3.5220,33.9201,1.218283,-0.002298,0.004003,0.943689,-0.883578,-0.503059,-0.023446,1.467e-11
591,0.001696,0.011835,0.431576,0.999797,-0.000501,-0.020140,0.003490,0.988887,0.148629,0.019842,-0.148669,0.988688,-10.1852,-16.4337,-8.6565,-13.4549,-9.8779,-8.6792,32.7809,12.1620,10.8381,8.7103,38.5431,0.5650,0.467710,-0.000395,0.000453,0.956993,0.023543,0.019961,0.005429,9.842e-12
592,0.016785,0.077921,0.398670,0.992261,-0.052664,0.112448,-0.024887,0.802877,0.595625,-0.121650,-0.593814,0.795353,-17.5808,-43.9850,-19.5257,-21.5986,-10.2238,-10.8164,38.3095,37.8394,34.8697,18.4268,8.0946,7.0123,1.905157,-0.003129,-0.009705,0.928892,2.236366,-0.703624,0.026469,8.909e-12
593,0.016730,0.053901,0.411517,0.989032,-0.032307,0.144124,-0.037021,0.890411,0.453649,-0.142986,-0.454009,0.879449,-14.4511,-38.0848,-15.4810,-19.0787,-12.0018,-13.5006,13.4601,37.0624,11.5523,15.6758,32.7098,9.8009,1.278231,-0.000871,-0.003667,0.937170,0.849408,-0.202151,-0.005367,1.065e-11
594,0.003285,0.006183,0.433026,0.994775,-0.001350,0.102082,-0.004782,0.998199,0.059800,-0.101979,-0.059976,0.992977,-7.5784,-14.7826,-9.3540,-8.6204,-9.4603,-11.6597,10.3396,11.1458,29.0550,0.7528,37.7693,6.9738,0.440780,0.000696,0.000033,0.960479,0.003316,-0.059724,-0.004726,1.122e-11
595,-0.029374,0.034629,0.406965,0.957540,0.034753,-0.286199,0.073688,0.930232,0.359499,0.278725,-0.365324,0.888173,-16.0182,-33.7846,-18.6334,-36.9833,-14.6783,-14.0925,33.5793,30.6024,25.3361,36.4650,2.0175,10.2744,1.561785,0.001079,-0.004997,0.925909,1.936393,0.447728,0.030488,1.038e-11
596,0.055926,-0.010812,0.413965,0.924565,0.044249,0.378447,0.000569,0.993072,-0.117503,-0.381025,0.108854,0.918135,-18.0048,-25.1138,-11.8094,-10.4592,-10.8999,-31.0279,38.1886,19.0959,25.5909,9.3424,1.5436,27.9115,1.184945,-0.007312,-0.000739,0.938975,0.122715,-1.369510,-0.046901,7.237e-12
597,-0.099797,0.012645,0.406887,0.790027,0.059379,-0.610190,0.016150,0.992937,0.117535,0.612860,-0.102710,0.783488,-2.0813,-8.0617,-11.7542,-34.8066,-11.9076,-2.0796,7.5971,9.2922,2.6694,31.1451,18.9688,1.3675,1.611735,0.008339,0.000004,0.961517,0.011308,0.867654,-0.056261,8.008e-10
598,0.071009,-0.056546,0.409491,0.901583,0.066777,0.427421,0.081718,0.943939,-0.319846,-0.424818,0.323296,0.845582,-16.3801,-15.7844,-5.6385,-4.4173,-12.9383,-33.4534,26.8604,12.5149,16.0028,2.2770,28.5932,25.9101,1.338019,-0.005692,0.005028,0.947728,-0.483430,-0.553505,0.019264,4.840e-10
599,-0.020098,0.025048,0.420310,0.987962,0.015416,-0.153924,0.014819,0.981015,0.193363,0.153983,-0.193316,0.968978,-12.7832,-24.8116,-15.2300,-26.7374,-13.2274,-14.6608,25.9362,20.9885,19.5215,22.9027,25.4585,10.4612,0.627130,0.001527,-0.001833,0.938237,0.323345,0.269360,-0.000586,1.153e-11
600,0.032312,-0.094493,0.409050,0.982801,0.057659,0.175437,0.048018,0.837541,-0.544261,-0.178317,0.543324,0.820367,-12.4856,-3.2941,-3.5952,-9.8284,-14.3511,-33.3644,23.6621,1.3226,18.8665,7.3536,20.6119,26.2722,1.394976,-0.002428,0.006490,0.954529,-0.408986,-0.150523,-0.012574,1.073e-10
601,-0.019694,-0.016565,0.414938,0.983201,-0.012045,-0.182129,-0.016063,0.988239,-0.152071,0.181819,0.152442,0.971444,-15.1301,-20.6180,-15.8386,-32.8774,-18.1728,-28.6137,18.3930,17.5133,18.4560,29.4215,33.9061,24.8280,0.795676,0.002559,0.002745,0.926337,-0.862865,0.806516,-0.003681,1.291e-11
602,0.074260,0.040780,0.412147,0.910714,-0.067182,0.407538,-0.042101,0.966445,0.253400,-0.410887,-0.247933,0.877326,-17.0404,-30.7069,-10.1144,-4.7010,-5.4036,-17.1821,37.1157,24.5183,11.5704,5.9546,6.7479,13.1313,1.244366,-0.008014,-0.003600,0.951310,0.414621,-0.902077,0.029940,9.769e-10
603,0.004928,-0.014355,0.409629,0.997154,0.008035,0.074967,0.006643,0.981077,-0.193506,-0.075103,0.193453,0.978231,-20.0023,-29.7214,-19.2174,-31.3794,-20.0589,-39.8468,28.5851,25.5468,21.8152,27.6156,26.4590,37.5414,0.756031,-0.000591,0.001189,0.911166,-0.936231,-0.464149,-0.000667,1.772e-11
604,-0.019782,0.003655,0.419890,0.983107,-0.002042,-0.183023,0.007754,0.999505,0.030503,0.182870,-0.031407,0.982635,-12.2774,-21.7944,-14.1608,-29.2530,-12.7216,-20.1582,12.8148,20.3160,17.8750,29.3788,0.4036,20.0616,0.591495,0.001615,-0.001711,0.941332,0.510646,0.485068,0.009176,2.017e-11
605,0.050464,-0.024974,0.415335,0.929497,0.032243,0.367417,0.035633,0.983662,-0.176466,-0.367104,0.177117,0.913162,-16.7698,-22.7442,-12.0606,-10.4619,-14.3326,-32.2161,22.5685,17.2901,36.3093,4.5718,32.3118,26.5914,1.013704,-0.003324,0.001826,0.935367,-0.257618,-0.469542,0.004245,8.980e-10
606,-0.055176,-0.006381,0.417303,0.937966,0.001448,-0.346723,-0.010079,0.999683,-0.023089,0.346579,0.025151,0.937683,-9.9913,-14.9186,-14.9750,-31.5028,-16.4317,-16.2249,23.6773,11.1138,27.5898,24.2192,36.7940,10.9196,0.884530,0.005098,0.001107,0.938022,-0.140065,0.655517,-0.013775,8.983e-10
607,-0.011515,0.038510,0.405655,0.990701,0.033038,-0.131988,0.022719,0.916284,0.399885,0.134150,-0.399165,0.907012,-18.8161,-40.8150,-20.3863,-36.3353,-18.9134,-19.4057,26.2304,38.4468,19.9163,32.5346,39.7893,12.6942,1.277272,0.001255,-0.001959,0.912890,1.000917,0.637499,-0.007310,1.222e-11
608,-0.119091,-0.026775,0.404090,0.784725,-0.026453,-0.619279,-0.054792,0.992217,-0.111814,0.617417,0.121674,0.777169,1.4629,1.2239,-9.5207,-32.1922,-13.8933,-5.4356,0.8200,1.7257,9.5897,25.0551,23.1028,4.6799,1.548114,0.008493,0.002364,0.967324,-0.084876,0.345092,-0.038875,1.672e-10
609,-0.014809,-0.012114,0.405255,0.985673,-0.015200,-0.167983,-0.032172,0.960703,-0.275706,0.165573,0.277160,0.946450,-19.9993,-24.7290,-19.3812,-39.6195,-20.8466,-39.3947,31.3699,19.8431,3.5182,37.9851,38.7959,36.8964,1.408467,0.000269,0.002109,0.909499,-2.292951,0.356040,-0.004595,4.060e-12
610,0.023917,0.061220,0.416680,0.983849,-0.036662,0.175209,-0.042702,0.902474,0.428623,-0.173835,-0.429182,0.886332,-11.4505,-31.9549,-12.6538,-12.2178,-6.9973,-8.7750,9.2850,29.9782,11.2068,10.2344,20.0934,7.3415,1.171301,-0.001567,-0.004697,0.953431,0.642447,-0.215235,-0.007728,7.210e-12
611,-0.015035,0.028511,0.410124,0.986288,0.027494,-0.162728,0.023244,0.953055,0.301905,0.163389,-0.301548,0.939347,-16.4679,-35.0202,-19.1445,-34.5264,-16.6258,-19.0260,17.3873,32.4476,30.7554,31.6056,21.6366,15.0387,1.170537,0.002089,-0.003237,0.921629,1.350012,0.868280,-0.003071,1.929e-11
612,-0.085325,0.034703,0.397800,0.797032,0.101286,-0.595383,0.073647,0.962178,0.262276,0.599430,-0.252891,0.759427,-8.4617,-20.3545,-18.6313,-42.4718,-15.6467,-5.9309,14.6604,17.3743,27.0956,36.6600,32.4429,2.6003,1.897647,0.009423,-0.002915,0.935903,0.554205,1.752920,-0.030076,1.556e-12
613,0.021025,-0.020324,0.410906,0.968010,0.032127,0.248847,0.012969,0.984037,-0.177489,-0.250577,0.175039,0.952141,-17.9968,-29.7345,-17.2241,-22.9083,-16.8140,-38.9760,17.5861,26.9957,35.8701,19.7049,0.9469,39.4644,0.991925,-0.001585,-0.000535,0.922016,0.316236,-0.977616,-0.011670,2.350e-11
614,-0.017477,-0.021099,0.418469,0.990383,-0.023218,-0.136390,-0.004626,0.979709,-0.200370,0.138275,0.199074,0.970180,-13.3883,-16.9815,-15.4005,-28.4820,-15.1703,-27.4404,17.0400,12.2133,39.0591,24.7693,9.3605,26.0234,0.711129,0.002315,-0.000223,0.934157,0.050029,0.547393,0.019137,1.843e-11
615,-0.005374,0.041087,0.406324,0.997240,0.023371,-0.070472,0.012466,0.882981,0.469243,0.073192,-0.468826,0.880253,-14.5856,-39.1556,-17.5324,-29.8961,-13.5090,-13.7747,5.1990,39.7109,28.6265,29.1407,4.1847,12.1230,1.746394,0.001406,-0.005443,0.931304,2.491844,0.629710,-0.006786,1.324e-11
616,0.083761,-0.020217,0.406257,0.843063,0.007940,0.537757,0.048811,0.994635,-0.091208,-0.535596,0.103143,0.838152,-19.1002,-26.5909,-8.3560,-3.8167,-12.4748,-32.0968,34.5432,22.7354,9.6228,1.8747,32.4143,24.5272,1.486102,-0.008311,0.003279,0.940217,-0.456746,-1.196303,0.047980,1.356e-11
617,0.051981,-0.055476,0.403785,0.908306,0.097897,0.406689,0.097681,0.895710,-0.433776,-0.406741,0.433727,0.804017,-15.7852,-16.5111,-7.6362,-8.9805,-13.8615,-40.6486,20.1575,15.6408,1.9213,8.3988,15.9847,38.7764,1.828994,-0.006266,0.006706,0.943977,-1.541742,-1.440943,0.000306,5.101e-12
618,0.012965,-0.059689,0.425434,0.994531,-0.000965,0.104436,0.026577,0.969377,-0.244137,-0.101002,0.245577,0.964101,-9.2202,-8.5208,-4.0237,-10.3056,-13.6666,-21.4194,13.5563,9.4201,6.5171,5.9812,39.3098,13.6265,0.676177,-0.000263,0.004892,0.959774,-0.111374,-0.013293,0.036070,1.115e-10
619,-0.009849,-0.061812,0.411539,0.996775,-0.016690,-0.078489,-0.021880,0.884536,-0.465958,0.077204,0.466173,0.881319,-12.5871,-8.2214,-9.9908,-24.4643,-16.5419,-33.4486,18.9308,6.2683,13.2537,22.1421,21.1678,30.3940,1.340401,0.000798,0.006548,0.941353,-1.332108,0.163856,-0.005714,7.964e-12
620,-0.006779,-0.018409,0.407207,0.999265,-0.001702,-0.038287,-0.006994,0.974135,-0.225858,0.037681,0.225960,0.973408,-21.0160,-29.4720,-20.7721,-37.1026,-21.0150,-41.3160,34.7588,24.4324,26.9448,34.2920,15.5053,39.4205,0.731181,-0.000196,0.000351,0.905922,-0.618031,-0.337582,-0.001447,6.327e-10
621,-0.010367,0.032594,0.409148,0.987437,0.040728,-0.152677,0.014144,0.939553,0.342113,0.157381,-0.339974,0.927173,-16.0797,-36.6190,-18.1444,-34.8197,-17.1584,-18.5240,4.8463,36.5999,15.5994,32.8820,35.7306,14.4983,1.269575,0.002439,-0.001412,0.922923,0.776137,1.298375,-0.017237,1.759e-11
622,0.049024,-0.060032,0.413380,0.955301,0.078972,0.284891,0.045774,0.912529,-0.406443,-0.292069,0.401316,0.868125,-14.7852,-11.4354,-6.3205,-8.7143,-11.9760,-33.3343,26.9016,7.7714,18.5251,7.8852,10.2858,28.7547,1.273699,-0.004944,0.004384,0.950491,-0.525474,-0.581831,-0.041056,9.275e-10
623,-0.032004,0.002853,0.413251,0.949688,0.000323,-0.313198,0.011361,0.999306,0.035479,0.312992,-0.037252,0.949025,-15.4877,-24.1707,-16.8692,-37.5185,-16.0223,-22.2102,31.0885,20.7350,18.0171,37.2882,6.9817,19.2963,0.895025,0.001419,-0.001069,0.927523,0.422084,0.562269,0.009208,1.257e-11
624,-0.001326,0.082063,0.401146,0.999844,-0.000969,-0.017642,0.011589,0.789679,0.613411,0.013337,-0.613519,0.789567,-13.9898,-39.9686,-18.3001,-23.4928,-9.0843,-5.6470,23.5004,35.9140,27.0261,20.9698,10.2188,3.4874,1.838814,-0.000299,-0.009359,0.937894,1.978549,-0.057516,0.013143,3.069e-12
625,0.013522,0.026541,0.428511,0.999340,-0.008375,0.035338,0.002993,0.988731,0.149675,-0.036193,-0.149470,0.988104,-11.0966,-19.4063,-10.0508,-13.8806,-6.7438,-11.6023,26.7684,14.7755,12.9352,13.2600,7.8179,8.9651,0.416468,-0.002021,-0.002161,0.958247,0.168341,-0.155481,0.014438,1.134e-10
626,-0.045643,0.049865,0.420333,0.978532,0.041485,-0.201877,0.016516,0.960597,0.277456,0.205432,-0.274833,0.939289,-6.8762,-20.5149,-16.2418,-22.5860,-10.1913,-5.8853,11.1008,15.6055,36.2329,13.9982,29.7894,4.5213,0.830156,0.004241,-0.003559,0.950189,0.209558,0.240398,-0.031777,1.331e-10
627,0.023083,-0.083711,0.405502,0.992758,0.076045,0.093001,-0.007304,0.810921,-0.585110,-0.119911,0.580194,0.805603,-14.5712,-4.9512,-5.1519,-15.6382,-13.9796,-37.3116,36.8524,2.5701,0.6714,17.1380,5.0545,32.9662,1.720025,-0.005016,0.008204,0.949484,-1.366282,-0.796210,-0.094877,7.220e-12
628,0.078272,0.004743,0.392847,0.728654,0.006896,0.684847,-0.037700,0.998837,0.030054,-0.683844,-0.047718,0.728067,-20.1527,-38.7076,-13.8941,-3.4944,-11.6756,-36.1015,35.0596,35.3163,24.0886,0.7902,0.4414,34.8157,2.356573,-0.010089,-0.002359,0.931051,0.656122,-2.990731,-0.036908,5.553e-12
629,-0.022869,0.054685,0.408863,0.978189,0.063270,-0.197847,0.042092,0.872343,0.487078,0.203408,-0.484782,0.850654,-10.9543,-33.1306,-15.4581,-29.4654,-11.2609,-6.5917,2.6690,34.1959,8.8713,29.0657,16.0011,5.3384,1.603051,0.003223,-0.004993,0.943440,1.423497,0.909585,-0.020229,5.750e-12
630,0.014500,0.048105,0.409143,0.992377,-0.025189,0.120640,-0.025330,0.916303,0.399684,-0.120611,-0.399693,0.908680,-17.0421,-38.8953,-18.6255,-22.5840,-12.0665,-17.4704,30.2440,33.9329,38.7443,19.2885,4.1101,14.7278,1.390173,-0.002194,-0.007342,0.928308,1.991524,-0.595250,-0.000236,6.256e-12
631,-0.031632,-0.025078,0.424764,0.981673,-0.026745,-0.188687,-0.010118,0.981393,-0.191743,0.190304,0.190139,0.963136,-7.4260,-8.7290,-10.1963,-22.3963,-11.7750,-18.7548,7.5126,7.2113,21.8520,19.2504,9.5816,18.1247,0.685588,0.003218,0.001255,0.955984,-0.153421,0.388272,0.020350,5.428e-10
632,-0.010248,0.019609,0.405356,0.985308,0.023653,-0.169143,0.018763,0.969377,0.244858,0.169754,-0.244434,0.954691,-20.8630,-40.1523,-21.1892,-41.4649,-20.9924,-27.2600,23.2300,38.2132,19.7718,39.7418,32.1305,21.8121,1.010043,0.000363,-0.000284,0.905521,0.683709,0.853948,-0.000934,1.674e-10
633,0.065340,-0.039202,0.426447,0.951861,0.054990,0.301556,0.021745,0.969185,-0.245373,-0.305756,0.240118,0.921334,-10.5492,-6.8058,-1.5611,0.8106,-4.7559,-19.7253,17.7549,3.0218,15.4521,0.6664,1.8120,15.5855,0.930019,-0.002973,0.001145,0.974796,0.078417,0.222812,-0.046901,8.588e-11
634,-0.019005,-0.033618,0.426446,0.992156,-0.008498,-0.124716,-0.015541,0.981561,-0.190517,0.124035,0.190960,0.973730,-7.5769,-8.6322,-6.9430,-19.2741,-11.7044,-18.6369,8.3468,9.6795,1.3103,18.0963,16.2379,16.4540,0.579707,0.001598,0.003747,0.960739,-0.444961,0.190905,-0.008718,5.991e-10
635,-0.022917,-0.002780,0.418668,0.982335,-0.008494,-0.186938,0.000551,0.999096,-0.042502,0.187130,0.041648,0.981452,-15.1377,-21.0296,-16.9648,-30.5946,-16.0114,-23.2155,35.8641,14.2968,36.6324,25.5261,20.6642,18.3529,0.519131,0.001491,-0.000905,0.927944,0.180892,0.299245,0.009792,2.057e-11
636,-0.026666,-0.061232,0.415695,0.988948,-0.043260,-0.141814,-0.016699,0.917902,-0.396455,0.147322,0.394441,0.907035,-8.2188,-5.7800,-8.4899,-23.1549,-16.1425,-26.9659,0.6229,6.8264,12.6358,19.0366,30.1713,24.3104,1.157885,0.004052,0.006694,0.950799,-1.011160,0.602196,0.030425,1.176e-11
637,0.045169,0.004188,0.406563,0.877160,-0.018826,0.479829,0.016227,0.999823,0.009563,-0.479924,-0.000602,0.877310,-17.2765,-36.1201,-14.7142,-13.5860,-16.0690,-36.0674,6.8557,37.1530,4.1293,9.6066,34.6316,35.3349,1.573125,-0.003007,0.001735,0.927864,-0.832598,-1.493137,0.024681,9.947e-12
638,0.063670,0.105577,0.402642,0.941363,-0.121558,0.314737,-0.088953,0.810421,0.579056,-0.325458,-0.573099,0.752087,-11.9936,-33.5111,-10.6575,-1.3692,1.9248,-0.8838,17.7904,27.3886,7.1788,3.8491,0.6764,1.4964,1.644498,-0.005073,-0.007397,0.969144,0.371748,-0.240971,0.044380,2.052e-10
639,0.040961,-0.011453,0.412840,0.935895,0.006415,0.352220,0.025820,0.995896,-0.086745,-0.351331,0.090279,0.931888,-17.8608,-29.0406,-13.6411,-15.2439,-15.9211,-33.8149,24.2181,26.2904,15.6014,10.9726,33.5136,29.5127,1.093459,-0.003944,0.002477,0.928910,-0.651069,-1.047628,0.019064,1.822e-11
640,-0.007543,0.017120,0.420027,0.995831,-0.001328,-0.091208,0.014677,0.989200,0.145838,0.090029,-0.146569,0.985095,-15.1910,-26.4063,-14.2678,-26.6620,-12.8939,-18.7590,39.3489,22.9887,7.3614,26.2870,9.4675,14.8835,0.612484,-0.002000,-0.001504,0.936558,0.372407,-0.488909,0.016123,1.174e-11
641,0.009041,0.069565,0.410711,0.998856,-0.028097,0.038688,0.004060,0.856042,0.516890,-0.047641,-0.516142,0.855177,-13.7729,-35.6096,-14.9316,-19.3388,-8.6552,-7.4028,27.6324,32.3784,8.9701,17.9718,17.7669,4.0508,1.411434,-0.002059,-0.005860,0.944025,1.033641,-0.356100,0.037279,8.892e-12
642,0.035011,0.024891,0.409676,0.936441,-0.059191,0.345796,-0.025776,0.971392,0.236080,-0.349877,-0.229988,0.908125,-18.0331,-39.2781,-15.2513,-16.8807,-15.1406,-26.9242,25.6857,38.8180,2.9674,13.6221,31.7760,23.0024,1.335561,-0.004074,-0.000229,0.927362,0.098367,-1.480133,0.028045,1.650e-11
643,0.045287,-0.024887,0.406517,0.895967,0.058231,0.440287,0.055821,0.968740,-0.241715,-0.440599,0.241146,0.864709,-17.3756,-26.6948,-12.5391,-12.4900,-14.7852,-39.8265,22.4802,25.2099,9.3528,10.2077,14.4071,39.2707,1.663081,-0.005355,0.002814,0.932820,-0.986915,-1.875102,-0.001724,8.079e-12
644,0.017939,-0.079755,0.420220,0.997907,0.031480,0.056491,-0.002575,0.892175,-0.451682,-0.064619,0.450591,0.890389,-8.8088,-0.5812,-1.0754,-9.8439,-10.2846,-24.9186,17.4031,1.1428,0.3578,11.2026,4.3570,20.6869,1.099553,-0.002101,0.005513,0.969871,-0.295539,-0.104490,-0.045629,1.912e-10
645,-0.073156,-0.055911,0.414890,0.921205,-0.055325,-0.385125,-0.061700,0.956541,-0.284996,0.384155,0.286302,0.877757,-2.8112,-0.1237,-7.3800,-25.9120,-15.1883,-15.6157,2.3731,2.7225,9.8946,20.0487,28.0560,12.6492,1.157889,0.006112,0.004858,0.962111,-0.321172,0.407470,-0.008544,1.373e-10
646,-0.020516,0.044116,0.401506,0.969798,0.072442,-0.232902,0.045702,0.883995,0.465258,0.239588,-0.461850,0.853986,-16.5813,-39.4366,-20.6091,-38.1391,-17.4416,-14.1965,11.8661,37.3809,34.1099,34.5938,31.3917,8.8714,1.825096,0.003574,-0.004189,0.917857,1.862766,1.554026,-0.018245,8.424e-12
647,-0.014648,-0.063489,0.402386,0.990174,-0.021751,-0.138136,-0.063925,0.808164,-0.585478,0.124371,0.588556,0.798833,-14.4762,-6.8034,-11.3636,-29.2704,-16.6334,-39.5916,28.3654,3.4947,6.4477,29.7240,6.6176,39.0337,1.922055,-0.000505,0.006446,0.936168,-2.073597,-0.139451,-0.038185,8.505e-12
648,0.009729,0.010915,0.411052,0.992759,-0.008293,0.119834,-0.001833,0.996452,0.084140,-0.120106,-0.083751,0.989222,-20.0844,-37.2530,-19.3911,-29.6483,-19.8210,-32.8862,27.8668,34.6073,14.8872,25.1223,39.1914,28.4100,0.522292,-0.000767,0.000587,0.911178,-0.384289,-0.508792,0.003771,1.229e-11
649,-0.011943,-0.010108,0.412859,0.987562,-0.010284,-0.156896,-0.008567,0.992857,-0.119000,0.156999,0.118864,0.980420,-16.5924,-25.2591,-16.9287,-35.4789,-17.2158,-31.4757,13.1359,23.4087,15.9788,35.8072,11.2992,31.0695,0.654383,0.000803,0.000419,0.923988,-0.349430,0.668011,0.000811,1.963e-11
650,0.012377,-0.031752,0.429859,0.999926,0.012166,0.000714,-0.011725,0.976365,-0.215809,-0.003323,0.215785,0.976435,-10.5218,-7.2247,-6.2585,-12.7616,-8.6077,-18.5383,31.6560,2.4622,17.4313,12.0889,4.3050,14.0441,0.600982,-0.001798,0.001204,0.961995,-0.027787,-0.036608,-0.031874,8.951e-11
651,-0.014834,-0.025618,0.409496,0.987924,-0.021538,-0.153433,-0.019060,0.965874,-0.258310,0.153760,0.258115,0.953800,-19.1678,-23.0146,-19.3259,-36.8526,-20.0620,-36.6379,34.0739,16.4119,37.0859,33.1340,18.6239,33.0610,0.835020,0.000790,0.000961,0.912290,-0.465587,0.382808,0.001738,2.257e-12
652,-0.009845,-0.054309,0.418994,0.996215,-0.009466,-0.086405,-0.024156,0.924745,-0.379819,0.083498,0.380468,0.921017,-10.1839,-6.8176,-7.4388,-20.8563,-13.3092,-27.1185,15.7555,6.3991,5.1437,20.4980,10.2473,25.0418,1.035863,0.000228,0.005348,0.953667,-0.865949,0.039615,-0.017272,1.001e-11
653,0.005248,0.012384,0.416406,0.998571,-0.008094,0.052816,0.001845,0.993093,0.117315,-0.053401,-0.117050,0.991689,-17.7612,-31.8547,-16.1435,-26.3997,-16.2598,-25.7566,36.7737,28.9377,8.4557,23.8297,25.9387,20.9086,0.515037,-0.002173,0.000126,0.924848,-0.039453,-0.737307,0.008627,7.665e-12
654,-0.047260,-0.037347,0.405582,0.894648,-0.096646,-0.436192,-0.067954,0.935527,-0.346658,0.441573,0.339778,0.830400,-11.8054,-8.7624,-14.4697,-39.1905,-16.1079,-27.5302,12.9132,5.3952,24.7907,39.1376,3.3925,27.5189,1.709067,0.004862,0.002077,0.936379,-0.676234,1.556191,0.026062,7.182e-12
655,-0.064943,0.038743,0.400219,0.840898,0.100925,-0.531699,0.090599,0.942341,0.322157,0.533556,-0.319073,0.783269,-11.0440,-25.1659,-18.3308,-42.1004,-14.9354,-7.2448,16.9775,22.5517,21.9326,39.3971,23.6989,3.7918,1.905679,0.007061,-0.003757,0.933455,0.954172,1.783746,-0.009669,7.887e-12
656,0.058173,-0.099000,0.407501,0.935047,0.084607,0.344279,0.116490,0.843861,-0.523763,-0.334838,0.529849,0.779195,-9.7059,-1.7976,1.6996,-0.1986,-10.6962,-31.4569,2.6415,4.3846,1.6128,1.0401,13.6396,26.6843,1.545971,-0.003550,0.007148,0.972139,-0.325614,-0.172780,0.044806,1.911e-10
657,-0.001134,0.088329,0.408038,0.999229,-0.006839,-0.038673,0.028137,0.811633,0.583489,0.027398,-0.584127,0.811200,-10.9703,-33.3477,-14.6969,-18.5847,-5.0852,-0.9297,21.5925,29.6844,10.2619,18.2172,6.5634,0.2264,1.565703,-0.000953,-0.008085,0.953959,1.124364,-0.122866,0.043023,5.974e-12
658,-0.020273,0.025500,0.411933,0.980998,0.018822,-0.193104,0.032291,0.965564,0.258156,0.191313,-0.259486,0.946608,-16.9985,-32.9563,-17.9378,-34.8668,-16.3041,-19.2360,35.8101,30.0727,13.8197,33.4379,17.6602,14.4582,0.947469,0.000200,-0.002074,0.923227,0.835592,0.083171,0.011130,6.547e-12
659,0.020135,0.095615,0.405664,0.988632,-0.040972,0.144667,-0.057875,0.784323,0.617647,-0.138772,-0.618998,0.773035,-9.4822,-35.4530,-13.4290,-11.2064,-2.7349,-0.6274,2.8638,33.6259,10.7501,11.0238,4.7644,2.4576,1.703296,-0.001407,-0.008956,0.961617,1.190377,-0.192149,-0.021648,1.871e-12
660,0.012685,0.084376,0.401856,0.991830,-0.018288,0.126248,-0.062011,0.795750,0.602442,-0.111479,-0.605349,0.788115,-14.6492,-41.9588,-19.1925,-19.4710,-11.0440,-8.1016,17.2730,37.0801,32.3529,12.6924,39.2176,3.8762,1.694447,0.000372,-0.007233,0.932757,1.231591,0.052858,-0.052233,6.231e-12
661,0.007760,-0.021634,0.414304,0.996430,0.011585,0.083620,0.005972,0.978384,-0.206710,-0.084207,0.206471,0.974822,-17.0505,-24.9025,-16.5382,-26.4941,-16.6278,-35.7224,19.4965,21.2875,32.2310,23.8900,6.2567,35.1507,0.596097,-0.000709,0.000121,0.924793,-0.055058,-0.320325,-0.004254,1.842e-11
662,0.047882,-0.014905,0.424754,0.965082,0.030729,0.260140,0.004653,0.990928,-0.134313,-0.261908,0.130833,0.956184,-13.3205,-15.8066,-7.8870,-7.3397,-7.9621,-22.7627,24.7384,10.5214,23.4252,6.5052,6.1287,19.4116,0.734076,-0.003970,0.000078,0.956346,-0.009726,-0.292778,-0.033401,1.773e-10
663,-0.021290,-0.054182,0.431674,0.992617,-0.015032,-0.120357,-0.019496,0.959616,-0.280636,0.119715,0.280910,0.952238,-2.8405,1.7290,-1.5632,-11.1698,-7.9083,-13.1000,4.4432,0.3956,1.2974,10.5131,3.4212,11.3568,0.697343,0.000907,0.002621,0.981594,0.088641,-0.030029,-0.006365,1.546e-11
664,0.013312,0.006358,0.409567,0.996662,-0.001151,0.081629,-0.005488,0.996694,0.081065,-0.081453,-0.081242,0.993361,-20.2531,-38.3790,-20.6622,-32.5925,-20.5078,-34.1518,7.6661,36.0642,33.6554,28.2588,35.9199,30.8020,0.485117,0.000549,-0.000228,0.907989,0.274451,0.641054,-0.001579,1.563e-11
665,0.045773,-0.050587,0.423792,0.958220,0.008007,0.285921,0.052547,0.977668,-0.203482,-0.281165,0.210004,0.936400,-11.1312,-11.7282,-3.5497,-4.2354,-11.6408,-22.7803,13.7016,11.1846,10.7305,0.8458,36.3045,15.0101,0.883136,-0.001988,0.003812,0.960646,-0.022992,-0.023156,0.059896,1.571e-10
666,0.047094,-0.017906,0.407210,0.884597,0.046394,0.464042,0.039493,0.984013,-0.173663,-0.464680,0.171948,0.868623,-17.0303,-29.9531,-14.4505,-12.7574,-15.1148,-39.3098,7.1613,28.5402,26.6036,8.8039,15.2519,39.7676,1.479726,-0.003319,0.000866,0.930123,-0.339997,-1.296599,-0.005714,5.056e-12
667,-0.084809,-0.019358,0.402842,0.814129,-0.067973,-0.576692,-0.033154,0.986064,-0.163030,0.579737,0.151847,0.800530,-9.9322,-9.0679,-17.2168,-41.3178,-17.7935,-17.6773,33.2055,2.8175,39.5028,34.3180,22.9941,13.1926,1.606379,0.007243,0.000558,0.932700,-0.092081,1.090188,0.041701,8.561e-12
668,-0.023668,-0.029986,0.409022,0.976308,-0.030947,-0.214162,-0.029195,0.961832,-0.272080,0.214408,0.271887,0.938140,-18.6006,-20.2477,-19.1504,-37.3123,-21.5098,-34.6756,38.0173,12.6333,39.3822,30.9206,37.3357,28.2246,1.023899,0.002253,0.002667,0.911195,-0.825445,0.697039,0.001429,1.595e-11
669,-0.016679,0.036767,0.411909,0.985826,0.045442,-0.161499,0.014183,0.936600,0.350113,0.167170,-0.347441,0.922680,-13.6875,-33.2843,-17.0538,-31.7087,-15.2436,-14.7444,4.0986,33.0431,16.3414,28.9974,33.2671,11.4311,1.228382,0.003435,-0.002284,0.931032,0.783735,1.155310,-0.027069,3.904e-12
670,0.055926,-0.112295,0.390688,0.927368,0.130238,0.350752,0.149828,0.729748,-0.667097,-0.342842,0.671197,0.657232,-14.6950,-3.8054,-3.5885,-5.9411,-16.1873,-43.2450,18.7373,1.6079,26.8779,2.4389,24.8578,36.2694,2.000957,-0.003848,0.008594,0.948504,-0.802445,-0.366051,0.027455,5.194e-10
671,-0.016875,0.019475,0.422802,0.989813,0.018168,-0.141211,0.009896,0.980647,0.195533,0.142030,-0.194938,0.970477,-12.1254,-23.2334,-12.3750,-24.5637,-13.0625,-12.9970,28.1459,21.3913,0.6467,21.8994,33.6094,7.2783,0.615894,0.000595,0.000593,0.943748,-0.091619,0.092779,-0.009604,2.883e-10
672,0.071119,0.008065,0.408496,0.872083,-0.017466,0.489046,-0.013268,0.998152,0.059308,-0.489178,-0.058210,0.870239,-19.6496,-32.4293,-12.9149,-7.8250,-12.1743,-29.2529,36.6169,26.3964,25.1402,4.2690,25.9320,23.2499,1.350650,-0.007309,-0.000671,0.932976,0.116068,-1.252131,0.004679,3.338e-12
673,-0.002038,-0.010161,0.425451,0.997406,0.001620,-0.071964,-0.007054,0.997134,-0.075320,0.071636,0.075633,0.994559,-12.9503,-16.2402,-10.4357,-21.4407,-11.3044,-20.1759,35.4551,12.5398,8.3285,21.3855,6.4489,16.5025,0.456408,-0.002090,0.000765,0.948049,-0.118830,-0.320848,-0.010074,7.363e-10
674,0.013520,0.038653,0.421865,0.996745,-0.020416,0.077995,-0.003602,0.955162,0.296061,-0.080542,-0.295378,0.951979,-11.9681,-27.8012,-11.4711,-16.3369,-8.2983,-12.1937,18.1445,26.5571,2.5177,16.4869,10.6180,10.4921,0.817342,-0.002240,-0.002991,0.952463,0.516067,-0.383818,0.019303,8.451e-12
675,-0.083133,-0.006259,0.416578,0.871897,-0.021070,-0.489237,-0.006179,0.998521,-0.054015,0.489651,0.050118,0.870477,-2.3051,-4.7822,-10.6987,-29.2074,-10.7996,-7.5648,4.5083,4.8651,14.3133,25.4451,8.0186,8.3295,1.210637,0.006722,0.000099,0.964417,-0.011948,0.582546,0.019327,3.262e-10
676,0.016929,-0.062567,0.408770,0.993762,0.052415,0.098440,0.005429,0.858896,-0.512122,-0.111393,0.509462,0.853253,-16.8965,-11.6164,-12.2798,-20.3983,-15.8418,-39.4985,38.3636,4.5188,37.9165,17.2239,4.6887,35.9312,1.424889,-0.003085,0.003470,0.932556,-0.689948,-0.604544,-0.053368,6.386e-12
677,-0.024140,0.024828,0.409112,0.967916,0.033415,-0.249041,0.047242,0.949243,0.310974,0.246792,-0.312762,0.917210,-15.7944,-34.1428,-16.5771,-37.2024,-15.4642,-17.4301,23.6003,34.9628,2.2669,39.3417,4.4492,14.8118,1.279276,0.000416,-0.001609,0.928270,1.245956,0.332622,0.007381,2.136e-12
678,-0.075542,0.004946,0.406309,0.855316,0.007932,-0.518045,0.010086,0.999438,0.031954,0.518008,-0.032556,0.854756,-10.4406,-16.4433,-18.3115,-40.0668,-17.6452,-14.6719,24.0994,11.3895,36.4070,32.5991,34.4193,9.9621,1.428311,0.007702,-0.000584,0.930490,0.099214,1.318060,0.002490,1.335e-11
679,-0.030026,-0.035572,0.421231,0.979580,-0.043511,-0.196291,-0.016298,0.955904,-0.293226,0.200394,0.290437,0.935675,-8.2969,-7.3706,-10.7078,-24.2791,-12.3191,-22.8290,7.3050,5.2889,26.4314,21.9364,1.9863,23.1777,0.924665,0.003271,0.001454,0.953089,-0.226408,0.502587,0.032285,5.989e-12
680,0.059412,0.027041,0.424489,0.955936,-0.013867,0.293246,-0.021696,0.992815,0.117674,-0.292771,-0.118851,0.948768,-13.9453,-20.9625,-9.3126,-4.4188,-5.3422,-14.7010,30.6077,12.7378,26.9077,2.4785,17.1849,9.7777,0.724557,-0.003310,-0.001710,0.957227,-0.023580,0.042130,-0.010603,2.277e-11
681,-0.020224,0.042909,0.414453,0.992417,0.039760,-0.116304,0.001644,0.941856,0.336011,0.122902,-0.333655,0.934649,-12.2716,-31.0058,-18.1754,-27.7293,-14.1581,-13.2541,5.8577,28.0075,34.7677,21.3375,34.9091,10.2639,1.082742,0.004399,-0.004056,0.933145,0.856653,0.911185,-0.039851,9.263e-12
682,-0.004583,-0.003890,0.409841,0.993462,0.000128,-0.114159,0.002278,0.999778,0.020949,0.114137,-0.021072,0.993242,-18.6539,-33.4493,-18.5895,-38.0453,-18.6266,-32.3494,8.4918,33.3080,20.2556,39.2814,5.7602,31.8388,0.554247,-0.000136,0.000108,0.916288,0.582547,0.692910,-0.000313,7.542e-12
683,0.052842,-0.008230,0.405174,0.857048,0.025458,0.514607,0.017827,0.996715,-0.078998,-0.514928,0.076879,0.853779,-18.1249,-33.1891,-14.2029,-10.9249,-14.5303,-37.4007,20.2838,31.5124,19.2275,7.3981,14.4672,36.5294,1.679452,-0.005427,0.000437,0.929621,-0.161729,-1.955313,-0.006347,6.109e-12
684,0.042077,-0.067730,0.399449,0.942296,0.083997,0.324073,0.097779,0.856753,-0.506373,-0.320184,0.508841,0.799101,-17.7300,-15.5360,-8.9292,-14.2178,-17.9647,-43.8792,31.4007,13.4043,1.4475,11.3986,37.0897,38.3436,1.911090,-0.005245,0.009439,0.932920,-2.153250,-1.207289,0.013452,3.377e-12
685,0.023798,0.031654,0.420240,0.980044,-0.030803,0.196381,-0.024337,0.961897,0.272328,-0.197287,-0.271673,0.941951,-12.0611,-30.4028,-11.3566,-14.1551,-9.9001,-16.0004,4.2408,31.4065,0.9233,13.2082,21.3712,14.6819,0.857363,-0.001711,-0.001513,0.950097,0.317540,-0.359025,0.006994,1.090e-11
686,0.057457,0.038234,0.408722,0.902055,-0.078662,0.424393,-0.058778,0.951705,0.301334,-0.427601,-0.296765,0.853867,-17.3440,-37.5652,-13.6603,-9.2223,-10.7987,-21.2959,24.3736,34.2273,16.3245,6.0711,27.4605,16.9084,1.438716,-0.005654,-0.002791,0.937354,0.542248,-1.088611,0.022137,9.037e-12
687,0.003902,-0.073805,0.404503,0.999503,0.009657,0.029998,0.009252,0.820026,-0.572252,-0.030125,0.572245,0.819529,-15.6826,-9.0811,-12.3516,-23.4707,-18.4310,-40.7446,28.2964,3.4421,36.6425,18.4776,21.0635,36.4860,1.570456,-0.000323,0.005850,0.930372,-1.171715,-0.064609,-0.000278,1.344e-11
688,-0.057070,-0.076001,0.417550,0.970838,-0.063817,-0.231087,-0.029435,0.924895,-0.379081,0.237923,0.374828,0.896045,-2.7628,1.8379,-5.7158,-19.2842,-15.4438,-18.4383,2.0153,0.5020,19.1903,11.4075,31.3115,14.1298,1.055414,0.004083,0.004494,0.964311,0.002326,-0.017535,0.046228,1.229e-10
689,0.079085,-0.081598,0.397454,0.876112,0.118177,0.467398,0.130899,0.874761,-0.466538,-0.463996,0.469922,0.750920,-17.2916,-12.6106,-3.3236,-3.0672,-14.1524,-39.2301,30.1256,10.5723,6.6350,2.3002,28.3219,30.9688,1.757917,-0.007381,0.008023,0.948044,-0.901005,-0.836337,0.016317,7.864e-12
690,-0.047071,0.013724,0.414127,0.934964,0.044390,-0.351955,0.004628,0.990530,0.137222,0.354713,-0.129926,0.925904,-10.4019,-21.4761,-15.5059,-34.3293,-16.1088,-14.4859,5.5969,20.7082,15.2942,29.9406,39.6254,10.8986,1.176795,0.006480,0.000512,0.936993,-0.099027,1.444885,-0.040214,4.326e-12
691,-0.066508,0.042818,0.402443,0.887025,0.100901,-0.450562,0.058368,0.943497,0.326200,0.458018,-0.315646,0.831016,-9.9521,-25.9275,-20.2337,-38.9556,-16.1641,-8.4100,6.6798,22.4051,39.6888,31.2100,39.6368,5.0340,1.678798,0.009113,-0.004077,0.930462,0.829173,1.801340,-0.043160,3.369e-12
692,-0.099507,0.041466,0.388622,0.721646,0.123649,-0.681130,0.112170,0.950031,0.291306,0.683114,-0.286623,0.671716,-7.0040,-19.3907,-19.5700,-45.5679,-15.0193,-2.5545,11.6308,16.2777,31.4065,39.7317,27.2244,0.4127,2.231081,0.011168,-0.004332,0.937588,0.798276,2.042073,-0.011884,1.409e-12
693,-0.107344,-0.035200,0.391362,0.707390,-0.084601,-0.701742,-0.100180,0.970788,-0.218024,0.699688,0.224528,0.678251,-5.3929,-1.7778,-13.5966,-43.6784,-18.1202,-14.7930,16.5227,0.5765,18.7444,38.2508,27.0807,11.5425,2.085229,0.010325,0.003799,0.944428,-0.560006,1.540699,-0.019695,6.022e-13
694,0.031570,0.047777,0.409609,0.963092,-0.049018,0.264670,-0.059853,0.919664,0.388119,-0.262433,-0.389635,0.882787,-16.4700,-39.5118,-16.7179,-16.6704,-12.1051,-18.4481,19.3202,36.3261,26.8010,12.4590,23.8779,15.0756,1.352911,-0.002547,-0.004884,0.932096,1.171300,-0.614050,-0.011537,1.837e-11
695,0.064354,0.048108,0.407234,0.886291,-0.099139,0.452393,-0.078242,0.930727,0.357248,-0.456472,-0.352022,0.817138,-15.4404,-36.6832,-11.2320,-5.0522,-6.6556,-17.1265,19.2817,34.8137,6.7004,5.3038,8.9238,15.4641,1.636912,-0.007204,-0.004473,0.950024,0.820121,-1.307675,0.023318,2.198e-12
696,-0.000923,0.054383,0.415463,0.999991,0.004092,-0.001246,-0.003146,0.900909,0.433996,0.002898,-0.433988,0.900914,-11.5679,-32.4782,-14.1857,-20.9363,-9.7554,-9.1517,9.5814,31.9586,8.6809,19.3901,18.8391,7.5485,1.174460,0.000461,-0.004513,0.946792,0.929122,0.093891,-0.008110,1.327e-12
697,-0.017233,0.078606,0.406314,0.994770,0.053450,-0.087044,0.005582,0.822440,0.568824,0.101992,-0.566335,0.817840,-10.0540,-34.7740,-17.3088,-23.8196,-9.2851,-3.3806,3.0441,32.8238,24.6631,19.6676,22.5387,2.6382,1.639659,0.003398,-0.007638,0.945061,1.375831,0.594579,-0.054445,3.460e-12
698,-0.090080,-0.028118,0.419447,0.923007,-0.043018,-0.382370,-0.017998,0.987817,-0.154579,0.384361,0.149559,0.910988,-0.5806,-1.1863,-10.3322,-23.0448,-13.3033,-9.3055,5.9093,0.6112,30.8473,12.4147,28.4046,7.2626,0.970546,0.004587,0.001089,0.963855,0.063383,-0.305455,0.034266,7.363e-11
699,-0.091251,0.021928,0.421154,0.901209,-0.011783,-0.433225,0.033536,0.998529,0.042603,0.432086,-0.052922,0.900278,1.2069,-3.6740,-11.4773,-22.5097,-6.7109,-1.0287,0.9162,1.8083,26.0498,15.9139,2.7554,4.5488,1.053866,0.004815,-0.001851,0.974686,-0.082316,-0.172685,0.063214,1.435e-10
700,0.059044,0.017974,0.407550,0.869978,-0.007520,0.493034,-0.060141,0.990800,0.121234,-0.489410,-0.135122,0.861522,-17.5022,-35.7272,-14.9946,-8.9770,-10.8036,-28.4773,20.0803,31.6322,36.6882,5.7311,2.6487,27.6809,1.588970,-0.005915,-0.004426,0.935000,1.082265,-1.487505,-0.051725,6.447e-12
701,0.059551,-0.071282,0.411919,0.948946,0.062656,0.309153,0.060564,0.925651,-0.373501,-0.309569,0.373156,0.874598,-16.3452,-11.5651,-4.9746,-7.1530,-14.1980,-31.8148,37.0421,7.1219,19.6195,4.1957,33.1309,21.3668,1.150349,-0.004292,0.005077,0.946929,-0.237038,-0.199665,-0.002412,3.269e-11
702,-0.025166,-0.042646,0.405418,0.970489,-0.038452,-0.238058,-0.062398,0.913539,-0.401936,0.232931,0.404930,0.884181,-17.1195,-14.6178,-15.9192,-36.4815,-20.4973,-36.4927,34.9358,9.3034,16.2699,33.1824,34.4692,31.6466,1.525673,0.001584,0.005450,0.919633,-1.835321,0.547784,-0.020641,5.146e-12
703,-0.051840,0.010476,0.418786,0.960152,0.015070,-0.279071,0.005036,0.997450,0.071189,0.279432,-0.069758,0.957628,-8.0118,-17.8458,-15.9069,-28.7476,-14.8169,-14.1471,2.5324,15.3256,35.6197,20.6187,35.2814,11.9552,0.787024,0.006859,-0.000905,0.942009,0.127347,0.941564,-0.011445,1.539e-11
704,0.072979,0.035307,0.416784,0.920843,-0.061433,0.385063,-0.031796,0.972393,0.231173,-0.388634,-0.225118,0.893468,-16.1477,-27.7774,-9.6789,-3.5660,-6.7435,-15.5392,32.5524,20.7677,18.1764,1.6381,29.0711,8.7494,1.070065,-0.004869,-0.001602,0.951299,0.065562,-0.179805,0.039085,1.238e-10
705,0.039982,-0.039264,0.424078,0.963438,0.026889,0.266578,0.037087,0.971990,-0.232079,-0.265352,0.233480,0.935455,-12.1674,-12.4913,-7.5538,-6.4601,-11.4935,-24.8714,17.8112,7.8206,34.4011,0.8994,28.8609,18.7249,0.816015,-0.001446,0.001858,0.953275,-0.016607,-0.013729,0.013899,3.377e-11
706,-0.016467,-0.035944,0.409409,0.986686,-0.021651,-0.161189,-0.043312,0.920327,-0.388745,0.156763,0.390551,0.907136,-15.2606,-14.6048,-13.7741,-32.3587,-17.1606,-35.5415,23.5947,11.9624,2.3010,32.4423,17.8777,34.6335,1.440096,0.000392,0.004446,0.930623,-1.879840,0.182366,-0.016153,1.199e-11
707,-0.002198,-0.027610,0.415464,0.999702,0.001003,-0.024374,-0.006421,0.974739,-0.223255,0.023535,0.223346,0.974455,-16.8399,-20.6513,-14.4645,-27.5764,-18.5431,-32.3556,32.6162,16.7684,13.3792,23.5153,37.6057,26.6211,0.752118,-0.000408,0.004461,0.925285,-1.182393,-0.105514,-0.007090,1.443e-11
708,0.001839,-0.008376,0.410605,0.998728,-0.007905,-0.049807,-0.000531,0.985935,-0.167129,0.050428,0.166942,0.984676,-18.1396,-27.5306,-18.3690,-34.1738,-19.4649,-36.2430,4.2945,24.8853,17.7612,31.7560,39.4195,34.7260,0.878638,0.001271,0.001590,0.916007,-1.358862,1.065486,0.002947,1.904e-11
709,0.038782,-0.067079,0.417338,0.957781,0.059717,0.281227,0.074635,0.893007,-0.443810,-0.277641,0.446063,0.850849,-10.4144,-6.2194,-5.7636,-5.2084,-11.1288,-30.5940,4.9388,3.2354,37.3676,1.0067,12.6342,27.7893,1.252402,-0.001285,0.003015,0.959134,-0.136799,-0.059005,0.021022,7.112e-11
710,-0.001161,-0.010088,0.415536,0.999872,0.004767,0.015261,-0.002858,0.992438,-0.122717,-0.015730,0.122657,0.992324,-17.0910,-25.7618,-15.3285,-28.2445,-16.5976,-32.1482,32.6382,23.4608,3.7326,27.3060,15.5968,30.0726,0.575836,-0.001718,0.001697,0.926526,-0.785732,-0.788199,-0.005351,1.243e-11
711,-0.055176,0.023846,0.422490,0.955549,0.027672,-0.293531,0.016267,0.989121,0.146201,0.294383,-0.144477,0.944704,-5.1226,-14.8476,-13.0943,-24.4952,-10.4725,-7.1704,4.3745,13.2591,22.0105,18.8118,21.2589,6.7276,0.798847,0.005218,-0.001799,0.957081,0.159412,0.454944,-0.014272,2.670e-10
712,-0.034627,-0.059670,0.403304,0.949637,-0.041983,-0.310528,-0.111920,0.880176,-0.461264,0.292684,0.472788,0.831148,-14.8255,-7.7030,-11.8021,-34.7806,-19.7506,-33.6557,39.4620,4.3050,0.5409,32.9182,33.6841,27.5601,1.775666,0.001459,0.008479,0.930346,-2.068557,0.395169,-0.067958,7.592e-12
713,-0.046423,0.007251,0.407970,0.900529,-0.008118,-0.434721,0.040273,0.997085,0.064806,0.432928,-0.075867,0.898230,-15.9605,-23.8336,-19.5810,-41.9947,-16.5866,-19.8211,38.5922,17.2109,39.7506,39.8616,3.2124,15.8958,1.403369,0.003010,-0.003466,0.921815,1.123259,1.005173,0.043010,1.222e-11
714,-0.003841,-0.041352,0.419762,0.999537,-0.005420,-0.029930,-0.004737,0.944249,-0.329198,0.030046,0.329187,0.943787,-10.7741,-11.0079,-9.1851,-21.1014,-13.0646,-28.4409,7.7109,10.7758,8.1359,20.8567,8.3399,28.2860,0.915210,0.000423,0.004066,0.950516,-0.868294,0.090307,0.000731,4.480e-12
715,-0.056634,-0.039314,0.402379,0.871973,-0.071047,-0.484371,-0.101389,0.941753,-0.320659,0.478939,0.328716,0.813980,-13.3705,-9.2610,-14.7585,-41.3751,-19.2651,-27.4215,31.5311,5.0831,14.8046,38.9469,27.3987,22.7177,1.756751,0.004703,0.004892,0.928876,-1.275873,1.242733,-0.031153,6.484e-12
716,-0.010505,-0.000569,0.407293,0.998804,-0.000730,-0.048881,-0.004930,0.993287,-0.115572,0.048638,0.115675,0.992096,-20.3852,-33.1664,-20.5659,-38.3649,-20.3533,-39.1892,29.7287,30.9177,3.5576,37.6756,18.6867,38.9740,0.664640,0.000199,-0.000439,0.908121,-1.043784,-0.505416,0.001351,1.629e-11
717,-0.030651,-0.047766,0.406798,0.968213,-0.072294,-0.239452,-0.032891,0.912209,-0.408402,0.247955,0.403296,0.880835,-13.5436,-11.9335,-15.7791,-34.4333,-20.0109,-33.8020,8.7796,7.8759,35.8532,28.5865,36.9319,30.6587,1.511018,0.005430,0.004754,0.925948,-1.272606,1.423140,0.036704,1.446e-11
718,-0.004204,0.014017,0.425833,0.999996,0.002312,0.001617,-0.002411,0.997952,0.063918,-0.001466,-0.063922,0.997954,-9.6959,-20.4758,-12.9799,-18.7457,-9.7893,-17.1515,1.3200,18.1903,29.4133,15.8341,6.6674,18.0176,0.333879,0.001765,-0.002901,0.951378,0.473272,0.286945,-0.005358,3.579e-12
719,0.035611,0.075751,0.414012,0.980094,-0.051284,0.191795,-0.039117,0.897242,0.439803,-0.194641,-0.438551,0.877376,-13.1275,-31.3532,-13.5091,-10.3622,-4.1537,-7.5650,25.1662,24.8065,21.0863,9.2816,7.9156,6.1608,1.192759,-0.003434,-0.006534,0.953962,0.620825,-0.322635,0.015089,4.489e-10
720,-0.028140,-0.005038,0.419040,0.970787,-0.013491,-0.239563,-0.001900,0.997955,-0.063899,0.239935,0.062487,0.968776,-14.1579,-18.4040,-15.7439,-30.9597,-14.7796,-21.6987,37.4235,12.1683,30.5770,27.5865,11.7049,17.6708,0.642724,0.001223,-0.000918,0.933086,0.179724,0.240366,0.012728,9.616e-10
721,-0.073467,-0.034525,0.413223,0.878416,-0.064228,-0.473561,-0.054507,0.970996,-0.232801,0.474778,0.230309,0.849437,-4.0785,-2.2396,-9.5711,-31.0523,-13.0621,-14.8805,3.5733,3.0936,10.6868,28.7082,9.2484,14.9131,1.377131,0.006919,0.002915,0.960017,-0.385459,0.908862,0.011651,7.780e-12
722,0.047322,0.033605,0.416558,0.929384,-0.039472,0.366997,-0.053500,0.969361,0.239742,-0.365215,-0.242447,0.898798,-13.6707,-31.7968,-12.5686,-8.2606,-9.4138,-18.7852,5.7533,29.3720,22.4526,4.4672,26.2408,16.6391,1.108982,-0.002696,-0.002727,0.946606,0.418158,-0.414907,-0.017175,1.802e-11
723,-0.094261,-0.012509,0.400931,0.772016,-0.049587,-0.633666,-0.022471,0.994200,-0.105178,0.635206,0.095438,0.766424,-6.2590,-7.1639,-15.1952,-40.9474,-15.5931,-12.6778,14.6297,4.4985,27.1887,36.0767,17.2153,11.1060,1.786654,0.009268,0.000438,0.944501,-0.078177,1.462281,0.031989,2.053e-12
724,0.059220,-0.002834,0.409875,0.865173,-0.014913,0.501252,0.021057,0.999756,-0.006600,-0.501031,0.016265,0.865276,-16.0852,-30.7006,-10.8705,-7.4871,-12.8108,-31.5082,11.0511,30.7893,4.9017,5.0341,27.4981,29.3261,1.489461,-0.005479,0.002060,0.940346,-0.509426,-1.386432,0.036710,3.252e-12
725,0.032485,0.037702,0.415806,0.958794,-0.051085,0.279472,-0.045714,0.943142,0.329232,-0.280400,-0.328441,0.901944,-12.8739,-34.6059,-12.1180,-12.7389,-10.3508,-16.9516,0.5822,36.1784,1.9900,11.1910,25.3770,15.6563,1.132359,-0.002067,-0.001937,0.947053,0.459727,-0.490500,0.005516,6.415e-12
726,0.033125,0.052906,0.410027,0.953539,-0.039995,0.298603,-0.086927,0.912470,0.399802,-0.288456,-0.407183,0.866599,-14.9979,-39.1929,-17.1684,-14.4690,-12.2450,-17.1102,5.0915,35.9750,34.8504,7.5957,38.9772,13.8110,1.370251,-0.000402,-0.004706,0.933465,0.919990,-0.086001,-0.053638,8.824e-12
727,-0.026163,-0.017675,0.424563,0.995246,-0.011304,-0.096737,0.001146,0.994533,-0.104417,0.097389,0.103809,0.989818,-8.5326,-14.4239,-12.3074,-21.5261,-14.6245,-19.8495,1.7485,12.9810,29.3309,14.2864,35.0439,16.9974,0.467118,0.004307,0.001774,0.946908,-0.212008,0.507471,0.014820,6.297e-10
728,0.037923,-0.005621,0.406010,0.903584,0.009280,0.428311,0.045170,0.992129,-0.116789,-0.426024,0.124876,0.896052,-18.2208,-33.3370,-15.5094,-16.8555,-17.5853,-40.0559,14.9544,33.0730,2.3614,12.6044,37.4823,39.0707,1.609527,-0.002767,0.002751,0.922888,-1.488343,-1.563468,0.021245,9.680e-12
729,-0.085150,-0.040761,0.397567,0.786063,-0.077538,-0.613264,-0.113965,0.956916,-0.267064,0.607550,0.279819,0.743360,-7.2048,-3.4141,-12.2802,-41.3142,-18.2022,-19.1947,11.2669,3.2105,9.2497,37.9560,30.9593,15.9431,1.992834,0.009104,0.005622,0.943438,-1.048946,1.732243,-0.040642,2.501e-12
730,0.072899,0.047803,0.399991,0.835652,-0.089493,0.541919,-0.116717,0.935170,0.334416,-0.536715,-0.342706,0.771032,-17.5021,-40.4116,-13.9687,-4.5705,-7.6460,-21.1952,22.6588,36.3731,25.6545,2.8118,5.6518,19.7200,1.904927,-0.007792,-0.006225,0.941281,1.243079,-1.576789,-0.029635,4.272e-12
731,0.038594,-0.006868,0.417486,0.943851,0.026795,0.329284,0.000766,0.996525,-0.083286,-0.330372,0.078862,0.940550,-14.7043,-25.7941,-13.4667,-12.7435,-12.0109,-30.0137,6.9320,22.6007,36.4489,9.2205,8.1791,29.9325,0.940866,-0.002403,-0.001505,0.939808,0.339768,-0.548668,-0.027595,1.377e-11
732,0.023145,0.006249,0.418607,0.976183,0.005258,0.216886,-0.016039,0.998720,0.047978,-0.216356,-0.050314,0.975017,-14.1378,-29.0922,-15.0504,-17.9651,-12.7107,-26.4732,0.7615,27.2492,35.7202,14.7170,8.3798,26.8884,0.747691,-0.000380,-0.002725,0.937223,0.786914,-0.116224,-0.020018,2.089e-11
733,0.010873,-0.000305,0.415581,0.994651,0.000133,0.103296,0.000245,0.999993,-0.003640,-0.103296,0.003646,0.994644,-16.0813,-30.6804,-16.0815,-26.1186,-16.0978,-30.8701,4.6606,30.4915,16.9434,24.5761,16.9337,30.7155,0.237754,0.000014,0.000023,0.927728,-0.014131,0.008303,0.000071,6.382e-11
734,0.006743,0.030522,0.433990,0.998705,-0.001057,0.050865,-0.005974,0.990431,0.137876,-0.050525,-0.138002,0.989142,-6.9668,-13.9520,-8.7336,-8.0666,-4.6770,-6.7568,14.5158,8.9938,21.8834,4.3480,15.7795,4.9385,0.344738,-0.000101,-0.001327,0.969495,-0.121062,0.008680,-0.006825,2.156e-11
735,0.007031,-0.029189,0.416818,0.997327,-0.003091,0.073000,0.021769,0.966299,-0.256502,-0.069748,0.257405,0.963783,-13.4221,-18.9806,-12.5325,-22.5539,-16.3978,-32.5104,0.3912,18.5762,12.5010,19.3483,33.9909,31.0626,0.929673,0.001341,0.004523,0.936483,-1.305077,0.375481,0.022734,1.911e-11
736,0.035491,0.083078,0.405724,0.969966,-0.085699,0.227642,-0.063239,0.814847,0.576216,-0.234875,-0.573306,0.784955,-12.2493,-37.3765,-12.6098,-9.9727,-3.8194,-5.2101,13.9830,35.5610,5.5853,11.0541,2.3512,5.3683,1.725510,-0.004209,-0.008098,0.957021,1.302153,-0.668531,0.026275,4.231e-12
737,-0.022099,0.070530,0.400275,0.980390,0.042983,-0.192321,0.073945,0.824377,0.561191,0.182667,-0.564407,0.805032,-15.5708,-38.8952,-20.4280,-32.0852,-12.6124,-7.5274,34.3038,33.4909,33.0491,28.5162,15.4160,3.0712,1.833405,0.001289,-0.008312,0.927012,2.041755,0.332138,0.030924,9.766e-12
738,-0.026223,0.004204,0.416006,0.959442,0.006432,-0.281832,0.006790,0.998922,0.045912,0.281823,-0.045964,0.958365,-12.6803,-22.7508,-13.9094,-34.4008,-13.6748,-20.3287,9.0345,23.3569,1.8412,37.1229,2.5431,20.5307,0.868795,0.001771,-0.000323,0.939661,0.156083,0.856685,0.000301,3.558e-12
739,0.000484,-0.002870,0.409949,0.995768,-0.001517,0.091886,-0.002817,0.998890,0.047020,-0.091855,-0.047080,0.994659,-18.8488,-37.0091,-18.8150,-31.6433,-18.7363,-34.5566,23.0783,37.2489,18.3610,30.4615,0.5615,34.1818,0.618487,-0.000085,-0.000078,0.915455,0.800294,-0.932308,0.000014,2.410e-11
740,-0.062161,0.016350,0.408273,0.857112,0.031083,-0.514191,0.041152,0.990856,0.128493,0.513483,-0.131293,0.847996,-12.0149,-19.3501,-16.4401,-40.1267,-14.8487,-12.1849,34.9946,15.2510,15.3607,38.4263,15.0657,8.0518,1.447862,0.004340,-0.001628,0.935107,0.364945,0.976223,0.011396,4.566e-12
741,0.034294,-0.054489,0.409716,0.962648,0.075057,0.260146,0.050033,0.894950,-0.443352,-0.266094,0.439807,0.857767,-15.3321,-14.5271,-9.6236,-14.0174,-13.9723,-38.5635,22.0157,11.6043,17.7828,12.7024,7.6173,37.0350,1.475596,-0.004221,0.004594,0.941626,-1.023536,-0.931550,-0.026567,5.322e-12
742,-0.000407,-0.001040,0.406805,0.993491,-0.001796,-0.113899,-0.001098,0.999678,-0.025346,0.113908,0.025306,0.993169,-21.8434,-34.9918,-22.2344,-40.7880,-22.3000,-36.3087,14.6704,30.3286,36.5992,37.2275,39.0231,31.9453,0.674147,0.000691,0.000094,0.900489,-0.188886,1.359743,0.000127,8.659e-10
743,-0.030749,0.064191,0.397328,0.953006,0.115132,-0.280222,0.076562,0.803418,0.590472,0.293117,-0.584178,0.756848,-13.7117,-38.7343,-18.7699,-36.4747,-14.7660,-5.6154,12.5011,38.3219,14.2154,34.0426,33.8638,0.7253,2.077988,0.004154,-0.004943,0.929008,1.634153,1.348394,-0.034996,7.244e-12
744,-0.003476,0.062321,0.418576,0.999211,0.002521,-0.039647,0.015222,0.897522,0.440707,0.036695,-0.440962,0.896775,-9.5642,-28.0303,-12.1315,-17.9046,-6.4085,-4.2969,13.5176,26.8123,1.9495,17.8083,10.8340,3.5461,1.126446,-0.000271,-0.004883,0.957916,0.686642,-0.036438,0.015654,9.880e-12
745,-0.006285,-0.044247,0.415921,0.998457,-0.008000,-0.054952,-0.012757,0.930059,-0.367189,0.054046,0.367324,0.928521,-11.8918,-11.5428,-9.6875,-23.8169,-14.8625,-31.0967,10.3749,11.5799,0.0233,23.5991,18.2040,30.1560,1.152124,0.000513,0.005840,0.945323,-1.484056,0.132296,-0.004714,8.528e-12
746,-0.005389,-0.047493,0.416039,0.999176,-0.014200,-0.038021,-0.002219,0.916291,-0.400508,0.040525,0.400262,0.915504,-11.1510,-10.2550,-10.1616,-22.8178,-14.1033,-31.6614,3.8880,9.6142,13.8887,22.0293,9.1242,32.1757,1.148360,0.001231,0.004371,0.946909,-1.062265,0.296610,0.012433,4.953e-12
747,-0.073447,0.037514,0.420802,0.898111,-0.000724,-0.439769,0.060452,0.990709,0.121826,0.435595,-0.135998,0.889810,-4.0580,-8.2062,-13.2376,-25.1027,-6.6018,-1.0935,29.6765,1.6473,26.3770,20.1889,2.4432,1.0312,1.138781,0.002785,-0.002641,0.964277,-0.093112,-0.079993,0.085522,1.723e-10
748,-0.025468,-0.070331,0.414945,0.984067,-0.028611,-0.175482,-0.048306,0.906821,-0.418739,0.171111,0.420544,0.890991,-9.4549,-3.6482,-6.9265,-23.0252,-16.0130,-26.3076,19.5815,3.5724,6.5980,20.1331,25.8438,21.1070,1.169156,0.001847,0.007028,0.951524,-0.845757,0.227741,-0.024249,1.168e-11
749,0.012260,0.026609,0.421196,0.993540,-0.000402,0.113485,-0.017707,0.987197,0.158518,-0.112096,-0.159503,0.980813,-13.6307,-27.6291,-15.7728,-18.3709,-11.4279,-19.2968,15.3380,22.5076,38.8302,13.3919,17.2886,17.3558,0.595991,-0.000057,-0.003900,0.938846,0.661095,-0.012955,-0.019449,1.923e-11
750,-0.047386,-0.052580,0.403529,0.907480,-0.113669,-0.404424,-0.093674,0.883706,-0.458572,0.409517,0.454029,0.791298,-11.7544,-4.7756,-13.4736,-37.2764,-16.3576,-30.1985,21.5135,0.5388,26.3355,36.5663,0.2277,29.6461,1.763728,0.004091,0.003294,0.937631,-0.879273,1.086330,0.020376,8.988e-12
751,0.013017,0.024605,0.412551,0.992361,-0.013114,0.122667,-0.015756,0.972718,0.231453,-0.122356,-0.231618,0.965081,-18.7183,-37.1254,-19.0805,-25.4651,-16.0547,-24.9488,32.1190,32.2574,36.5051,20.6340,19.5747,20.4348,0.879083,-0.001575,-0.003571,0.919266,1.177600,-0.520657,-0.002378,1.566e-11
752,-0.036345,0.068162,0.407410,0.964794,0.079055,-0.250846,0.059651,0.863129,0.501448,0.256154,-0.498757,0.828026,-9.6100,-30.5101,-16.9352,-28.9228,-10.1297,-2.9660,9.8177,28.5015,19.6563,25.7799,19.0554,1.7139,1.578983,0.004297,-0.006559,0.945019,1.214700,0.788803,-0.021647,1.595e-12
753,0.003728,0.006710,0.417322,0.997596,-0.003889,0.069188,-0.001812,0.996619,0.082147,-0.069274,-0.082075,0.994216,-14.5120,-30.4706,-14.1188,-25.2110,-13.7709,-26.1983,10.6701,32.2811,1.0165,26.4430,1.1270,27.2107,0.427836,-0.000943,-0.000504,0.936475,0.325204,-0.605755,0.001202,6.639e-12
754,-0.059243,0.006548,0.421267,0.904145,0.011502,-0.427072,0.010409,0.998748,0.048936,0.427100,-0.048690,0.902893,-7.4636,-10.0078,-11.0446,-28.5650,-10.6723,-7.3892,35.0953,6.5348,7.5046,26.3619,11.4500,3.6331,1.011107,0.002505,-0.000238,0.956313,0.017730,0.186240,-0.001373,6.889e-11
755,-0.045943,0.029055,0.432339,0.976803,0.001304,-0.214137,0.018246,0.995838,0.089297,0.213362,-0.091132,0.972714,-1.7306,-7.2847,-9.4586,-14.6216,-4.3253,-2.5414,5.0571,4.2715,21.5464,10.3985,2.1524,4.7755,0.567179,0.002125,-0.001809,0.976807,-0.131131,-0.148222,0.023664,4.956e-11
756,0.034533,0.025276,0.415075,0.949896,-0.017288,0.312087,-0.048572,0.978175,0.202026,-0.308768,-0.207062,0.928325,-14.7414,-34.3189,-15.4999,-14.5693,-12.3332,-23.3361,1.5716,32.3468,33.5800,9.9445,21.3525,22.2496,1.070226,-0.001087,-0.003433,0.936206,0.852183,-0.276039,-0.032223,1.197e-11
757,0.054050,-0.027997,0.409790,0.886353,0.052393,0.460036,0.063515,0.970426,-0.232895,-0.458633,0.235647,0.856812,-14.9025,-22.9669,-9.0787,-7.6973,-12.2150,-35.8119,9.8370,23.2080,3.9526,6.9558,12.7798,35.7486,1.563653,-0.005621,0.003542,0.945655,-0.911908,-1.455402,0.011336,5.541e-12
758,0.009593,0.012124,0.406276,0.987111,-0.016575,0.159174,-0.016893,0.978273,0.206632,-0.159140,-0.206658,0.965384,-21.7950,-43.3126,-21.6254,-30.6359,-20.4283,-32.4482,38.9724,39.9062,36.8592,25.2942,17.4877,27.4166,1.095708,-0.001252,-0.001687,0.904195,1.455136,-1.081345,-0.000222,1.974e-11
759,-0.006596,0.029805,0.413937,0.997929,0.008008,-0.063829,0.011398,0.954512,0.297955,0.063311,-0.298065,0.952444,-15.4747,-34.1963,-16.5862,-29.2240,-14.6601,-18.4586,19.9470,33.2485,12.9120,27.8771,17.6724,15.4051,0.915463,0.000224,-0.002446,0.929986,0.936072,0.086343,0.002864,1.443e-11
760,-0.008336,0.002038,0.415099,0.992677,0.002240,-0.120778,-0.003155,0.999968,-0.007386,0.120758,0.007713,0.992652,-15.6307,-27.1717,-16.2917,-32.8189,-17.1269,-27.5753,6.0748,26.3453,9.8556,31.7086,30.1601,25.7876,0.568959,0.001718,0.001138,0.926477,-0.609828,0.928672,-0.003472,1.949e-11
761,-0.023024,-0.086545,0.400873,0.978132,-0.025166,-0.206459,-0.097102,0.822576,-0.560304,0.183929,0.568098,0.802144,-14.1570,-3.7875,-8.5345,-28.6914,-20.2049,-35.3471,39.9076,1.4065,2.4221,25.7625,37.4220,27.0971,1.756617,0.000504,0.010514,0.935698,-1.804316,0.120541,-0.078692,1.900e-12
762,0.028677,0.003253,0.419170,0.965956,0.012950,0.258382,-0.014456,0.999888,0.003930,-0.258302,-0.007531,0.966035,-13.9152,-27.3003,-14.3151,-15.3610,-11.6927,-26.9330,2.7876,24.7426,37.4845,12.1891,4.5344,27.6561,0.826710,-0.001200,-0.002874,0.940186,0.716156,-0.306554,-0.027480,1.518e-11
763,-0.027327,0.054123,0.403253,0.967427,0.066761,-0.244188,0.062377,0.871994,0.485527,0.245344,-0.484943,0.839426,-15.8280,-37.4443,-19.8242,-35.7856,-15.7458,-10.7993,28.1040,34.0714,23.2198,32.0352,31.0523,4.9244,1.637783,0.002598,-0.004713,0.922894,1.430675,0.787175,-0.003816,7.605e-12
764,0.027333,-0.004176,0.423964,0.991968,0.005008,0.126387,-0.000632,0.999400,-0.034638,-0.126484,0.034280,0.991376,-15.3466,-20.5761,-10.6075,-15.7651,-10.7819,-22.3686,39.5738,15.3532,13.9720,15.0349,10.9583,17.4438,0.400318,-0.004385,0.000151,0.944993,-0.022102,-0.605490,-0.006562,9.992e-10
765,-0.074726,-0.038289,0.415221,0.910274,-0.071706,-0.407750,-0.037782,0.966389,-0.254292,0.412280,0.246881,0.876969,-4.2017,-2.2616,-10.9116,-28.3125,-14.2364,-15.7671,8.8971,1.0479,27.3825,21.7387,18.0114,14.2001,1.182248,0.006201,0.002201,0.956124,-0.175286,0.469606,0.043699,2.736e-10
766,0.001315,-0.004795,0.415744,0.999772,0.001103,0.021335,0.000145,0.998293,-0.058406,-0.021363,0.058396,0.998065,-17.4891,-27.9667,-16.4244,-28.5227,-17.3924,-31.0028,28.0373,25.0846,13.1811,25.9279,24.6881,27.7568,0.292982,-0.000859,0.001242,0.923146,-0.517510,-0.357521,-0.000733,2.221e-11
767,0.004453,0.022569,0.408763,0.997189,-0.014107,0.073591,-0.007590,0.958050,0.286501,-0.074545,-0.286254,0.955250,-19.5609,-40.9022,-19.7730,-29.9458,-17.7957,-25.8041,33.6741,38.2858,29.2188,26.4113,14.3146,21.3345,1.119363,-0.001203,-0.002702,0.914280,1.564020,-0.688744,0.003778,1.803e-11
768,0.065760,0.019538,0.409866,0.878538,-0.029641,0.476752,-0.038515,0.990427,0.132552,-0.476117,-0.134815,0.868986,-18.1226,-33.8232,-13.8679,-7.7526,-11.5685,-26.5210,24.7303,28.3622,31.1510,3.1516,27.4057,21.8998,1.316276,-0.005548,-0.002025,0.934753,0.341204,-0.939716,-0.010467,3.154e-12
769,0.045362,-0.061420,0.409163,0.947867,0.056953,0.313536,0.074387,0.917172,-0.391486,-0.309863,0.394400,0.865121,-17.4452,-16.3114,-10.4115,-12.3759,-17.3445,-37.7416,30.3260,10.8116,35.0334,5.8577,39.4853,29.5389,1.278822,-0.003151,0.005241,0.932336,-0.666632,-0.404780,0.021571,9.930e-10
770,0.007676,-0.028480,0.422036,0.999876,0.013286,0.008458,-0.011240,0.978130,-0.207690,-0.011033,0.207569,0.978158,-14.1776,-15.4332,-9.7359,-20.3912,-12.8171,-26.3031,35.7483,12.3520,4.8171,20.5156,9.0360,22.4151,0.684306,-0.003152,0.002958,0.944978,-0.543606,-0.570959,-0.026966,1.318e-11
771,-0.038221,0.023174,0.430256,0.986297,0.012333,-0.164515,0.007023,0.993159,0.116557,0.164827,-0.116115,0.979464,-5.1187,-12.2205,-11.2996,-16.6418,-8.4693,-6.1361,14.2323,8.2766,26.1829,9.6601,23.9922,4.0723,0.461678,0.002128,-0.001099,0.962757,-0.046409,-0.091691,-0.007165,1.556e-11
772,-0.039537,0.063691,0.424120,0.983164,0.024759,-0.181039,0.027734,0.959078,0.281780,0.180607,-0.282057,0.942245,-5.8625,-16.6283,-14.8157,-17.4537,-6.0332,-1.6889,21.2109,8.9431,35.6752,9.7890,20.1396,0.9882,0.766803,0.001804,-0.003001,0.960069,-0.225064,-0.134332,0.004203,3.737e-11
773,0.005225,0.015362,0.418628,0.998665,0.001971,0.051622,-0.009345,0.989678,0.143001,-0.050807,-0.143292,0.988375,-13.9108,-30.0249,-15.7043,-23.9908,-14.3516,-22.5542,1.1198,29.0800,25.1144,20.7142,23.3537,21.1754,0.545761,0.001526,-0.001623,0.934134,0.506126,0.471784,-0.010328,2.072e-11
774,-0.028527,-0.008080,0.433305,0.982143,-0.003771,-0.188096,-0.005240,0.998863,-0.047384,0.188061,0.047523,0.981007,-4.6560,-5.9541,-6.1934,-15.7129,-7.0135,-8.4373,14.1401,4.9784,5.6364,14.5411,4.7119,7.1272,0.438561,0.001092,0.000398,0.973254,-0.002772,0.007696,-0.002030,5.246e-12
775,0.015272,0.026803,0.426621,0.989529,-0.007288,0.144153,-0.018428,0.984172,0.176253,-0.143156,-0.177063,0.973732,-11.1494,-23.0734,-12.4217,-11.9256,-10.1248,-13.7999,15.1820,18.3229,29.1624,5.2438,36.6195,9.3092,0.550579,0.000078,-0.001295,0.949544,0.065311,0.003575,-0.014537,4.814e-11
776,0.014075,-0.041158,0.420469,0.984646,0.005755,0.174469,0.045315,0.956768,-0.287301,-0.168580,0.290796,0.941817,-11.5227,-14.5515,-11.2515,-14.4432,-14.9769,-29.9345,1.4748,11.8808,38.9292,7.2784,31.8784,26.9409,0.922922,0.001407,0.002949,0.943471,-0.384505,0.177899,0.048186,6.734e-10
777,-0.057525,-0.022430,0.424880,0.948342,-0.004782,-0.317214,-0.023724,0.996018,-0.085942,0.316362,0.089028,0.944452,-5.2982,-6.1279,-9.0793,-22.9818,-12.8274,-10.7900,20.6907,4.8017,14.7307,16.8492,27.9084,5.9827,0.769796,0.003164,0.001794,0.959304,-0.018487,0.038940,-0.025464,6.700e-11
778,-0.036815,0.032482,0.428585,0.979898,0.016889,-0.198783,0.017944,0.984910,0.172135,0.198691,-0.172242,0.964808,-4.7784,-13.6345,-10.7110,-18.1559,-6.6360,-4.5798,8.7395,11.3333,15.5262,14.7750,10.1686,4.8994,0.602502,0.002501,-0.002264,0.966895,0.088975,0.098492,0.001492,1.222e-11
779,0.056981,-0.115927,0.386212,0.936826,0.155307,0.313427,0.117441,0.704367,-0.700053,-0.329491,0.692638,0.641630,-16.1222,-3.3510,-2.1103,-7.2508,-16.0295,-44.4999,31.2962,1.6808,7.8623,6.8367,21.1088,36.8460,2.145708,-0.006138,0.010797,0.948801,-1.307907,-0.723311,-0.046731,3.357e-12
780,-0.030274,-0.098885,0.404251,0.985518,-0.056236,-0.159977,-0.043881,0.826701,-0.560928,0.163798,0.559825,0.812260,-8.9062,0.2927,-6.2664,-23.0619,-19.1947,-30.7848,15.2632,0.4803,13.6544,17.3592,38.2716,23.9255,1.500013,0.003100,0.009190,0.948646,-0.937108,0.311341,0.015033,6.960e-10
781,-0.105500,0.020357,0.414651,0.852119,0.012018,-0.523210,0.032521,0.996588,0.075856,0.522336,-0.081654,0.848821,0.3829,-4.1383,-12.3827,-26.7431,-9.1237,0.2216,13.2590,1.7532,23.2580,18.6743,14.2496,0.3308,1.254959,0.004731,-0.001169,0.968487,-0.074001,-0.273150,0.029220,6.508e-11
782,0.024738,0.035344,0.417309,0.983289,-0.029697,0.179614,-0.021734,0.960401,0.277772,-0.180750,-0.277034,0.943706,-16.2384,-32.9905,-15.3943,-17.3715,-13.0941,-18.3103,28.7295,28.0780,23.0487,11.9617,38.8005,12.0843,0.828173,-0.001984,-0.001990,0.933018,0.324014,-0.322304,0.009104,9.879e-12
783,0.028938,-0.038899,0.417498,0.968009,0.025847,0.249580,0.048986,0.956072,-0.289009,-0.246087,0.291989,0.924221,-13.1838,-17.0687,-10.5161,-13.4438,-14.2193,-32.6076,4.5767,15.1957,26.4880,9.1753,24.4825,30.4857,1.004984,-0.000911,0.003466,0.943204,-0.623337,-0.166219,0.026804,1.337e-11
784,-0.017159,0.027543,0.414060,0.986620,0.024527,-0.161181,0.018285,0.965737,0.258879,0.162008,-0.258363,0.952367,-15.4321,-31.6387,-17.1388,-32.2197,-15.9407,-17.9935,23.0017,29.5204,13.5688,29.6139,29.5899,13.4398,0.848995,0.001524,-0.001437,0.927328,0.469640,0.497301,-0.005580,1.741e-11
785,0.094286,0.077806,0.388984,0.811477,-0.207931,0.546142,-0.132446,0.844800,0.518432,-0.569178,-0.493030,0.657996,-17.9757,-41.9420,-10.2845,1.4882,-2.1739,-12.5255,34.0303,37.4243,1.2190,1.7435,1.2649,9.9086,2.196120,-0.011349,-0.007207,0.954444,1.048442,-1.575318,0.088368,1.474e-12
786,-0.050494,0.031457,0.414190,0.915239,0.057827,-0.398741,0.050143,0.965606,0.255130,0.399780,-0.253499,0.880860,-8.7539,-20.9241,-13.6759,-32.7863,-11.3898,-7.1859,13.5859,20.6050,3.3446,32.5231,12.8020,5.8119,1.293270,0.004471,-0.002359,0.949314,0.487292,0.921051,-0.008206,1.415e-12
787,-0.047062,-0.067790,0.403197,0.933266,-0.088120,-0.348210,-0.099573,0.867972,-0.486529,0.345109,0.488733,0.801274,-10.9806,-3.1853,-11.2373,-33.4626,-18.7138,-30.3855,22.2348,0.7413,17.2359,29.8596,26.1036,26.2168,1.705070,0.004441,0.007124,0.938631,-1.343843,0.842392,-0.013469,2.060e-12
788,0.057199,-0.052893,0.403650,0.910401,0.106181,0.399870,0.071451,0.911632,-0.404750,-0.407511,0.397056,0.822363,-19.2621,-19.4586,-10.8863,-11.0433,-15.4464,-41.4968,37.8259,13.6135,27.2147,7.6724,19.4513,36.1895,1.627450,-0.006622,0.004414,0.931650,-0.861625,-1.272025,-0.037960,2.945e-12
789,0.028228,-0.086923,0.422692,0.988857,0.021682,0.147283,0.036888,0.922799,-0.383512,-0.144228,0.384672,0.911716,-7.8228,-0.7870,0.8451,-4.3325,-11.0080,-21.3642,13.4107,2.2537,4.4930,2.7192,23.6361,13.5253,0.956224,-0.001069,0.003926,0.973161,0.346802,0.089306,0.021539,6.985e-11
790,0.001298,-0.033495,0.415720,0.999920,0.009435,-0.008436,-0.011468,0.957440,-0.288404,0.005356,0.288478,0.957472,-16.9909,-18.1288,-14.3517,-25.9975,-16.5383,-33.3336,39.9651,12.2726,25.7280,23.0231,14.1490,29.0911,0.834732,-0.001873,0.002338,0.928272,-0.577274,-0.457906,-0.021259,4.941e-12
791,0.005984,-0.020300,0.411853,0.999406,-0.005966,0.033941,0.013227,0.975870,-0.217951,-0.031821,0.218271,0.975369,-17.8950,-25.8692,-18.4445,-30.1342,-19.9300,-37.2936,7.7662,21.6260,37.0374,24.5073,39.2660,34.4671,0.834486,0.001889,0.001941,0.915654,-0.869371,0.828802,0.014067,5.724e-12
792,-0.045840,0.016384,0.410978,0.903458,0.043876,-0.426425,0.024443,0.987857,0.153432,0.427978,-0.149042,0.891415,-12.0898,-22.4104,-15.1178,-38.3566,-14.9463,-14.3471,16.6534,21.6775,3.0689,38.5859,20.7158,11.4835,1.352371,0.004121,-0.000254,0.936783,0.086400,1.313788,-0.017773,4.233e-12
793,0.009886,0.090734,0.417017,0.995582,-0.007096,0.093623,-0.040200,0.868906,0.493341,-0.084851,-0.494926,0.864783,-6.8303,-26.6591,-12.4628,-9.0675,-1.4707,0.2678,1.2969,22.7917,17.2796,6.9898,8.2813,2.2063,1.210008,0.000031,-0.006317,0.968999,0.288860,-0.006687,-0.045034,1.775e-10
794,-0.043629,-0.032889,0.416085,0.940185,-0.038831,-0.338443,-0.046810,0.969333,-0.241252,0.337432,0.242665,0.909535,-12.1082,-9.4771,-13.1338,-31.6408,-15.7884,-22.4654,39.4786,3.9555,25.1796,27.8326,15.9087,17.3046,1.026348,0.002244,0.002183,0.938557,-0.316957,0.326177,-0.009929,8.294e-10
795,-0.008352,0.005762,0.408679,0.999940,-0.000987,0.010927,0.000465,0.998863,0.047665,-0.010962,-0.047657,0.998804,-19.3626,-37.5751,-19.5898,-35.8443,-19.5712,-35.1002,25.6092,38.1697,1.4951,35.6638,10.1332,34.9960,0.384352,0.000512,-0.000043,0.912321,-0.075896,-0.832048,-0.000654,9.216e-12
796,-0.000907,0.010191,0.418855,0.999973,-0.000029,-0.007318,0.000710,0.995654,0.093126,0.007284,-0.093128,0.995627,-14.7091,-28.3485,-14.2483,-26.2540,-14.8075,-23.5024,16.3910,28.1891,1.1196,25.3557,23.5372,21.2053,0.322504,-0.000263,0.000702,0.934457,-0.252585,-0.094857,0.000636,2.207e-11
797,0.008296,0.006449,0.420396,0.997574,-0.000866,0.069609,-0.002394,0.998905,0.046732,-0.069573,-0.046786,0.996479,-15.4042,-26.7091,-15.3891,-22.3577,-14.4361,-24.2757,23.2853,22.4933,28.0597,18.1218,23.1922,20.5805,0.240231,-0.000578,-0.000969,0.932265,0.214925,-0.128304,-0.001615,9.453e-10
798,0.102489,-0.018433,0.417006,0.906974,0.036170,0.419632,0.009945,0.994189,-0.107189,-0.421070,0.101391,0.901343,-16.0638,-14.2613,-1.7062,2.5265,-3.5040,-19.8393,39.3675,7.6666,5.8720,2.2038,3.0326,12.5507,1.021604,-0.006138,0.000764,0.968316,0.018410,0.239175,-0.035545,8.734e-11
799,0.035135,0.039120,0.407930,0.946877,-0.046313,0.318245,-0.070070,0.936092,0.344706,-0.313871,-0.348694,0.883118,-17.1397,-40.7967,-17.2935,-16.6567,-12.7424,-21.9635,17.8783,38.0446,33.0684,12.5418,14.8753,19.5955,1.481312,-0.002913,-0.005246,0.929193,1.547314,-0.872353,-0.022040,5.154e-12
800,0.034995,0.061267,0.410669,0.953788,-0.059064,0.294619,-0.087529,0.883358,0.460453,-0.287451,-0.464962,0.837366,-13.2182,-37.8523,-14.5604,-11.3394,-9.8826,-12.3372,2.9336,36.2679,18.4318,6.3325,38.9238,9.3547,1.415570,-0.001055,-0.004142,0.943595,0.671737,-0.173024,-0.035299,1.558e-11
801,0.048813,0.045485,0.425738,0.978843,-0.040551,0.200556,-0.012302,0.966729,0.255506,-0.204244,-0.252567,0.945777,-12.2925,-21.5463,-8.2294,-5.5231,-3.3814,-8.1159,30.4770,14.9453,10.8007,5.7564,13.8559,3.8568,0.781924,-0.003232,-0.002131,0.964264,-0.026944,0.052055,0.038229,8.798e-11
802,-0.039874,0.041536,0.412226,0.955417,0.057736,-0.289559,0.040935,0.945322,0.323559,0.292407,-0.320987,0.900814,-11.8825,-27.5320,-17.6564,-32.4772,-14.1092,-10.2508,19.4156,24.0528,24.6231,27.5647,30.6023,6.3108,1.203910,0.004442,-0.003456,0.934596,0.686157,0.875979,-0.018173,1.852e-12
803,-0.064242,-0.015344,0.421671,0.915341,-0.037627,-0.400918,-0.015566,0.991574,-0.128602,0.402378,0.123955,0.907043,-4.3422,-4.3552,-9.8732,-26.3887,-10.2730,-11.0709,13.0787,2.9180,16.2470,23.7206,2.0705,11.0772,1.018993,0.004452,0.000295,0.963358,-0.026946,0.364842,0.028789,2.228e-10
804,0.003994,-0.019664,0.417097,0.999365,0.001561,0.035586,0.006213,0.976084,-0.217305,-0.035074,0.217388,0.975455,-13.7082,-20.7529,-13.0125,-24.8555,-14.6402,-32.1414,2.9175,20.8344,6.6141,24.9308,12.3009,33.4452,0.737202,0.000175,0.002188,0.938009,-0.961844,0.074960,0.003536,1.043e-11
805,0.027750,0.005565,0.411113,0.962752,-0.007418,0.270285,-0.007542,0.998498,0.054268,-0.270282,-0.054285,0.961250,-20.1807,-36.3893,-18.8412,-22.6382,-18.4741,-33.5315,29.2010,31.7010,33.8319,16.1401,34.7748,28.4832,0.810348,-0.002130,-0.000444,0.913863,0.163837,-0.785505,-0.000140,1.877e-11
806,-0.008084,-0.031564,0.405313,0.994130,-0.023900,-0.105520,-0.015792,0.932795,-0.360062,0.107034,0.359615,0.926942,-19.9173,-22.3644,-19.7719,-36.8778,-21.7988,-41.5181,26.4316,15.6813,34.2225,31.9995,36.5891,37.8061,1.286191,0.001312,0.002708,0.907765,-1.484555,0.712549,0.005154,1.795e-11
807,-0.043349,0.008434,0.409512,0.917935,0.004009,-0.396712,0.026969,0.997005,0.072478,0.395814,-0.077229,0.915078,-14.6597,-23.7866,-19.0474,-40.0708,-16.9339,-19.6839,23.3737,18.6959,37.7937,36.7945,16.6982,16.1262,1.287573,0.004526,-0.002411,0.924032,0.740472,1.412013,0.020688,1.290e-11
808,-0.029790,0.001329,0.412678,0.947689,-0.003996,-0.319170,0.015222,0.999350,0.032686,0.318832,-0.035834,0.947134,-14.1706,-23.7461,-17.0242,-37.4014,-15.5554,-21.8561,11.3028,21.2024,29.6768,37.0547,5.2344,20.6582,1.127871,0.003235,-0.001874,0.929852,0.779996,1.372422,0.014365,5.327e-12
809,-0.019853,0.023412,0.421101,0.989237,0.027465,-0.143720,0.004992,0.975319,0.220746,0.146236,-0.219088,0.964684,-10.7564,-24.7394,-12.8986,-25.6113,-13.0567,-13.2032,9.1869,25.1277,1.2338,23.2822,32.6472,10.0192,0.756422,0.002586,0.000135,0.945013,-0.024504,0.528068,-0.024469,2.094e-11
810,-0.013869,-0.012330,0.409421,0.999211,0.002005,-0.039673,-0.009329,0.982639,-0.185293,0.038613,0.185516,0.981882,-18.8737,-28.5857,-18.5828,-35.1656,-18.7143,-38.2669,37.0224,26.2512,5.2773,34.9583,2.9261,38.5894,0.838894,-0.000342,0.000201,0.915786,-0.749938,-1.071834,-0.000929,4.725e-10
811,-0.009753,0.017951,0.410162,0.992110,0.014987,-0.124468,0.019645,0.961979,0.272416,0.123818,-0.272712,0.954095,-16.7985,-36.0411,-18.0131,-34.4995,-16.4065,-21.6486,14.8107,35.7294,24.8938,34.2441,5.4793,19.2111,1.171887,0.000699,-0.002304,0.923117,1.710937,0.527095,0.002306,1.538e-11
812,-0.008215,-0.037608,0.407814,0.994374,-0.026178,-0.102642,-0.022967,0.892651,-0.450164,0.103408,0.449989,0.887027,-14.0732,-13.5597,-13.3021,-30.5487,-16.2057,-37.8639,4.4972,12.2452,3.0083,31.4354,16.0513,39.8886,1.657266,0.001089,0.004073,0.934450,-2.179752,0.578822,0.001844,5.228e-12
813,0.032729,0.060860,0.417224,0.980568,-0.051371,0.189336,-0.030406,0.913648,0.405367,-0.193811,-0.403246,0.894332,-12.6237,-30.7501,-11.8350,-10.8813,-5.7654,-8.9942,20.6052,27.1605,9.1406,10.3530,13.4076,6.8962,1.131929,-0.003398,-0.004734,0.954762,0.565992,-0.401547,0.025918,8.354e-10
814,0.059532,-0.018992,0.398422,0.826114,0.041691,0.561959,0.071990,0.981279,-0.178628,-0.558886,0.188023,0.807647,-20.7461,-33.1347,-14.9763,-11.4265,-17.9257,-43.5335,30.4057,29.9186,16.7117,5.5247,37.8280,39.5396,1.962943,-0.006061,0.003446,0.919350,-1.169633,-2.102345,0.025311,1.108e-11
815,-0.000446,0.086492,0.413365,0.999881,-0.002320,-0.015261,0.009013,0.890360,0.455169,0.012532,-0.455252,0.890274,-11.2932,-29.0395,-17.0055,-17.3852,-4.8682,-4.4792,25.4948,20.4719,36.5473,13.7158,5.8728,4.4220,1.121764,-0.000243,-0.008007,0.950436,0.676849,-0.016883,0.014156,3.091e-10
816,-0.044011,-0.003568,0.424488,0.979158,-0.005496,-0.203025,-0.000303,0.999593,-0.028524,0.203099,0.027991,0.978758,-7.9893,-13.4124,-13.8206,-23.3538,-13.9630,-14.8874,15.9483,9.2400,36.7933,14.3666,34.0493,10.9619,0.483717,0.003993,0.000090,0.946466,-0.006381,0.241094,0.006553,5.405e-11
817,-0.014689,0.027575,0.405684,0.986230,0.026072,-0.163311,0.033957,0.934530,0.354260,0.161856,-0.354927,0.920777,-18.9225,-39.8735,-20.0182,-37.8780,-18.4643,-20.9278,28.6520,38.0990,23.4384,36.1132,18.6400,15.6325,1.355696,0.000545,-0.002187,0.913874,1.620594,0.413485,0.004186,3.385e-12
818,0.066379,-0.134493,0.374488,0.908743,0.174723,0.379021,0.188030,0.639363,-0.745560,-0.372599,0.748790,0.548164,-15.4837,-0.8465,0.5107,-3.9046,-17.1618,-46.8754,23.8256,1.3435,4.1483,3.1255,29.3541,37.9604,2.373878,-0.006008,0.012690,0.952101,-1.301226,-0.624601,0.018243,9.152e-10
819,-0.009803,0.012414,0.429108,0.999235,0.006605,-0.038550,-0.001407,0.991072,0.133321,0.039086,-0.133165,0.990323,-9.2799,-18.1975,-10.4338,-16.4852,-11.0773,-11.2523,18.6492,15.7681,13.4548,11.2335,36.0284,5.9633,0.409757,0.000976,0.000365,0.953892,-0.018328,0.050585,-0.010371,3.596e-11
820,0.055264,-0.100004,0.398286,0.942974,0.130433,0.306248,0.093848,0.778530,-0.620551,-0.319363,0.613904,0.721892,-15.0220,-4.5758,-3.7415,-6.5541,-14.0258,-39.9212,26.4630,1.1814,23.8084,5.0229,13.8084,33.5481,1.794983,-0.004751,0.007051,0.951001,-0.648747,-0.425202,-0.048466,5.018e-10
821,-0.010602,0.001519,0.418156,0.994518,-0.001562,-0.104553,0.003305,0.999858,0.016502,0.104512,-0.016757,0.994382,-13.5871,-25.0101,-16.3557,-29.2852,-14.9512,-24.1378,1.9741,22.8528,34.2472,26.6138,13.5078,23.5403,0.504817,0.002919,-0.001706,0.932703,0.565735,0.972911,0.004139,2.619e-12
822,0.048467,-0.093111,0.404459,0.964504,0.087326,0.249211,0.061623,0.843250,-0.533978,-0.256777,0.530381,0.807937,-16.0832,-7.1456,-4.7494,-9.6661,-15.7179,-36.6828,36.9163,3.0564,21.3378,6.7841,27.8607,27.0429,1.463608,-0.004135,0.006827,0.945390,-0.505584,-0.297304,-0.032966,2.340e-10
823,-0.051521,-0.033095,0.413839,0.906267,-0.032775,-0.421434,-0.071303,0.970850,-0.228835,0.416649,0.237435,0.877512,-10.2647,-7.5526,-10.6881,-33.5438,-14.8461,-20.3344,30.8390,5.6667,1.5417,33.3222,12.2131,16.8063,1.301950,0.002839,0.003966,0.946366,-0.733953,0.532582,-0.044884,1.099e-11
824,0.066326,-0.052619,0.399507,0.872249,0.106509,0.477324,0.098585,0.917670,-0.384918,-0.479023,0.382801,0.789937,-19.6986,-21.1900,-9.8584,-8.7218,-15.7883,-42.6279,37.3746,16.7396,16.4523,5.6861,26.6317,36.7703,1.821969,-0.007742,0.005819,0.931964,-1.180934,-1.565609,-0.007857,6.138e-12
825,-0.021176,0.054253,0.412748,0.989549,0.041083,-0.138219,0.018326,0.914950,0.403152,0.143026,-0.401471,0.904635,-10.5985,-30.6263,-17.3436,-26.4508,-10.5716,-9.0583,2.0538,28.2002,34.3791,22.8406,11.9705,9.0854,1.301875,0.003910,-0.006981,0.942215,1.481547,0.818364,-0.023051,8.594e-12
826,0.000451,0.052145,0.407485,0.999975,0.004620,0.005320,-0.006626,0.873374,0.487004,-0.002396,-0.487028,0.873383,-13.9798,-38.6092,-17.4045,-25.2691,-11.4234,-12.1780,9.7867,37.5736,30.3480,23.6437,2.7837,11.1572,1.658594,0.000562,-0.007301,0.935608,2.334207,0.171085,-0.009209,5.079e-12
827,-0.057706,-0.050914,0.404873,0.886024,-0.092081,-0.454404,-0.105089,0.914687,-0.390261,0.451573,0.393534,0.800758,-9.2124,-3.3204,-11.0795,-36.0786,-16.4396,-25.2154,15.1127,2.1213,9.1963,35.0963,15.1638,23.4774,1.751767,0.005508,0.005558,0.944880,-1.197415,1.193169,-0.014905,3.353e-12
828,-0.017023,-0.032323,0.405290,0.983754,-0.028066,-0.177312,-0.041361,0.925695,-0.376003,0.174690,0.377229,0.909495,-18.8497,-19.2727,-18.0244,-37.4841,-20.5732,-39.4844,33.3003,13.4435,18.8698,34.7421,29.6939,36.2600,1.431980,0.000739,0.003399,0.913780,-1.789208,0.400951,-0.008836,1.289e-11
829,0.074543,-0.084057,0.402832,0.906293,0.162387,0.390209,0.088876,0.829379,-0.551572,-0.413200,0.534566,0.737228,-15.1684,-6.0100,-3.7654,-1.3012,-10.4131,-36.8227,24.9483,0.3065,35.4209,0.3665,3.4985,31.5153,1.717177,-0.005143,0.003810,0.956153,-0.186362,-0.226124,-0.103245,3.586e-10
830,-0.032269,-0.027702,0.416410,0.958047,-0.027818,-0.285259,-0.042172,0.970764,-0.236303,0.283492,0.238419,0.928864,-10.5676,-11.5218,-11.0549,-30.9380,-14.3434,-24.1986,10.4090,11.4921,0.0840,31.6978,12.8999,23.6207,1.120523,0.002879,0.003787,0.946061,-1.015221,0.777317,-0.014290,8.135e-12
831,0.045538,-0.011503,0.413681,0.938563,0.035410,0.343286,0.005697,0.992997,-0.118004,-0.345060,0.112710,0.931789,-18.7115,-27.2360,-14.7332,-14.3819,-14.0680,-33.2826,34.1998,20.5178,38.2387,9.9104,15.5620,29.1888,1.045184,-0.004889,-0.000595,0.928810,0.117608,-1.023581,-0.031656,1.852e-12
832,0.032473,-0.008023,0.409176,0.937104,0.015788,0.348694,0.014752,0.996293,-0.084755,-0.348739,0.084569,0.933397,-18.8267,-33.7642,-17.2860,-19.9608,-17.6222,-38.2595,17.0193,31.3879,27.0461,15.1121,23.5891,36.7608,1.103072,-0.002122,0.000452,0.919461,-0.230763,-1.081758,-0.000679,8.979e-12
833,0.061134,0.016384,0.399121,0.817946,-0.075936,0.570261,-0.017560,0.987493,0.156681,-0.575027,-0.138171,0.806383,-20.6381,-41.6491,-15.0192,-10.1052,-15.9622,-33.8638,34.8295,39.9934,5.4054,5.2932,37.8757,28.7207,1.986319,-0.007189,0.000875,0.922384,-0.249318,-2.412320,0.048651,7.810e-12
834,-0.053733,0.032380,0.421000,0.928274,0.030242,-0.370665,0.045531,0.979948,0.193980,0.369099,-0.196943,0.908284,-7.6584,-14.8988,-12.9071,-26.7966,-9.4454,-4.3802,32.4564,10.3413,13.4080,23.4029,14.9713,1.2249,0.989949,0.002479,-0.002099,0.955079,0.134482,0.160469,0.020473,9.232e-11
835,-0.013827,0.005546,0.412668,0.988471,0.004649,-0.151342,-0.004448,0.999989,0.001663,0.151348,-0.000970,0.988480,-17.6580,-29.2306,-17.4873,-36.0357,-18.3095,-29.1795,23.9364,27.4686,0.8197,35.4191,29.6577,26.3402,0.620232,0.000411,0.001166,0.919901,-0.866312,0.316304,-0.004715,1.941e-11
836,0.009957,-0.063850,0.416758,0.994836,0.005292,0.101354,0.035316,0.918181,-0.394583,-0.095150,0.396125,0.913253,-11.8624,-9.8277,-8.3998,-15.9350,-16.0201,-31.0135,13.4830,8.1888,22.7591,10.7076,32.8964,25.7143,1.046001,0.000251,0.005796,0.945691,-0.694272,0.023930,0.036802,8.313e-10
837,0.068582,-0.030847,0.419060,0.935201,0.063294,0.348416,0.019290,0.973331,-0.228593,-0.353593,0.220502,0.909039,-15.7702,-14.6653,-7.2090,-4.2936,-8.8648,-26.6304,33.8317,7.0265,32.2573,2.5485,12.9687,20.3453,1.016949,-0.004576,0.000906,0.952378,-0.034661,-0.129790,-0.058291,1.707e-10
838,-0.003508,0.034747,0.431558,0.996384,-0.000846,-0.084964,0.018170,0.978940,0.203339,0.083003,-0.204147,0.975415,-8.3048,-15.1759,-8.6254,-13.6230,-5.1778,-4.4846,28.4844,10.5506,6.9801,12.5844,12.1641,1.1917,0.570968,-0.000698,-0.001505,0.966903,-0.022547,0.012276,0.025989,5.674e-11
839,0.065736,0.033423,0.406554,0.878515,-0.071689,0.472305,-0.057423,0.965660,0.253383,-0.474251,-0.249722,0.844230,-18.9888,-37.8972,-14.4503,-8.5240,-11.6554,-24.1587,30.4380,32.6936,24.4600,4.2247,31.1298,18.5578,1.469473,-0.006273,-0.002594,0.932434,0.473181,-1.135284,0.016005,4.593e-12
840,-0.066744,-0.012187,0.411375,0.893320,-0.019382,-0.449003,-0.019484,0.996460,-0.081780,0.448999,0.081804,0.889780,-9.7983,-12.9693,-15.7671,-36.1579,-17.1847,-17.3834,21.3587,9.1454,29.8899,29.5595,32.0294,13.0163,1.220874,0.006639,0.001220,0.935972,-0.193833,1.054978,-0.000244,1.175e-11
841,-0.027961,0.011372,0.408033,0.937058,0.027156,-0.348116,0.020378,0.991019,0.132162,0.348578,-0.130937,0.928089,-15.1672,-28.0121,-18.7852,-40.6003,-17.7915,-21.0424,0.0259,25.7905,33.4720,38.6626,27.8861,18.0703,1.461758,0.004823,-0.001361,0.922183,0.665450,2.326405,-0.003939,1.612e-11
842,0.084809,0.030166,0.415935,0.908373,-0.072535,0.411823,-0.020981,0.975694,0.218130,-0.417635,-0.206784,0.884772,-16.6730,-26.4805,-7.7343,-1.2997,-6.0259,-15.0853,36.2912,19.4509,12.3176,0.6748,30.1139,6.9366,1.134814,-0.005245,-0.000871,0.954527,0.018009,-0.025735,0.069314,1.778e-10
843,0.033025,0.100720,0.392144,0.976986,-0.112930,0.180958,-0.046057,0.716659,0.695901,-0.208273,-0.688220,0.694965,-16.5289,-44.7799,-16.8135,-14.6118,-5.8946,-4.7498,37.6554,39.0109,16.6492,13.7845,9.8424,1.4164,2.126429,-0.005206,-0.010107,0.941166,1.743421,-0.862547,0.075855,2.103e-12
844,-0.043141,0.048119,0.409810,0.945169,0.058210,-0.321352,0.062583,0.933468,0.353159,0.320530,-0.353906,0.878642,-10.6004,-27.2938,-18.0363,-32.7551,-12.0086,-8.1291,11.6617,23.8890,32.7194,29.1250,13.6907,6.9183,1.417031,0.005180,-0.006091,0.939028,1.276449,1.088151,0.004932,7.550e-12
845,0.072644,0.024600,0.402480,0.809533,-0.061236,0.583871,-0.066429,0.978603,0.194739,-0.583303,-0.196434,0.788144,-17.3392,-38.0650,-12.8011,-4.2953,-10.3059,-27.0839,15.7810,36.2041,18.6409,1.6738,16.3985,25.2444,1.826280,-0.007150,-0.002650,0.939294,0.616663,-1.669464,-0.005751,3.399e-12
846,0.014809,0.041852,0.418182,0.991826,-0.014413,0.126778,-0.027117,0.947091,0.319818,-0.124680,-0.320642,0.938959,-12.4582,-31.5339,-14.0987,-17.2889,-9.5550,-14.5326,7.9780,30.0166,19.4113,15.3638,11.5536,13.9223,0.970134,-0.000770,-0.004645,0.945885,0.968199,-0.163233,-0.013856,3.318e-12
847,-0.042423,-0.007022,0.410474,0.932145,-0.010627,-0.361930,-0.011627,0.998175,-0.059252,0.361899,0.059440,0.930320,-15.9713,-21.2856,-18.8671,-39.5409,-19.5554,-24.4467,34.2632,15.0231,33.7442,33.9765,34.7036,18.2177,1.061169,0.004032,0.000740,0.918487,-0.196941,1.074734,-0.001067,1.133e-11
848,0.073636,-0.044034,0.406042,0.877252,0.077916,0.473664,0.071428,0.954567,-0.289311,-0.474686,0.287631,0.831830,-17.9861,-20.0386,-7.1257,-5.3395,-12.4889,-35.9062,33.7362,16.6239,8.7992,4.7371,19.2133,30.1932,1.539433,-0.008247,0.004707,0.943675,-0.739931,-1.291653,-0.006980,3.641e-12
849,-0.071462,0.045941,0.427807,0.950440,0.002288,-0.310901,0.039371,0.991038,0.127649,0.308406,-0.133563,0.941831,0.4448,-5.2122,-11.5830,-15.9573,-3.5751,1.7410,8.8656,0.0707,30.9334,8.7600,3.8408,1.4334,0.842191,0.001747,-0.001458,0.978025,-0.457461,-0.520109,0.053330,1.716e-10
850,0.048577,-0.047562,0.417787,0.938494,0.051494,0.341434,0.062078,0.947544,-0.313540,-0.339669,0.315451,0.886067,-12.5769,-13.3443,-7.1373,-5.9401,-11.5589,-30.3637,8.5059,10.6581,28.3213,2.4084,19.5085,26.9318,1.120522,-0.002597,0.003065,0.953189,-0.288864,-0.245988,0.014070,2.616e-10
851,0.036182,0.074496,0.408726,0.975257,-0.067626,0.210477,-0.044078,0.873468,0.484881,-0.216635,-0.482161,0.848875,-15.5854,-36.5718,-15.3203,-13.1537,-6.8978,-10.1334,32.2111,30.1036,22.3197,11.0750,14.8280,6.8310,1.402102,-0.004147,-0.006875,0.943409,0.949343,-0.564720,0.027804,1.467e-11
852,0.019953,0.009786,0.408964,0.983362,-0.008343,0.181465,-0.018734,0.988961,0.146984,-0.180688,-0.147938,0.972351,-19.8074,-40.6954,-20.2115,-28.6168,-19.6212,-32.9418,7.8601,39.1266,36.1441,23.7620,30.2376,29.8719,0.773845,0.000163,-0.000848,0.910649,0.804595,0.144101,-0.004671,1.002e-11
853,-0.046804,-0.018716,0.412291,0.928715,-0.028475,-0.369699,-0.028480,0.988623,-0.147692,0.369699,0.147692,0.917338,-11.3749,-14.7883,-15.1544,-35.8454,-17.4378,-22.6817,10.0042,12.4220,23.1497,31.7929,31.2385,19.6695,1.219394,0.006066,0.002437,0.934050,-0.583691,1.453162,-0.000182,8.097e-12
854,0.017273,-0.039086,0.410059,0.987280,0.025416,0.156945,0.031707,0.935836,-0.351006,-0.155796,0.351518,0.923127,-17.3681,-20.2113,-13.0885,-22.3834,-18.3573,-38.9570,28.0124,17.4413,5.8629,18.9694,37.1141,34.8521,1.316406,-0.002247,0.006161,0.926694,-1.879093,-0.689729,0.005479,5.219e-12
855,0.070398,-0.047569,0.408154,0.865050,0.068494,0.496987,0.099788,0.947351,-0.304252,-0.491661,0.312786,0.812671,-14.0800,-17.2141,-4.9597,-2.1599,-11.1643,-34.4628,8.0883,17.6190,3.1097,1.9401,18.2875,31.8844,1.603107,-0.006333,0.005528,0.954747,-0.864379,-1.004838,0.037706,9.042e-13
856,0.008882,0.009274,0.429780,0.999993,0.002132,0.003153,-0.001980,0.998876,-0.047359,-0.003250,0.047352,0.998873,-11.7954,-13.7451,-11.7460,-14.8291,-7.5008,-16.2079,34.9110,4.7640,38.1160,11.7133,2.3771,13.4310,0.521729,-0.001298,-0.002188,0.953533,0.063154,-0.038362,-0.005376,1.596e-11
857,0.018447,-0.002590,0.408084,0.937183,0.007655,0.348754,0.006198,0.999236,-0.038591,-0.348783,0.038328,0.936419,-17.1392,-35.4236,-16.1709,-20.4029,-16.2490,-37.4557,21.5615,36.9683,2.2045,18.7141,2.4853,39.4926,1.462863,-0.001600,0.000123,0.925499,-0.178107,-2.235766,-0.000282,1.017e-12
858,-0.013809,-0.037173,0.401746,0.978747,-0.057464,-0.196855,-0.041718,0.884070,-0.465490,0.200782,0.463809,0.862883,-16.4152,-14.9223,-16.5563,-37.0288,-19.5761,-40.1811,6.1098,10.9904,16.1246,35.4611,35.7688,39.7150,1.943175,0.002579,0.004245,0.920835,-2.480004,1.472881,0.007509,1.134e-11
859,-0.049962,0.017488,0.416200,0.909723,0.025607,-0.414425,0.034896,0.989850,0.137763,0.413746,-0.139788,0.899596,-8.8563,-17.5565,-12.8477,-33.0796,-11.0593,-10.0569,15.6530,16.9892,3.7693,34.1958,1.9026,9.6115,1.190193,0.003816,-0.001890,0.950900,0.414746,0.840167,0.010412,1.464e-11
860,-0.046830,-0.033119,0.409439,0.905744,-0.051455,-0.420691,-0.079294,0.954503,-0.287465,0.416342,0.293728,0.860455,-12.1962,-9.4231,-12.5797,-37.0910,-15.8281,-25.3926,28.1784,6.8875,3.9719,37.9332,8.7827,23.3185,1.482731,0.002742,0.003727,0.939110,-1.041804,0.774247,-0.028302,1.663e-11
861,0.003245,0.000572,0.423712,0.999831,0.000327,0.018357,-0.000246,0.999990,-0.004398,-0.018359,0.004393,0.999822,-12.8180,-21.5854,-12.4612,-20.8734,-11.8339,-21.8138,18.1037,19.2210,16.4786,19.5725,8.7667,20.3264,0.118462,-0.000787,-0.000637,0.944420,0.132652,-0.163893,-0.000622,7.553e-10
862,-0.003003,0.033504,0.407030,0.994795,0.036008,-0.095324,0.002398,0.926952,0.375173,0.101871,-0.373449,0.922040,-17.1362,-39.7743,-19.4826,-34.5280,-18.0900,-19.8768,1.0759,39.2772,27.6830,31.2680,38.2644,15.3727,1.411894,0.002545,-0.002011,0.917866,1.208399,1.461809,-0.019396,1.477e-11
863,0.038347,0.008680,0.411014,0.936365,-0.005675,0.350981,-0.022319,0.996884,0.075663,-0.350317,-0.078682,0.933320,-19.0376,-35.4903,-17.0381,-17.2821,-15.1618,-31.3260,29.0272,31.0007,34.4535,12.4850,17.0106,28.0450,1.134718,-0.003969,-0.002147,0.923169,0.660755,-1.234853,-0.015111,6.976e-12
864,0.091242,0.007594,0.409144,0.837636,-0.019154,0.545892,-0.011502,0.998545,0.052686,-0.546107,-0.050410,0.836197,-16.8517,-27.0927,-7.1923,0.3192,-6.5272,-24.2861,27.0106,23.1462,8.1668,1.0726,9.6438,20.3799,1.429098,-0.008937,-0.000537,0.954275,0.066219,-1.060057,0.009335,2.161e-12
865,0.036736,-0.066466,0.401645,0.947445,0.060424,0.314161,0.113825,0.854077,-0.507540,-0.298986,0.516626,0.802313,-15.7816,-14.8025,-9.9538,-14.6039,-18.1212,-43.4877,12.0448,13.3287,14.2944,10.0503,39.5218,39.8294,1.847569,-0.002334,0.008565,0.934140,-1.983448,-0.568504,0.054173,4.625e-12
866,0.090027,-0.103550,0.396619,0.904081,0.169208,0.392435,0.088691,0.823997,-0.559610,-0.418056,0.540739,0.729953,-15.8843,-3.4993,1.9822,1.1410,-10.0359,-34.8482,34.6296,0.7841,5.5573,2.3443,7.2622,25.7540,1.729651,-0.006756,0.006226,0.964410,-0.152637,-0.113140,-0.110960,4.076e-10
867,0.034348,0.034762,0.430163,0.993031,-0.017399,0.116559,-0.003073,0.984882,0.173199,-0.117810,-0.172350,0.977965,-12.2618,-17.5794,-9.4665,-7.7368,-5.4246,-8.5352,39.3305,8.3091,25.0454,4.4260,24.7269,1.8460,0.514641,-0.001398,-0.001027,0.959363,-0.173715,0.241553,0.019704,7.009e-11
868,-0.030673,0.067329,0.406003,0.966220,0.051953,-0.252428,0.084608,0.861238,0.501109,0.243435,-0.505539,0.827750,-12.0924,-32.3998,-17.6328,-30.1854,-9.9595,-4.5529,24.9191,28.6410,22.2158,28.5357,7.1020,2.5834,1.646626,0.002101,-0.007749,0.940466,1.616274,0.450771,0.035534,2.676e-12
869,-0.024777,0.064512,0.407526,0.980572,0.056043,-0.187985,0.047337,0.862393,0.504021,0.190364,-0.503128,0.842985,-11.2962,-33.2323,-17.2093,-28.4505,-10.5179,-5.6196,11.2037,31.2508,22.4102,26.0795,14.1054,4.2268,1.590493,0.003082,-0.007025,0.941443,1.560221,0.680983,-0.008886,3.951e-12
870,-0.028722,-0.014590,0.419415,0.973782,-0.019662,-0.226630,-0.009952,0.991621,-0.128795,0.227263,0.127674,0.965428,-11.6948,-15.8154,-13.9190,-29.5178,-14.4377,-22.5372,16.3086,12.7938,24.1660,26.9533,12.9229,20.8082,0.719789,0.002948,0.000545,0.940005,-0.119782,0.641404,0.010269,1.741e-11
871,-0.029106,0.048497,0.413110,0.976461,0.040492,-0.211861,0.038443,0.933825,0.355660,0.212243,-0.355432,0.910286,-10.2677,-28.2521,-17.2633,-28.5738,-10.4953,-9.2081,3.6264,25.5681,35.6477,25.6896,5.4172,9.7086,1.287537,0.004340,-0.007056,0.942926,1.532543,0.941682,-0.001782,9.355e-12
872,0.050567,-0.038541,0.406691,0.910251,0.050354,0.410983,0.079502,0.952855,-0.292827,-0.406352,0.299220,0.863334,-17.6306,-22.6760,-9.9562,-11.5978,-15.8336,-38.9205,27.8126,21.1362,0.4018,9.1469,32.5494,34.5281,1.611101,-0.006021,0.006294,0.934772,-1.528219,-1.485557,0.027858,3.195e-12
873,0.031758,0.004712,0.424873,0.988831,0.005220,0.148949,-0.004562,0.999978,-0.004757,-0.148971,0.004025,0.988833,-14.9929,-20.4294,-11.1890,-13.8107,-9.3689,-20.6524,37.7309,13.5827,24.2252,12.2974,8.8100,16.2225,0.428243,-0.003919,-0.001296,0.946781,0.135538,-0.415796,-0.011911,3.834e-10
874,0.066637,0.126960,0.380680,0.914032,-0.162342,0.371741,-0.163979,0.690332,0.704665,-0.371021,-0.705044,0.604365,-16.3858,-45.3221,-17.1833,-4.8045,-1.0581,-2.9391,28.9793,35.5258,30.4102,2.9953,12.8513,1.6160,2.170562,-0.005665,-0.010870,0.948370,0.984735,-0.514420,-0.003026,5.082e-10
875,-0.014248,0.019262,0.417352,0.991060,0.021676,-0.131642,0.002680,0.983281,0.182076,0.133388,-0.180801,0.974433,-13.2543,-28.3030,-15.4177,-29.6065,-15.2983,-18.8237,4.7996,28.1223,10.9800,27.1656,33.2151,16.0294,0.755297,0.002909,-0.000176,0.934109,0.061539,0.914123,-0.017058,1.600e-11
876,0.051938,0.027744,0.403399,0.881749,-0.053703,0.468653,-0.071736,0.966678,0.245740,-0.466233,-0.250300,0.848514,-19.2488,-41.2323,-16.4295,-12.2734,-12.5202,-27.5533,33.3885,37.6214,29.1308,8.9067,5.7310,25.0018,1.778235,-0.006541,-0.004536,0.927517,1.375625,-2.007779,-0.015508,6.803e-12
877,0.005874,-0.043655,0.425243,0.999439,0.006511,0.032838,0.003163,0.958156,-0.286229,-0.033328,0.286173,0.957598,-8.7477,-8.3555,-5.4969,-14.3818,-10.4335,-23.4401,6.7426,9.3600,0.9685,14.9679,6.3304,22.4711,0.730906,-0.000755,0.004151,0.963048,-0.553219,-0.100160,-0.004043,9.200e-10
878,-0.002347,-0.004701,0.413656,0.999813,0.001614,0.019296,-0.000360,0.997899,-0.064795,-0.019360,0.064776,0.997712,-17.1987,-29.8562,-16.8068,-30.6676,-16.9710,-33.2235,21.0182,29.2071,7.4492,30.5497,7.3244,33.3456,0.340877,-0.000526,0.000244,0.923638,-0.270092,-0.576175,-0.000761,1.098e-11
879,-0.000324,0.016115,0.425735,0.999741,-0.001525,-0.022691,0.002459,0.999149,0.041176,0.022609,-0.041221,0.998894,-13.0387,-19.6681,-14.4013,-19.6169,-10.4129,-17.5256,32.5933,11.8517,38.1960,15.1781,11.5669,14.2366,0.318702,-0.000505,-0.002785,0.943324,0.281783,-0.050495,0.004850,2.200e-10
880,0.022991,0.008257,0.408117,0.977659,-0.008893,0.210009,-0.018845,0.991373,0.129712,-0.209351,-0.130771,0.969057,-20.2209,-41.3544,-20.5349,-28.4097,-20.0918,-34.4935,6.2416,39.7806,37.4181,23.2235,32.3481,31.4893,0.783318,0.000139,-0.000640,0.908848,0.716810,0.143631,-0.003948,1.878e-11
881,-0.003209,-0.036729,0.409298,0.999800,0.009586,-0.017535,-0.015480,0.926420,-0.376173,0.012639,0.376369,0.926384,-18.2624,-19.3302,-15.8684,-29.9475,-18.4417,-39.3719,39.0432,14.1604,17.1118,27.6445,16.1333,36.7267,1.239514,-0.001566,0.003305,0.921147,-1.354736,-0.626753,-0.019492,1.273e-11
882,-0.022984,-0.025079,0.422340,0.987094,-0.005231,-0.160056,-0.017879,0.989618,-0.142605,0.159141,0.143626,0.976753,-9.9021,-13.6617,-9.9755,-24.6441,-14.6621,-21.1720,9.9472,14.1989,1.8869,22.2385,30.3175,17.8472,0.649642,0.002644,0.004390,0.948257,-0.770043,0.467560,-0.014110,9.213e-12
883,0.002436,-0.017137,0.429170,0.998612,0.003508,-0.052547,-0.008880,0.994709,-0.102350,0.051910,0.102674,0.993360,-10.9453,-11.8056,-7.6508,-16.8285,-9.6237,-17.1531,31.4788,8.5609,6.6938,16.7582,8.2591,12.9210,0.434466,-0.001788,0.001337,0.957747,-0.114869,-0.151156,-0.015665,1.236e-10
884,-0.021730,-0.025065,0.421554,0.984690,-0.022699,-0.172831,-0.014794,0.977025,-0.212609,0.173686,0.211910,0.961731,-9.6276,-12.0129,-10.7644,-25.5036,-12.3585,-23.1728,5.2646,11.5188,12.7747,25.4200,3.0422,23.8773,0.748114,0.002375,0.001707,0.950938,-0.377558,0.523824,0.008356,4.425e-12
885,0.011205,-0.004140,0.414125,0.990939,0.002726,0.134283,0.005279,0.998231,-0.059220,-0.134207,0.059392,0.989172,-18.1541,-30.4107,-16.6084,-25.8987,-17.5218,-33.5083,27.4882,27.9640,12.1664,22.9513,24.7547,30.7860,0.575103,-0.001667,0.001205,0.921649,-0.570829,-0.792082,0.001863,2.828e-12
886,-0.025543,0.041230,0.406090,0.963285,0.054577,-0.262876,0.071199,0.892135,0.446124,0.258869,-0.448461,0.855494,-13.6854,-34.7584,-16.4144,-34.7627,-13.0320,-10.2706,15.2197,35.4037,11.6935,36.2531,2.1752,8.1437,1.746358,0.001677,-0.004521,0.935157,1.989964,0.753034,0.012427,8.089e-12
887,-0.011931,-0.060228,0.407117,0.993975,-0.024905,-0.106736,-0.033771,0.856866,-0.514432,0.104271,0.514938,0.850862,-15.6813,-10.0073,-14.1271,-29.0492,-17.7274,-38.1749,32.3982,3.6526,36.3679,25.6044,9.1722,35.3837,1.426840,0.000316,0.003835,0.928773,-0.947331,0.078755,-0.009592,7.597e-12
888,0.031124,-0.098930,0.411962,0.983642,0.048906,0.173370,0.052777,0.841962,-0.536949,-0.172231,0.537316,0.825608,-8.8567,0.2405,0.4391,-6.3380,-11.7688,-29.4186,8.5467,2.0298,0.5146,6.7660,12.7136,24.5736,1.369188,-0.002219,0.007317,0.969895,-0.397487,-0.121759,0.005521,7.004e-11
889,-0.052225,-0.012374,0.414008,0.911672,-0.035048,-0.409422,-0.013040,0.993387,-0.114074,0.410712,0.109337,0.905185,-9.6425,-12.8524,-14.3335,-34.8877,-14.4185,-18.7639,10.5562,10.4550,24.3162,32.7511,10.4260,17.9819,1.228825,0.005717,0.000142,0.942438,-0.037426,1.264174,0.023110,1.886e-11
890,-0.010262,0.024511,0.407116,0.983584,0.036844,-0.176652,0.031667,0.928502,0.369974,0.177653,-0.369494,0.912093,-15.5781,-37.2894,-16.9826,-35.6422,-15.6067,-17.5106,1.4390,39.3199,19.1105,37.1551,6.0262,15.5478,1.604201,0.001209,-0.002054,0.927564,2.002343,1.161967,-0.001602,2.897e-12
891,0.036797,0.016253,0.424805,0.963176,-0.033631,0.266761,-0.012676,0.985364,0.169994,-0.268574,-0.167115,0.948652,-11.5955,-24.6515,-9.0074,-7.9333,-9.7716,-15.7798,8.4278,23.6169,8.2995,4.3750,37.2267,11.1684,0.783815,-0.001750,0.000516,0.954518,-0.046105,-0.159220,0.026678,1.614e-10
892,0.034283,0.070336,0.407341,0.969635,-0.071633,0.233828,-0.057910,0.861690,0.504120,-0.237599,-0.502354,0.831377,-14.9052,-38.4904,-14.9450,-13.3430,-7.5276,-10.7918,23.4443,34.7029,17.4887,11.7496,12.7515,8.5056,1.553814,-0.003937,-0.006974,0.943977,1.243695,-0.697363,0.015222,5.708e-12
893,0.019354,0.041005,0.412966,0.984257,-0.021269,0.175457,-0.041148,0.937878,0.344516,-0.171885,-0.346312,0.922238,-15.4355,-37.0871,-16.9593,-19.8914,-12.8804,-18.6250,12.8493,34.5042,29.3960,15.5906,23.2181,15.9231,1.136571,-0.000697,-0.004479,0.932134,1.159314,-0.185566,-0.020018,1.150e-11
894,0.077953,-0.035090,0.408580,0.836369,0.079244,0.542409,0.071154,0.965430,-0.250762,-0.543529,0.248324,0.801817,-13.5456,-18.5210,-4.5102,0.7513,-7.9762,-32.3814,6.4009,18.9251,2.0041,1.2259,0.8262,32.3509,1.655290,-0.007902,0.003274,0.960979,-0.538951,-1.294526,-0.009339,1.664e-12
895,0.036227,0.004377,0.401955,0.891912,-0.013096,0.452019,-0.015736,0.998076,0.059965,-0.451935,-0.060597,0.889990,-21.5113,-42.3035,-19.5996,-19.5510,-19.1656,-39.0322,35.3049,39.4747,27.7847,13.1150,23.4478,35.8096,1.652310,-0.003390,-0.000587,0.909451,0.375212,-2.191776,-0.001471,9.735e-12
896,0.007768,-0.016424,0.412654,0.990692,0.018536,0.134854,0.010067,0.977995,-0.208385,-0.135749,0.207803,0.968705,-17.0724,-26.1403,-15.3712,-25.4186,-16.4606,-37.0471,25.7605,24.6267,4.8493,24.4847,9.8820,37.3104,0.971828,-0.001871,0.001559,0.926632,-0.984567,-1.167086,-0.004643,2.263e-11
897,0.001941,0.053797,0.408198,0.999823,0.002993,0.018589,-0.011981,0.862734,0.505517,-0.014524,-0.505650,0.862616,-13.3079,-38.7234,-16.1066,-24.2474,-11.4351,-11.1775,5.3225,39.4365,16.7575,23.1572,11.6245,9.8903,1.612018,0.000605,-0.005763,0.938639,1.877033,0.189433,-0.013341,7.378e-12
898,0.013650,-0.044161,0.416595,0.993022,0.025439,0.115151,0.020612,0.923986,-0.381870,-0.116113,0.381579,0.917014,-12.3998,-13.1439,-9.9152,-17.9748,-12.8291,-33.5410,7.8668,11.9924,15.8465,17.6786,1.0062,34.5777,1.092329,-0.001318,0.003255,0.947336,-0.804598,-0.325199,-0.004886,1.729e-11
899,0.000512,-0.063301,0.420146,0.999167,0.007185,-0.040170,-0.019294,0.950579,-0.309883,0.035958,0.310400,0.949926,-13.0376,-8.8097,-7.0347,-18.7236,-16.3433,-25.2135,38.7921,5.9481,11.1632,14.4859,37.8645,15.1151,0.776023,-0.000889,0.005593,0.945536,-0.371213,-0.052203,-0.033239,1.629e-10
900,-0.060798,0.003114,0.417878,0.915620,-0.022947,-0.401389,0.011643,0.999464,-0.030580,0.401876,0.023327,0.915397,-8.9844,-11.8949,-15.1822,-31.1843,-12.9422,-13.2416,30.5209,5.7935,34.5957,25.5999,13.0341,10.4269,1.013802,0.004179,-0.001550,0.944451,0.157466,0.438289,0.043295,4.483e-10
901,0.021149,0.012334,0.409929,0.967861,-0.018372,0.250813,-0.022522,0.986988,0.159208,-0.250475,-0.159740,0.954854,-18.9244,-39.3572,-18.3576,-23.7000,-17.2410,-30.9289,23.1316,37.8005,25.8712,19.7475,16.9189,28.3543,1.037604,-0.001793,-0.001526,0.918242,0.891926,-1.052918,-0.002663,1.986e-11
902,-0.061003,0.023444,0.420527,0.935632,0.049575,-0.349478,0.016612,0.982807,0.183888,0.352585,-0.177857,0.918722,-4.8928,-14.8566,-12.1453,-26.3391,-11.0190,-5.2630,6.5643,14.6917,10.1114,21.6116,25.6987,3.7528,0.991379,0.005435,-0.000848,0.958021,0.086735,0.515208,-0.041685,4.176e-10
903,-0.054561,0.011771,0.414819,0.909588,0.006974,-0.415453,0.025714,0.996998,0.073036,0.414715,-0.077115,0.906678,-8.8715,-16.7644,-14.9148,-33.9882,-12.6653,-12.6677,10.3141,14.5804,22.9423,31.9301,8.5922,12.1941,1.205996,0.005754,-0.002228,0.945356,0.448694,1.173158,0.020421,1.060e-11
904,-0.002337,0.017944,0.432320,0.999997,0.001505,0.001863,-0.001765,0.988924,0.148415,-0.001619,-0.148417,0.988923,-7.7288,-15.8807,-8.5798,-11.9346,-8.1091,-8.1398,15.8704,13.3656,11.6454,7.7760,28.5611,3.9725,0.352539,0.000317,-0.000210,0.963434,-0.001848,-0.002805,-0.004424,1.956e-11
905,0.004334,0.016910,0.409973,0.996250,-0.010449,0.085891,-0.005291,0.983468,0.181007,-0.086362,-0.180783,0.979724,-19.3324,-39.6821,-19.1030,-31.0420,-18.9638,-30.2271,24.4140,39.1751,9.7922,28.4883,26.1523,27.1391,0.646832,-0.000499,-0.000209,0.914018,0.256563,-0.603585,0.001895,1.511e-11
906,0.054653,0.015080,0.403819,0.873530,-0.036412,0.485407,-0.033546,0.990324,0.134656,-0.485613,-0.133910,0.863856,-20.9865,-40.0345,-16.9820,-13.4853,-15.6215,-32.7365,37.4799,35.3802,27.9728,8.0164,26.5869,27.7108,1.593444,-0.006190,-0.001566,0.919559,0.473396,-1.865534,0.002449,5.473e-12
907,0.024455,-0.008799,0.422389,0.988520,0.000349,0.151089,0.005950,0.999132,-0.041235,-0.150973,0.041661,0.987660,-14.9472,-22.2199,-10.4173,-16.4810,-12.5382,-24.3886,30.5833,19.6888,4.4353,15.3863,20.5876,19.7506,0.486026,-0.003754,0.001977,0.943225,-0.352968,-0.673034,0.006248,2.494e-11
908,-0.013261,0.045514,0.410446,0.991838,0.043807,-0.119741,0.010986,0.906271,0.422553,0.127028,-0.420420,0.898393,-13.8121,-35.5598,-17.1312,-30.1251,-14.7869,-12.9356,6.7750,35.3569,14.1849,27.0774,35.3422,9.1605,1.325454,0.002907,-0.002855,0.931431,0.909031,0.911597,-0.030211,1.349e-11
909,-0.001697,0.047747,0.419703,0.999664,0.000705,-0.025896,0.009029,0.927471,0.373787,0.024281,-0.373895,0.927153,-12.0869,-28.8963,-13.1334,-20.0749,-10.2592,-8.9829,23.2442,26.6563,4.2262,17.6216,29.2208,4.6442,0.914450,-0.000375,-0.002419,0.946869,0.350620,-0.054245,0.010119,6.692e-10
910,-0.027041,-0.027695,0.433072,0.994650,-0.005496,-0.103159,-0.005464,0.994387,-0.105664,0.103161,0.105662,0.989037,-3.3670,-5.4475,-4.9272,-12.8620,-9.4413,-10.9580,0.3355,7.3610,5.6701,9.0927,21.0991,8.6486,0.332410,0.002011,0.002059,0.973470,0.014697,-0.014351,0.000003,1.088e-11
911,-0.037562,0.067679,0.400085,0.944527,0.072036,-0.320436,0.116929,0.837968,0.533045,0.306914,-0.540944,0.783061,-12.7830,-34.2490,-18.9518,-34.1236,-10.8473,-3.9816,26.0584,30.3646,27.9278,32.7026,3.2933,1.7403,1.958825,0.002851,-0.008762,0.936002,2.134201,0.720967,0.044705,1.016e-11
912,-0.034165,0.015244,0.410673,0.936639,0.031370,-0.348889,0.019766,0.989662,0.142049,0.349738,-0.139945,0.926336,-15.7155,-27.2277,-16.7966,-39.6273,-16.8841,-19.7642,28.6760,25.4241,1.7054,39.9322,22.7457,15.6696,1.073151,0.001728,0.000100,0.925991,-0.045577,0.807117,-0.008721,2.102e-11
913,0.007425,0.043757,0.411475,0.997437,-0.027530,0.066046,-0.001721,0.913525,0.406780,-0.071533,-0.405851,0.911136,-15.7142,-37.4105,-15.8563,-23.2492,-11.8522,-15.6733,28.8560,35.9504,12.4355,22.6455,5.1910,13.0424,1.343192,-0.002514,-0.004864,0.934818,1.537317,-0.779837,0.022501,1.079e-11
914,-0.056546,-0.013450,0.412602,0.915121,-0.039009,-0.401289,-0.011980,0.992238,-0.123776,0.403002,0.118077,0.907550,-11.0992,-13.8960,-16.6342,-35.7958,-16.6764,-20.2927,21.4759,8.7916,38.3856,29.8782,22.6426,17.0007,1.164795,0.005929,0.000097,0.933465,-0.024293,1.085712,0.029906,3.181e-12
915,0.007068,-0.040721,0.421000,0.999396,0.010106,0.033260,0.000297,0.954295,-0.298866,-0.034760,0.298696,0.953715,-13.4989,-12.5603,-10.7572,-18.8708,-13.9454,-28.3279,28.2280,7.6994,28.4248,15.2753,15.8996,23.9513,0.739994,-0.001049,0.002542,0.942795,-0.339128,-0.139262,-0.011811,5.636e-10
916,-0.019428,0.026343,0.425107,0.991358,0.019864,-0.129674,0.009888,0.974342,0.224854,0.130814,-0.224193,0.965725,-10.5488,-21.1870,-12.3244,-21.2341,-11.7321,-9.3936,27.9413,17.8001,10.9334,16.3321,36.8742,3.3288,0.618359,0.001097,-0.000382,0.948180,0.030549,0.087480,-0.012626,6.607e-11
917,-0.085787,-0.031341,0.423422,0.949610,-0.023043,-0.312586,-0.016725,0.992148,-0.123949,0.312988,0.122931,0.941768,0.6032,-1.2176,-8.6263,-18.8439,-13.1972,-7.7575,1.1374,2.2921,26.4438,7.2354,36.2956,4.8361,0.772982,0.003351,0.001161,0.968326,0.199265,-0.584065,0.008656,1.499e-10
918,-0.027430,-0.033686,0.420080,0.973629,-0.020755,-0.227190,-0.035715,0.969707,-0.241644,0.225323,0.243386,0.943394,-11.6125,-10.1892,-11.0598,-26.9795,-14.2477,-23.0623,30.9927,6.6478,15.6711,24.9348,12.6961,19.1601,0.839501,0.001057,0.002764,0.944710,-0.429107,0.165103,-0.017871,9.963e-10
919,0.004570,0.013910,0.414103,0.999984,0.001442,0.005477,-0.001995,0.994751,0.102304,-0.005301,-0.102313,0.994738,-16.3584,-33.3486,-16.5345,-30.4458,-16.8653,-28.0249,0.4743,34.4228,2.3848,30.0174,30.7396,27.1170,0.470571,0.000583,0.000482,0.925456,-0.452347,0.555531,-0.001459,1.907e-11
920,0.002386,-0.010064,0.417796,0.999783,-0.000595,0.020800,0.002775,0.994474,-0.104947,-0.020622,0.104982,0.994260,-15.0510,-24.3066,-14.5068,-26.1093,-16.1851,-29.7717,11.4058,23.0739,11.1925,23.9378,26.7208,27.9665,0.425667,0.000421,0.002099,0.931467,-0.756424,0.150534,0.002830,4.660e-12
921,-0.019510,0.041384,0.430646,0.988804,0.013446,-0.148613,0.024489,0.967807,0.250500,0.147197,-0.251335,0.956642,-5.5807,-14.5809,-8.3357,-14.6999,-4.3915,-1.3394,16.8190,12.3743,0.7857,14.0645,8.5407,0.3626,0.674301,0.000445,-0.001923,0.972596,0.015743,0.004233,0.015277,4.010e-11
922,0.040420,-0.027165,0.427890,0.969905,0.025315,0.242165,0.019412,0.983375,-0.180548,-0.242710,0.179816,0.953288,-11.4428,-11.5028,-7.2351,-5.1662,-9.2030,-21.0063,20.6354,5.6258,35.1754,0.3330,22.9627,15.3615,0.691185,-0.001378,0.000730,0.958260,0.038250,0.072733,-0.007972,1.508e-11
923,0.023805,0.110887,0.392372,0.990990,-0.064969,0.117120,-0.030474,0.742156,0.669534,-0.130420,-0.667071,0.733489,-16.4031,-42.5518,-19.9959,-17.1962,-5.3202,-4.3945,39.8853,32.5254,39.8416,14.0900,6.2135,2.1955,1.909990,-0.003348,-0.011873,0.937576,1.651090,-0.447551,0.039121,5.193e-12
924,-0.020179,0.000767,0.414697,0.983915,-0.001360,-0.178630,0.006004,0.999658,0.025460,0.178534,-0.026123,0.983587,-16.9217,-27.2992,-16.8184,-34.6963,-16.1802,-25.9398,37.9673,24.3888,13.0552,34.9037,0.8680,23.4571,0.600257,-0.000653,-0.000869,0.925225,0.445567,-0.329350,0.005069,2.227e-12
925,-0.025323,0.069484,0.404309,0.978469,0.083581,-0.188712,0.041888,0.814887,0.578105,0.202097,-0.573562,0.793841,-10.9591,-35.4938,-16.4772,-29.1238,-11.6033,-3.4144,6.3476,35.7681,8.1278,26.7094,29.9823,0.6328,1.775345,0.003735,-0.005322,0.941434,1.259201,0.870311,-0.044940,7.074e-12
926,-0.047700,-0.022618,0.419153,0.947337,-0.010177,-0.320077,-0.028681,0.992782,-0.116452,0.318952,0.119499,0.940207,-10.9075,-11.7789,-13.0196,-29.5889,-16.4358,-18.0742,35.6138,7.3146,22.9853,23.1819,34.2426,11.0342,0.836395,0.003078,0.002359,0.939575,-0.239423,0.316142,-0.023047,3.252e-10
927,-0.005812,-0.065086,0.409328,0.999322,-0.015543,-0.033377,-0.002916,0.870268,-0.492569,0.036703,0.492333,0.869633,-14.0620,-9.6003,-11.9904,-24.6762,-18.1263,-36.3587,21.7695,5.5754,29.5216,19.7998,26.3954,32.2147,1.358766,0.001075,0.005882,0.933799,-1.148636,0.207048,0.014134,1.057e-11
928,-0.068545,0.008550,0.414756,0.890871,0.026714,-0.453469,0.008703,0.997082,0.075836,0.454172,-0.071507,0.888040,-6.5651,-13.5249,-13.4185,-32.7969,-13.2982,-9.6084,10.2027,12.6687,13.9148,28.8670,22.7253,7.7646,1.214222,0.006692,-0.000143,0.950161,0.025050,0.976484,-0.021351,1.387e-11
929,-0.037663,-0.020959,0.423972,0.961130,0.003284,-0.276075,-0.025803,0.996621,-0.077975,0.274886,0.082068,0.957968,-9.9954,-10.6978,-10.0883,-25.4042,-14.0767,-14.9714,36.1196,7.5734,9.9544,21.3005,29.1148,7.9418,0.742952,0.001544,0.002508,0.948859,-0.188459,0.119748,-0.037158,1.744e-10
930,-0.063269,0.043231,0.414802,0.904287,0.041851,-0.424869,0.073012,0.965362,0.250490,0.420636,-0.257535,0.869909,-5.6038,-16.7513,-14.2169,-29.6476,-8.1435,-2.8476,11.0668,14.3545,18.0989,27.7333,0.5295,4.2391,1.291694,0.005318,-0.004914,0.958143,0.630580,0.693957,0.038730,1.049e-11
931,-0.018100,-0.048429,0.419488,0.982242,-0.013791,-0.187113,-0.053435,0.935430,-0.349451,0.179850,0.353244,0.918081,-11.3177,-6.2232,-8.3185,-24.0373,-12.6945,-25.0635,33.0577,3.3772,7.4935,24.6113,0.2919,22.0626,1.057267,-0.000769,0.003840,0.951581,-0.585507,-0.112360,-0.047755,2.924e-12
932,0.013834,0.006713,0.416697,0.991674,-0.007154,0.128574,0.001150,0.998908,0.046716,-0.128768,-0.046179,0.990599,-15.6945,-30.9139,-15.2405,-23.8994,-16.5851,-28.5028,4.3123,30.9952,7.0336,20.7818,39.8036,26.1427,0.571949,0.000313,0.001736,0.928809,-0.706649,0.122846,0.006438,1.404e-11
933,-0.014775,-0.009046,0.415982,0.986606,-0.008088,-0.162918,-0.008690,0.994746,-0.102004,0.162887,0.102053,0.981353,-14.6178,-22.5323,-15.0275,-32.5761,-15.6024,-27.8684,12.3421,21.4238,10.1511,33.1283,10.3292,27.5752,0.606249,0.001102,0.000786,0.932214,-0.394813,0.553805,-0.000475,1.780e-12
934,-0.036113,-0.052059,0.411898,0.960320,-0.056317,-0.273157,-0.057466,0.918430,-0.391386,0.272917,0.391553,0.878750,-11.9395,-7.2474,-12.3232,-30.6563,-16.8751,-28.4563,27.1317,3.1744,25.3837,27.0374,17.1322,24.6912,1.262029,0.002839,0.004204,0.938376,-0.752129,0.508221,-0.001680,9.335e-12
935,-0.011912,0.026401,0.412906,0.993637,0.011567,-0.112039,0.016604,0.968801,0.247282,0.111404,-0.247569,0.962444,-18.2112,-34.2024,-18.7969,-32.7699,-17.6819,-21.1769,39.2674,29.7958,18.5695,28.6289,34.6362,14.4082,0.714019,0.000041,-0.001304,0.918091,0.425173,0.013453,0.004673,1.086e-11
936,0.050561,-0.041558,0.415634,0.924972,0.057721,0.375626,0.062590,0.951764,-0.300381,-0.374846,0.301354,0.876742,-13.6400,-16.2790,-9.0405,-6.8366,-12.2322,-32.6039,7.4876,12.9020,34.3608,2.5235,19.7215,29.8664,1.181673,-0.002701,0.002479,0.947726,-0.307650,-0.335469,0.006494,5.939e-10
937,0.055945,-0.005023,0.433299,0.979528,-0.010111,0.201054,0.005860,0.999747,0.021726,-0.201222,-0.020103,0.979339,-10.7612,-10.8902,-2.5770,-1.2236,-4.4350,-9.7979,31.0339,5.7122,7.6143,1.3962,20.7582,1.9002,0.528937,-0.001354,0.000288,0.973410,0.114337,0.507021,0.022689,1.126e-10
938,0.066342,0.012615,0.402597,0.829738,-0.005561,0.558125,-0.051127,0.994989,0.085922,-0.555806,-0.099828,0.825296,-19.5284,-37.7911,-15.8072,-8.4984,-12.6299,-32.3922,27.1794,32.8855,38.0567,3.9608,10.9880,30.0160,1.765429,-0.006823,-0.003343,0.927981,0.857277,-1.800382,-0.044245,5.150e-12
939,0.026184,0.114245,0.392292,0.989447,-0.073780,0.124708,-0.032652,0.724991,0.687984,-0.141171,-0.684795,0.714931,-15.8435,-42.1979,-18.9038,-15.6537,-4.7698,-2.7327,38.1438,32.8525,31.7420,12.8709,12.0229,0.1351,1.914754,-0.003388,-0.010838,0.940914,1.341383,-0.400638,0.049678,1.038e-12
940,0.053644,-0.038395,0.420923,0.960610,0.044741,0.274276,0.023505,0.970338,-0.240609,-0.276906,0.237578,0.931064,-15.4381,-13.8695,-7.6860,-7.4943,-11.1993,-26.5608,35.7027,6.8363,31.6316,4.0762,23.0686,18.6940,0.857361,-0.003471,0.001786,0.948648,-0.048551,-0.086856,-0.027854,7.675e-11
941,-0.026364,0.001023,0.409688,0.961378,-0.000459,-0.275232,0.004918,0.999868,0.015511,0.275189,-0.016266,0.961253,-18.5839,-28.2903,-20.7604,-40.4087,-20.2272,-27.4359,30.0261,22.1573,39.2778,35.6906,31.1632,21.7423,0.911515,0.002764,-0.000657,0.910712,0.272110,1.155408,0.004202,3.393e-12
942,-0.015916,-0.013141,0.407260,0.979588,-0.018337,-0.200177,-0.022277,0.979794,-0.198766,0.199777,0.199168,0.959386,-19.8016,-26.3180,-19.8299,-40.6753,-20.4147,-36.8114,27.3857,21.5649,19.4558,39.3214,24.3161,34.3660,0.990915,0.000544,0.000840,0.909996,-1.008811,0.659933,-0.001486,1.208e-12
943,0.032669,0.000167,0.402482,0.889067,-0.001513,0.457774,-0.006534,0.999851,0.015994,-0.457730,-0.017211,0.888925,-20.1443,-40.2904,-18.2845,-18.4277,-18.0268,-39.3554,33.2359,38.9907,19.3119,13.4861,13.2097,38.1159,1.765202,-0.003281,-0.000343,0.915085,0.252848,-2.532993,-0.002097,1.421e-11
944,-0.002311,0.003637,0.411412,0.998107,-0.001597,0.061473,0.000170,0.999731,0.023198,-0.061493,-0.023144,0.997839,-18.6592,-34.8355,-18.2860,-31.4660,-18.3472,-33.6342,29.1326,34.2533,4.8704,30.3027,12.5383,32.6219,0.459806,-0.000576,0.000086,0.917137,-0.146208,-1.027246,0.000406,9.384e-10
945,0.007501,-0.025151,0.415279,0.997316,0.016879,0.071239,0.000625,0.971061,-0.238830,-0.073209,0.238234,0.968445,-16.9934,-21.7399,-14.0820,-24.6740,-16.1767,-34.2503,34.3704,18.1426,12.2008,22.9884,14.0154,31.5994,0.848538,-0.002568,0.002549,0.929164,-0.840579,-0.837563,-0.014079,2.068e-11
946,-0.040359,0.041906,0.420236,0.976827,0.025440,-0.212511,0.023472,0.974188,0.224513,0.212737,-0.224299,0.951017,-7.5606,-20.6138,-16.1810,-24.4170,-9.8143,-8.7614,5.6497,16.3784,38.0293,18.3804,14.8464,9.2907,0.796659,0.004754,-0.004827,0.949786,0.561557,0.552340,-0.002227,8.423e-10
947,0.069578,0.036595,0.410509,0.901319,-0.073053,0.426951,-0.045174,0.964448,0.260385,-0.430794,-0.253977,0.865975,-18.5537,-34.2373,-12.9881,-7.0219,-10.1455,-20.3215,35.4010,27.3010,23.8527,3.0059,36.0920,12.9967,1.261717,-0.005790,-0.002092,0.937612,0.238491,-0.643913,0.034424,6.599e-10
948,0.010024,-0.000157,0.414485,0.993663,-0.000131,0.112398,-0.001355,0.999913,0.013149,-0.112390,-0.013218,0.993576,-16.1504,-32.2439,-16.0908,-26.8315,-15.9605,-31.5556,3.8135,33.2757,13.0197,26.5281,8.3128,32.5548,0.343001,-0.000214,-0.000193,0.927811,0.203218,-0.226152,-0.000510,6.526e-10
949,0.038081,-0.004246,0.416494,0.942488,0.006031,0.334187,0.006698,0.999296,-0.036924,-0.334174,0.037038,0.941783,-15.0822,-27.6142,-12.0383,-13.2586,-12.4516,-29.5763,12.6497,26.7863,12.4047,11.6387,13.0824,28.7872,0.981399,-0.003759,0.000473,0.940688,-0.128466,-1.022419,0.000686,9.785e-12
950,0.058752,0.017070,0.424208,0.940134,-0.036665,0.338827,-0.012779,0.989704,0.142555,-0.340565,-0.138350,0.929986,-12.3822,-22.3358,-7.0417,-2.9454,-6.6292,-14.9070,16.2952,19.1506,9.7437,1.5322,25.9857,10.0861,0.871835,-0.003475,-0.000244,0.961017,0.011841,-0.127911,0.031888,9.963e-11
951,-0.081720,0.012644,0.407836,0.821579,0.036571,-0.568921,0.023789,0.994872,0.098305,0.569599,-0.094300,0.816496,-5.5865,-12.3690,-13.7212,-37.0508,-12.8573,-7.0965,7.5559,12.0708,11.2576,34.5601,16.0780,6.3763,1.595919,0.008206,-0.000835,0.951797,0.142932,1.367044,-0.014779,5.933e-12
952,0.049925,-0.012812,0.405161,0.867056,0.034355,0.497024,0.033788,0.991268,-0.127461,-0.497063,0.127309,0.858324,-18.1781,-31.8148,-13.9933,-11.8013,-15.0592,-38.7629,22.0784,30.2448,14.9129,8.4230,16.5440,37.8426,1.690170,-0.005342,0.001352,0.929038,-0.507619,-2.005365,-0.000328,8.551e-12
953,-0.041265,-0.032437,0.415082,0.943238,-0.033696,-0.330405,-0.050634,0.968620,-0.243333,0.328236,0.246251,0.911933,-9.6412,-9.7070,-10.9464,-31.5234,-15.2976,-22.8668,9.6395,9.7184,3.2495,30.5949,21.1441,21.0978,1.215865,0.004300,0.004585,0.946180,-1.017072,0.961594,-0.017942,1.529e-11
954,-0.059339,0.004480,0.419623,0.914259,0.035961,-0.403531,0.000403,0.995971,0.089671,0.405130,-0.082145,0.910562,-8.8154,-13.2288,-12.1198,-29.7639,-13.8446,-8.7251,37.2015,10.0175,7.9739,24.8811,32.6230,1.9714,1.018925,0.003048,0.001064,0.947935,-0.078296,0.233029,-0.046084,2.118e-10
955,0.004811,-0.006305,0.410163,0.997915,0.001224,0.064535,-0.002237,0.999875,0.015628,-0.064508,-0.015740,0.997793,-19.9398,-35.9539,-20.1021,-32.6428,-19.5814,-35.1348,21.8776,33.4046,37.7356,29.5895,8.1152,33.0191,0.466351,-0.000171,-0.000753,0.910651,1.008862,-0.238667,-0.001040,5.783e-12
956,-0.043181,0.019128,0.419681,0.951412,-0.001838,-0.307915,0.027965,0.996365,0.080463,0.306648,-0.085164,0.948005,-11.0880,-17.7321,-16.1744,-29.5738,-12.3018,-13.2863,32.9354,10.9277,34.9506,24.6583,13.0191,10.1872,0.839444,0.002836,-0.002963,0.940762,0.372346,0.362387,0.035990,7.217e-10
957,0.047381,0.028865,0.411928,0.935671,-0.071789,0.345495,-0.021353,0.965775,0.258503,-0.352228,-0.249251,0.902114,-18.1119,-35.9477,-13.0356,-12.8700,-12.3588,-22.4644,36.4059,33.1286,3.3267,10.7483,29.3994,16.5849,1.297722,-0.006312,-0.000819,0.934775,0.192828,-1.355882,0.052789,9.651e-12
958,0.036112,0.059741,0.402703,0.957573,-0.079428,0.277028,-0.064903,0.877138,0.475833,-0.280786,-0.473625,0.834769,-19.8389,-44.6397,-19.0823,-18.2495,-13.8154,-18.5546,38.6217,38.5619,30.7679,12.2554,35.9744,11.6722,1.585809,-0.003903,-0.005315,0.920936,1.209341,-0.882900,0.014962,4.212e-12
959,-0.003104,-0.007660,0.413150,0.999643,0.003211,0.026542,0.000030,0.992626,-0.121221,-0.026735,0.121178,0.992271,-16.2541,-28.5346,-16.0842,-30.4817,-16.1891,-34.8448,13.6734,29.3546,0.3048,31.9543,0.0356,37.3720,0.533778,-0.000184,0.000148,0.927291,-0.527585,-0.629384,-0.000386,1.974e-10
960,-0.020934,0.026108,0.406323,0.979988,0.026174,-0.197328,0.050039,0.927092,0.371479,0.192664,-0.373919,0.907230,-17.1979,-38.2348,-17.7665,-37.1364,-16.4164,-18.1917,29.9458,38.7921,9.4297,38.3828,1.2745,14.6459,1.508810,-0.000088,-0.001981,0.922858,1.860524,-0.034604,0.009650,5.577e-12
961,-0.002107,0.011133,0.406545,0.997234,0.000085,-0.074328,-0.002613,0.999421,-0.033915,0.074282,0.034015,0.996657,-21.0102,-35.7591,-21.0684,-39.9855,-20.6632,-37.5316,15.4336,33.7597,2.4926,39.6687,35.5234,36.5733,0.646511,-0.000322,-0.000821,0.905939,-1.286577,0.484750,0.001496,1.860e-11
962,-0.106568,0.004380,0.403445,0.781186,0.037582,-0.623166,0.001340,0.998083,0.061872,0.624297,-0.049168,0.779638,-4.9039,-8.6590,-14.7764,-37.5257,-15.5970,-5.6898,28.3304,5.8499,20.0261,29.3240,33.5918,0.9548,1.564897,0.007260,0.000430,0.947279,-0.020818,0.504749,-0.048323,2.494e-10
963,0.052654,0.050609,0.424909,0.972173,-0.035305,0.231590,-0.023905,0.968468,0.247989,-0.233042,-0.246624,0.940674,-11.8292,-21.3510,-8.4843,-4.1238,-1.9292,-8.2484,26.1947,14.3055,14.9965,4.8387,5.9063,5.8461,0.782212,-0.003383,-0.002920,0.966767,-0.028971,0.037896,0.015313,3.821e-11
964,0.003572,-0.015185,0.406936,0.999963,-0.001916,0.008412,0.003763,0.974261,-0.225391,-0.007764,0.225414,0.974232,-21.3071,-30.1898,-21.1576,-35.7474,-21.9086,-42.0020,22.6698,24.7131,30.8936,31.1162,37.2795,39.0037,0.859999,0.000359,0.001074,0.903514,-1.156150,0.377102,0.002202,3.353e-12
965,-0.031363,-0.006195,0.424508,0.983642,0.011844,-0.179742,-0.008769,0.999801,0.017897,0.179919,-0.016028,0.983551,-9.0769,-16.1540,-11.3690,-23.8664,-14.3433,-15.2892,13.2228,15.4894,10.7769,18.6498,38.3142,10.5292,0.560803,0.003366,0.002259,0.947914,-0.269531,0.408478,-0.024732,6.126e-10
966,0.020007,0.053632,0.413993,0.986662,-0.038078,0.158263,-0.034513,0.901213,0.432000,-0.159079,-0.431700,0.887879,-13.2456,-35.4458,-13.8064,-16.3581,-9.7301,-12.1330,12.4164,34.6913,7.8861,14.5759,21.9138,9.8424,1.238520,-0.001729,-0.004145,0.944886,0.858970,-0.357743,0.003739,1.032e-11
967,0.018237,-0.030399,0.420230,0.983507,0.011349,0.180513,0.031799,0.971633,-0.234345,-0.178052,0.236220,0.955247,-12.6847,-17.7959,-11.9815,-15.8620,-14.3896,-30.2402,3.2607,15.2704,33.1993,10.5694,25.4902,28.2363,0.783449,0.000517,0.002222,0.941509,-0.390917,0.089389,0.023555,2.434e-11
968,-0.013861,0.001734,0.407712,0.990601,-0.000392,-0.136783,-0.008172,0.998040,-0.062046,0.136539,0.062581,0.988656,-21.5292,-32.6945,-21.2663,-40.4860,-21.7915,-35.9574,39.0726,27.9039,11.9766,37.6318,36.3657,31.4411,0.658222,0.000015,0.000751,0.903216,-1.045019,0.041484,-0.002347,1.770e-11
969,0.064996,-0.072303,0.403018,0.910755,0.124999,0.393575,0.090994,0.868912,-0.486530,-0.402798,0.478923,0.779992,-17.5883,-12.7710,-7.9312,-6.8040,-14.3224,-39.7782,31.3060,6.4445,37.5526,2.9558,20.2405,33.0717,1.605397,-0.005254,0.004587,0.940392,-0.494717,-0.556269,-0.043529,6.544e-10
970,0.062892,0.091632,0.398217,0.921335,-0.108720,0.373259,-0.116246,0.839137,0.531353,-0.370984,-0.532944,0.760488,-17.3537,-40.5538,-16.5750,-7.2963,-5.2631,-10.4386,32.7318,31.0661,34.4922,3.7254,21.3159,6.7784,1.679916,-0.005162,-0.007817,0.941425,0.781891,-0.519553,-0.010116,6.117e-10
971,-0.003611,0.000952,0.405846,0.998355,0.001781,-0.057301,0.003021,0.996494,0.083611,0.057249,-0.083646,0.994850,-23.0009,-40.0638,-23.1159,-40.4660,-22.9611,-35.7095,31.8403,35.8380,39.0873,36.4092,24.6162,30.4122,0.501695,0.000057,-0.000197,0.896509,0.846542,0.254344,0.000126,3.257e-10
972,0.011696,0.062541,0.412430,0.994029,-0.013893,0.108230,-0.037356,0.888603,0.457153,-0.102525,-0.458466,0.882778,-13.1369,-35.5716,-16.2628,-18.3208,-10.0491,-10.7844,12.4478,32.4015,24.8194,14.1059,25.1060,8.4085,1.273980,-0.000028,-0.005784,0.940898,1.035487,-0.009750,-0.027097,1.874e-11
973,-0.015888,0.008116,0.407465,0.970670,0.014333,-0.239987,0.011035,0.994513,0.104030,0.240161,-0.103627,0.965186,-19.7659,-33.5799,-21.0991,-41.7919,-20.7167,-28.1343,19.5056,29.4734,33.4137,38.8545,33.0839,22.9320,1.017017,0.001852,-0.000547,0.907643,0.439985,1.474134,-0.001504,9.914e-12
974,-0.004108,-0.046816,0.424766,0.999791,-0.002839,-0.020236,-0.002251,0.968970,-0.247168,0.020310,0.247162,0.968761,-12.1598,-9.6512,-9.8280,-17.0629,-15.4200,-22.6297,36.5442,3.6915,35.5867,9.0553,38.8408,13.2350,0.562076,0.000233,0.002431,0.944006,0.016105,-0.001609,0.000761,3.160e-12
975,-0.043063,-0.005448,0.413365,0.919107,-0.015738,-0.393693,-0.005364,0.998609,-0.052443,0.393971,0.050313,0.917745,-13.7210,-17.9590,-15.4682,-37.5401,-15.0903,-20.6630,34.1443,13.9647,16.2072,37.4905,3.7193,17.9458,1.054241,0.002095,-0.000430,0.933670,0.126103,0.614633,0.010103,8.626e-12
976,0.007838,0.008120,0.406167,0.999919,0.004255,-0.011990,-0.002458,0.989262,0.146135,0.012483,-0.146093,0.989192,-22.0805,-41.4069,-22.3574,-38.1715,-22.2075,-33.7975,12.0869,38.5678,39.4077,34.2236,35.4770,28.9299,0.727660,0.000302,-0.000211,0.900103,0.777667,1.013560,-0.000600,3.426e-10
977,-0.119911,-0.031439,0.399490,0.748840,-0.030552,-0.662046,-0.075960,0.988398,-0.131531,0.658383,0.148785,0.737831,-0.1768,1.0938,-10.0655,-35.5928,-15.3873,-7.0947,8.6843,1.1025,8.3368,28.8427,26.0438,4.8054,1.712498,0.008855,0.003116,0.961800,-0.175766,0.549740,-0.061859,3.248e-10
978,0.054380,-0.046100,0.416725,0.951700,0.057398,0.301617,0.035974,0.954758,-0.295199,-0.304915,0.291791,0.906578,-16.2540,-14.7822,-8.1391,-8.5131,-12.5344,-30.4910,34.5986,8.4585,30.2219,5.1649,22.8494,23.0745,1.016282,-0.004217,0.002747,0.944750,-0.205173,-0.308150,-0.027260,1.653e-10
979,-0.016201,-0.014710,0.410328,0.980357,-0.018657,-0.196345,-0.023554,0.977316,-0.210474,0.195818,0.210965,0.957679,-17.1030,-22.7870,-17.1019,-37.2826,-17.9740,-33.9078,18.4936,20.0478,10.1791,37.6496,16.7981,33.2883,1.008686,0.000740,0.001259,0.921770,-1.086477,0.644929,-0.002372,2.012e-11
980,0.015989,-0.080233,0.406658,0.992456,0.043459,0.114637,0.034881,0.796320,-0.603870,-0.117532,0.603313,0.788797,-10.9250,-3.5772,-5.5372,-14.7926,-13.1185,-37.3446,7.0248,3.8049,6.7630,15.4570,2.0628,37.6254,1.742787,-0.001829,0.007627,0.955628,-1.458378,-0.347181,-0.009557,4.615e-12
981,0.012955,-0.072917,0.404953,0.995457,0.031311,0.089911,0.022920,0.837787,-0.545516,-0.092407,0.545098,0.833264,-17.0650,-11.2054,-12.5396,-21.8327,-18.9726,-41.2219,34.7766,4.7272,38.4037,15.9900,27.0223,35.1887,1.493993,-0.001361,0.005866,0.927225,-1.079012,-0.248730,-0.009414,4.543e-12
982,0.076027,-0.012121,0.402194,0.817584,0.055410,0.573137,0.015028,0.992967,-0.117436,-0.575613,0.104626,0.811001,-20.0375,-30.7876,-13.0035,-6.1085,-12.6549,-36.7289,33.7101,25.0039,31.5675,2.6634,13.1997,33.1281,1.740030,-0.008374,-0.000210,0.931445,0.028882,-1.799893,-0.042662,2.464e-12
983,-0.031307,0.004787,0.408947,0.951447,0.007553,-0.307721,0.007261,0.998870,0.046967,0.307728,-0.046921,0.950317,-18.7730,-28.4959,-21.0185,-41.3378,-20.6708,-26.0163,36.2486,21.8819,36.4751,36.0208,36.7115,19.1277,0.961884,0.002888,-0.000420,0.909390,0.157743,1.083571,-0.000193,2.156e-11
984,-0.043885,-0.036701,0.417423,0.967620,-0.035396,-0.249915,-0.023368,0.973304,-0.228325,0.251326,0.226772,0.940962,-8.3064,-10.2022,-11.8921,-27.7451,-16.9109,-22.2452,2.4098,9.8743,21.6450,21.4228,37.7013,18.9495,0.938737,0.006003,0.004319,0.944426,-0.653468,0.901597,0.013467,8.100e-12
985,0.005773,0.022184,0.411427,0.998592,-0.004874,0.052814,-0.007334,0.973513,0.228516,-0.052529,-0.228582,0.972107,-18.6278,-38.4735,-18.9460,-30.0924,-18.4170,-26.4848,19.5395,36.7951,18.5558,26.2395,35.6452,21.9897,0.636225,0.000082,-0.000716,0.916143,0.399687,0.046017,-0.001688,1.881e-11
986,0.047411,-0.020328,0.410119,0.905328,0.014210,0.424475,0.060901,0.984769,-0.162856,-0.420324,0.173289,0.890673,-16.5462,-27.3023,-12.2558,-12.2819,-16.0800,-36.5734,8.9399,26.6148,10.9088,7.8144,39.9817,33.6508,1.407375,-0.003231,0.004275,0.932677,-1.178528,-0.913072,0.044927,9.854e-12
987,0.005473,-0.048149,0.429966,0.999513,0.005425,0.030740,0.004007,0.954336,-0.298709,-0.030957,0.298687,0.953849,-6.4117,-3.0369,-3.6536,-9.5067,-8.1142,-18.8007,7.2793,2.6314,12.3635,8.7906,2.2495,17.2348,0.685509,-0.000317,0.002329,0.972791,-0.053910,-0.007260,-0.001908,6.440e-12
988,0.061661,-0.032567,0.401681,0.840244,0.053810,0.539531,0.107907,0.958563,-0.263652,-0.531362,0.279752,0.799621,-17.6373,-26.6254,-12.0106,-8.6575,-16.5853,-42.0908,9.4112,25.1891,17.5240,3.3426,39.6944,39.2544,1.848099,-0.004481,0.005025,0.930598,-1.357691,-1.240743,0.053831,6.897e-12
989,-0.027392,-0.059495,0.402609,0.971274,-0.065323,-0.228824,-0.060151,0.862966,-0.501669,0.230237,0.501022,0.834247,-14.7729,-9.4565,-14.3632,-34.2100,-20.4011,-37.0371,22.3314,5.1045,23.8995,29.8077,34.8771,32.9302,1.720443,0.003325,0.006703,0.925621,-1.810867,0.895582,0.004583,6.177e-12
990,-0.014776,0.014328,0.406874,0.985836,0.017011,-0.166845,0.024489,0.969578,0.243553,0.165913,-0.244189,0.955429,-19.5653,-38.5462,-19.8924,-39.6748,-19.3984,-25.6641,27.7535,37.4494,20.1322,39.1230,12.6173,21.4453,1.078984,0.000153,-0.000707,0.911757,1.316719,0.309961,0.001736,6.209e-10
991,-0.001645,-0.014880,0.407623,0.990238,-0.015782,-0.138487,-0.007567,0.986017,-0.166473,0.139178,0.165896,0.976273,-19.5650,-28.9485,-19.6254,-39.6003,-19.6071,-37.6216,5.1623,26.0611,30.1603,39.7686,14.6952,37.2902,0.907883,0.000011,-0.000019,0.911852,-0.237377,1.291809,-0.000451,2.189e-11
992,0.002891,-0.057145,0.425761,0.999228,0.007450,-0.038566,-0.019510,0.946305,-0.322685,0.034091,0.323188,0.945721,-10.3050,-4.0670,-5.4696,-14.2463,-11.6174,-21.1737,32.8033,0.2380,18.6295,11.6937,15.2728,14.3964,0.782707,-0.000916,0.002837,0.959012,-0.003525,0.002639,-0.036441,8.624e-11
993,0.006068,-0.031518,0.419000,0.998096,-0.000043,0.061674,0.013559,0.975688,-0.218742,-0.060165,0.219162,0.973832,-13.8139,-18.2815,-11.6525,-21.2799,-16.4953,-29.7663,14.7346,16.8594,12.0112,17.2690,37.1636,25.4410,0.714804,0.000273,0.004857,0.937123,-1.017314,0.053342,0.014227,2.270e-11
994,0.080499,-0.005310,0.412114,0.880166,0.007039,0.474615,0.008168,0.999517,-0.029970,-0.474597,0.030255,0.879683,-18.3761,-25.6606,-9.4693,-4.2206,-10.1721,-27.2947,35.3945,19.2000,22.9134,2.1007,24.3712,20.4030,1.184640,-0.006932,0.000491,0.943128,-0.049949,-0.709659,0.001441,5.268e-10
995,0.000266,0.030482,0.432099,0.999289,-0.002000,-0.037655,0.008822,0.983282,0.181876,0.036662,-0.182079,0.982600,-7.5974,-15.4138,-8.0288,-12.3282,-4.9682,-5.8977,18.8479,12.4422,5.1938,11.8526,8.8564,4.1016,0.455198,-0.000646,-0.001571,0.969168,0.032831,-0.012696,0.014588,4.168e-11
996,0.014594,0.014447,0.412850,0.990294,-0.009235,0.138682,-0.012348,0.987999,0.153966,-0.138440,-0.154184,0.978295,-17.4120,-36.8825,-17.5859,-26.5725,-17.2519,-28.8134,6.8184,36.7394,17.9490,23.6260,28.4984,26.7459,0.553758,0.000009,-0.000469,0.921749,0.305432,0.006157,-0.001925,1.569e-11
997,-0.022899,-0.000594,0.413421,0.971705,-0.002273,-0.236185,0.003797,0.999975,0.005996,0.236165,-0.006723,0.971690,-16.5474,-26.1677,-17.4582,-36.7204,-16.9745,-25.8173,27.2758,22.9549,20.4132,36.0369,10.0869,23.1273,0.690796,0.001036,-0.000641,0.923636,0.313493,0.508309,0.004422,1.460e-12
998,0.025560,0.006686,0.409856,0.958285,-0.009999,0.285640,-0.018050,0.995276,0.095393,-0.285244,-0.096570,0.953578,-18.9819,-38.4208,-18.4555,-22.8361,-17.6134,-33.3243,17.9144,36.6369,29.9696,18.2709,19.9228,31.1405,0.983439,-0.001513,-0.001143,0.917488,0.673409,-0.898775,-0.005149,2.463e-12
999,-0.001253,0.057200,0.428968,0.998506,-0.003164,-0.054544,0.019489,0.953271,0.301487,0.051041,-0.302100,0.951909,-7.5628,-17.4731,-9.7178,-11.8842,-3.1329,-1.5210,23.4044,12.1264,10.4438,10.6290,9.5589,0.0241,0.731106,-0.000520,-0.002696,0.969462,-0.084543,0.019675,0.031336,6.371e-11
1000,-0.004761,-0.054173,0.402991,0.998751,-0.016134,-0.047291,-0.011540,0.846373,-0.532465,0.048617,0.532346,0.845130,-15.7568,-12.4022,-13.6267,-29.2979,-19.0760,-41.5868,17.3664,9.2060,11.2747,26.7420,32.0747,39.8635,1.831872,0.000837,0.006807,0.927101,-2.452189,0.297550,0.003538,6.204e-12
1001,0.022101,-0.016239,0.409699,0.957578,0.035795,0.285943,0.011166,0.986902,-0.160935,-0.287959,0.157301,0.944635,-19.1626,-30.3322,-16.4791,-21.2969,-16.5669,-38.6494,39.7517,26.8524,20.0463,18.5330,2.5700,37.4841,1.279022,-0.004089,0.000212,0.921583,-0.133895,-2.028211,-0.015307,1.304e-11
1002,-0.006275,-0.032173,0.406830,0.996402,-0.019764,-0.082421,-0.011180,0.933287,-0.358956,0.084017,0.358586,0.929708,-18.9349,-21.5020,-18.6934,-34.9128,-20.7742,-40.5827,22.9366,15.7009,31.2901,30.6495,32.4812,37.6621,1.241143,0.001201,0.002768,0.912403,-1.427928,0.613171,0.005755,1.762e-11
1003,-0.052632,0.018858,0.407778,0.895411,0.028753,-0.444310,0.043724,0.987411,0.152015,0.443088,-0.155543,0.882881,-11.9358,-23.0010,-18.5606,-39.5696,-15.6220,-14.6127,10.8284,19.3398,36.9258,35.9814,18.8860,12.2999,1.508093,0.006702,-0.003244,0.930743,0.866299,1.808637,0.014017,3.924e-12
1004,-0.010685,-0.048332,0.405386,0.993473,-0.031244,-0.109709,-0.025747,0.875522,-0.482491,0.111128,0.482166,0.869003,-16.7400,-14.4731,-16.2446,-32.8036,-18.5345,-40.6832,22.2810,9.0232,32.4155,30.3813,11.3090,39.9190,1.479142,0.000956,0.002957,0.922752,-1.254360,0.403986,0.004387,8.900e-12
1005,0.059692,0.025770,0.403907,0.850530,-0.073030,0.520832,-0.057131,0.971622,0.229535,-0.522815,-0.224982,0.822221,-17.2874,-38.3140,-12.2180,-7.0643,-9.8150,-25.8470,29.4545,37.7203,4.1727,7.0085,0.3681,24.7210,1.908216,-0.008563,-0.002924,0.940779,0.848902,-2.449083,0.013242,6.815e-12
1006,-0.013439,-0.027902,0.424084,0.994960,-0.001162,-0.100264,-0.012608,0.990548,-0.136588,0.099475,0.137163,0.985541,-11.8576,-14.0131,-10.3104,-22.1002,-15.0157,-21.1680,28.0719,11.4047,12.7377,17.7732,33.7279,14.5697,0.467103,0.000705,0.003496,0.944328,-0.402656,0.082981,-0.013854,4.458e-10
1007,0.003445,0.030298,0.411328,0.999498,-0.005575,0.031184,-0.003335,0.960406,0.278583,-0.031502,-0.278547,0.959906,-19.3232,-37.9417,-20.3697,-29.1712,-17.3708,-23.2713,36.7132,32.1397,37.6390,23.3309,29.3250,17.0605,0.880319,-0.000598,-0.003456,0.914480,1.102743,-0.190264,0.001963,9.197e-12
1008,0.001798,-0.020083,0.434908,0.998164,0.002863,-0.060495,-0.009428,0.994049,-0.108525,0.059824,0.108896,0.992251,-6.8784,-5.6468,-3.6912,-11.1921,-5.9820,-11.3200,20.8166,4.1911,0.1370,12.5140,0.5982,8.5613,0.420381,-0.001087,0.001066,0.975222,0.003822,0.005817,-0.016799,4.177e-11
1009,0.077126,0.017240,0.400229,0.792423,-0.060260,0.606988,-0.037201,0.988481,0.146700,-0.608837,-0.138829,0.781053,-18.2319,-36.3038,-10.4200,-2.7963,-9.1501,-28.4417,33.5166,34.9333,0.2953,3.3852,3.3385,26.4188,2.032010,-0.010792,-0.001526,0.943075,0.385887,-2.611682,0.021018,5.970e-12
1010,0.040164,0.067388,0.417529,0.975063,-0.045358,0.217242,-0.040951,0.925308,0.376998,-0.218116,-0.376493,0.900377,-14.4987,-29.4580,-14.1725,-9.1920,-6.7741,-9.2092,33.8940,19.9421,31.7765,3.7398,34.8011,3.3405,1.010009,-0.002111,-0.003368,0.946980,0.011213,-0.006191,0.005705,1.325e-11
1011,0.042721,-0.027272,0.410892,0.934017,0.069710,0.350361,0.022525,0.967331,-0.252515,-0.356518,0.243745,0.901933,-18.1070,-24.1537,-13.3646,-14.1892,-13.7155,-37.3159,33.6165,18.9931,29.6168,11.7940,1.4913,35.5429,1.351280,-0.005824,0.000523,0.932219,-0.155303,-1.519667,-0.045777,2.890e-12
1012,-0.019243,0.061401,0.398030,0.980197,0.076383,-0.182700,0.045702,0.810447,0.584026,0.192679,-0.580810,0.790907,-14.6324,-41.0138,-20.0515,-34.0536,-14.4979,-8.5246,9.0767,39.5019,34.0038,30.6866,22.8955,4.7149,2.090582,0.003617,-0.006901,0.925961,2.393876,1.224709,-0.024182,6.675e-12
1013,0.054038,0.013141,0.400531,0.854184,-0.046469,0.517891,-0.021526,0.991985,0.124512,-0.519526,-0.117504,0.846337,-22.1351,-42.4495,-17.9551,-14.5678,-17.9531,-35.9749,39.2089,38.3490,23.3957,7.7381,38.9407,29.9888,1.740014,-0.005813,-0.000094,0.912843,0.049213,-2.084273,0.020661,7.880e-12
1014,0.019066,0.033806,0.426266,0.993851,-0.019909,0.108926,-0.008663,0.966709,0.255730,-0.110391,-0.255101,0.960592,-11.7807,-23.7967,-10.7961,-12.0577,-9.0529,-10.3543,24.8769,19.4975,13.5009,7.8553,35.8792,4.3826,0.651633,-0.001173,-0.000958,0.952640,0.041176,-0.050077,0.014710,4.601e-11
1015,0.039666,-0.042692,0.408045,0.935405,0.069272,0.346727,0.069663,0.925293,-0.372801,-0.346649,0.372873,0.860697,-16.0059,-19.6191,-10.7158,-13.4178,-14.8049,-39.9479,17.6157,17.9866,10.6044,11.5276,16.4616,38.9633,1.574386,-0.004345,0.004737,0.937652,-1.328566,-1.219166,0.000732,6.122e-12
1016,-0.027442,0.036424,0.431020,0.987714,0.014812,-0.155566,0.016669,0.979831,0.199130,0.155378,-0.199277,0.967546,-3.6286,-13.0995,-8.5260,-14.9378,-4.1400,-2.6336,2.1755,12.4783,5.2111,14.1926,1.0670,4.6228,0.579537,0.001799,-0.002524,0.975621,0.107877,0.077164,0.002577,1.658e-11
1017,0.057919,-0.049045,0.425393,0.966159,0.041889,0.254523,0.025006,0.966869,-0.254046,-0.256732,0.251814,0.933102,-12.3810,-7.4924,-2.9478,-2.4254,-8.3872,-20.9239,30.2677,2.1906,22.2937,0.8041,19.7756,12.5163,0.836976,-0.002100,0.001490,0.964535,0.215768,0.311190,-0.023535,8.674e-11
1018,0.054878,-0.077895,0.394606,0.917723,0.122455,0.377874,0.113722,0.830479,-0.545318,-0.380593,0.543424,0.748224,-18.7236,-14.2623,-7.4846,-11.0152,-17.3280,-45.1610,38.2400,11.2523,4.5438,8.8611,31.7377,38.4471,2.026932,-0.007055,0.009585,0.934630,-1.882849,-1.379858,-0.008195,2.613e-12
1019,-0.049829,-0.059188,0.408100,0.918697,-0.093353,-0.383771,-0.098032,0.887364,-0.450527,0.382603,0.451520,0.806068,-7.6329,-0.3331,-8.6743,-31.3151,-14.2527,-25.4312,9.5193,0.3502,5.9429,31.8158,2.8649,25.5613,1.669917,0.004510,0.005663,0.954165,-1.114569,0.889209,-0.006028,2.019e-12
1020,-0.000403,0.041555,0.415131,0.999871,0.010040,0.012544,-0.013629,0.943472,0.331172,-0.008510,-0.331300,0.943487,-12.6701,-32.5342,-17.1364,-23.3471,-10.9690,-14.9895,3.4090,29.9604,39.9363,20.2888,4.0681,15.2614,1.131239,0.001694,-0.006872,0.938788,1.742934,0.416317,-0.021831,1.883e-11
1021,-0.019859,-0.004989,0.409980,0.974119,-0.006899,-0.225929,-0.021119,0.992383,-0.121364,0.225046,0.122995,0.966554,-18.1948,-25.5970,-18.0556,-39.0596,-19.2396,-32.0607,27.0444,22.2927,5.3121,38.3358,30.0844,29.1137,0.974489,0.000778,0.001666,0.916791,-1.251383,0.605312,-0.007169,9.348e-12
1022,-0.050125,-0.045570,0.403799,0.913100,-0.084697,-0.398841,-0.075207,0.926417,-0.368910,0.400739,0.366848,0.839542,-12.0634,-9.0726,-14.7935,-38.2071,-19.6991,-29.2435,13.3086,5.9147,24.7231,33.6846,35.4567,25.6328,1.691912,0.006427,0.005314,0.930089,-1.319161,1.588273,0.008679,3.375e-12
1023,-0.032404,0.041688,0.413633,0.955001,0.038273,-0.294121,0.070619,0.933780,0.350810,0.288072,-0.355794,0.889059,-11.9999,-27.3399,-14.3705,-31.2637,-10.7736,-8.1771,29.0366,25.9890,0.6274,32.6414,3.3158,5.8822,1.292153,0.000795,-0.003993,0.944327,0.995482,0.203712,0.034149,6.736e-12
1024,-0.015377,0.018955,0.405575,0.982132,0.022133,-0.186885,0.022854,0.971682,0.235183,0.186798,-0.235252,0.953815,-21.5154,-39.1359,-22.6801,-41.4650,-21.6565,-26.7196,35.8727,34.0530,36.0262,36.8797,34.5421,19.3348,1.021348,0.001036,-0.001403,0.901295,1.004615,0.742583,0.000506,1.839e-11
1025,0.027089,-0.013487,0.416407,0.958641,0.020166,0.283903,0.021608,0.989451,-0.143245,-0.283797,0.143455,0.948093,-13.4451,-24.9730,-11.5191,-15.7694,-12.4715,-32.5588,0.2085,26.7113,3.2918,16.0790,3.5777,35.2809,0.991927,-0.002257,0.001280,0.943873,-0.539110,-0.951546,0.001226,1.940e-11
1026,-0.097141,0.004924,0.414344,0.880625,0.006346,-0.473771,0.005969,0.999682,0.024485,0.473776,-0.024391,0.880307,-4.0963,-7.6469,-14.9804,-29.1991,-14.3755,-6.3246,28.7613,2.5060,37.6010,17.0698,37.2408,1.5790,1.108902,0.004348,-0.000216,0.950009,-0.012816,-0.260403,-0.000486,3.092e-11
1027,-0.034103,0.086925,0.426515,0.994160,0.020705,-0.105908,0.012540,0.952607,0.303945,0.107182,-0.303498,0.946784,-2.0370,-12.6162,-13.3670,-9.4640,-0.2614,3.4526,9.5407,4.0184,37.8569,2.2398,7.9952,0.1898,0.743297,0.000627,-0.001512,0.976592,-0.895159,-0.378266,-0.011594,1.618e-10
1028,-0.041213,0.034606,0.404112,0.910104,0.086031,-0.405352,0.058793,0.941507,0.331826,0.410189,-0.325828,0.851811,-15.1111,-31.1941,-18.5373,-41.6733,-17.3506,-13.3474,22.2276,29.1775,11.7808,39.8199,35.3001,7.6596,1.628734,0.004061,-0.001559,0.923480,0.599290,1.530524,-0.022657,4.538e-12
1029,-0.019691,-0.018731,0.406062,0.966663,-0.032848,-0.253935,-0.042497,0.957401,-0.285618,0.252500,0.286888,0.924088,-17.8416,-20.6686,-17.8476,-39.9689,-19.5999,-35.9695,19.1248,16.5921,10.3747,39.2532,32.1709,34.0944,1.474303,0.001488,0.002475,0.916933,-1.850590,1.134842,-0.004525,8.806e-12
1030,-0.015976,-0.034115,0.422055,0.991182,-0.012479,-0.131921,-0.021239,0.967723,-0.251118,0.130797,0.251706,0.958925,-10.3138,-10.6093,-9.3208,-23.2148,-12.8387,-23.8648,15.5325,9.7615,6.9303,22.7852,9.2956,22.3421,0.753990,0.000860,0.003373,0.951360,-0.608091,0.156031,-0.010058,1.440e-11
1031,-0.011804,-0.002139,0.421393,0.998280,-0.002112,-0.058587,0.000831,0.999760,-0.021875,0.058619,0.021789,0.998043,-12.3507,-21.8532,-15.2195,-25.0595,-15.1074,-22.9871,5.9585,19.0220,32.8217,19.6029,28.6660,20.6319,0.313780,0.003230,-0.000107,0.936073,0.021619,0.671320,0.003101,2.150e-12
1032,-0.035109,-0.025890,0.422363,0.974974,-0.030779,-0.220177,-0.015347,0.978689,-0.204772,0.221787,0.203026,0.953725,-10.6086,-9.7064,-13.1433,-25.1974,-14.2919,-20.4472,31.7038,3.3421,38.7942,18.5970,19.8481,15.7346,0.720823,0.002280,0.000738,0.943039,-0.060020,0.182490,0.019449,1.138e-10
1033,-0.001875,0.050627,0.418075,0.999976,0.006907,0.000638,-0.006597,0.918596,0.395142,0.002143,-0.395136,0.918620,-10.9720,-30.4252,-13.7074,-19.9454,-9.8774,-9.3168,8.2647,29.7162,9.0022,17.5921,23.9591,7.3952,1.026401,0.000882,-0.003634,0.948239,0.650806,0.156641,-0.015682,5.803e-13
1034,0.014675,0.017878,0.413942,0.991892,-0.005488,0.126962,-0.018274,0.982524,0.185235,-0.125760,-0.186054,0.974458,-16.6152,-36.0734,-17.6718,-25.4913,-16.7975,-26.3309,2.2281,35.1645,26.8384,21.2573,33.1628,23.7071,0.706607,0.000922,-0.001153,0.923475,0.516997,0.407417,-0.009757,2.121e-11
1035,-0.039946,-0.022664,0.411269,0.925946,-0.048365,-0.374546,-0.035001,0.976507,-0.212625,0.376030,0.209989,0.902500,-12.8774,-14.2272,-15.0360,-37.3601,-15.9408,-25.5229,17.5148,11.0144,21.6305,36.9395,7.3607,24.4369,1.279033,0.003657,0.001128,0.934245,-0.370649,1.190118,0.011956,1.817e-11
1036,-0.001887,0.008368,0.415826,0.999315,0.002757,-0.036892,0.000517,0.996081,0.088446,0.036991,-0.088404,0.995398,-15.7149,-30.7076,-16.2559,-30.0744,-16.0323,-26.1073,8.2811,30.5096,12.8642,29.2816,18.5807,24.8549,0.334966,0.000689,-0.000313,0.928103,0.179501,0.393618,-0.001444,2.095e-11
1037,-0.023899,0.061151,0.407765,0.982969,0.073861,-0.168275,0.022938,0.859202,0.511122,0.182334,-0.506277,0.842875,-11.3621,-34.3858,-17.0086,-29.0283,-12.7908,-6.5626,4.4010,33.9931,15.2455,25.2278,34.7626,3.5037,1.580860,0.004236,-0.004576,0.938268,1.074214,0.974196,-0.053791,3.245e-12
1038,0.053519,0.045881,0.416369,0.943814,-0.057251,0.325480,-0.044596,0.953808,0.297090,-0.327454,-0.294913,0.897664,-14.0307,-30.2145,-10.5514,-7.0278,-5.2559,-14.3147,22.3406,26.5320,10.0869,7.9132,3.5486,12.8322,1.156818,-0.005842,-0.004411,0.955332,0.595767,-0.783505,0.014884,8.451e-12
1039,0.031833,-0.005200,0.418483,0.962209,0.015587,0.271866,-0.000565,0.998473,-0.055246,-0.272312,0.053005,0.960748,-14.7974,-25.7303,-12.2718,-14.7200,-11.5082,-28.5364,16.9238,23.8526,18.1353,13.8772,0.7898,28.4645,0.856088,-0.003817,-0.000836,0.942179,0.215648,-1.005063,-0.015856,9.714e-12
1040,0.006223,0.001472,0.413388,0.997398,-0.001246,0.072080,0.003058,0.999682,-0.025035,-0.072026,0.025190,0.997085,-18.5206,-31.7998,-17.6648,-29.2127,-18.7778,-33.1101,22.8370,29.5537,9.9193,25.8787,36.1995,29.8085,0.430153,-0.000478,0.001514,0.917645,-0.856023,-0.273624,0.002716,1.678e-11
1041,-0.002732,0.010379,0.412384,0.997086,0.008197,-0.075844,0.002053,0.990966,0.134099,0.076258,-0.133864,0.988061,-17.5536,-33.8478,-18.9616,-33.8041,-18.1689,-26.8678,8.0664,31.8527,31.1042,31.0014,25.7450,23.8585,0.672693,0.001610,-0.001109,0.918026,0.689482,0.990107,-0.003551,3.847e-12
1042,0.006311,0.071708,0.416622,0.999732,-0.017997,0.014544,0.008639,0.873399,0.486928,-0.021466,-0.486672,0.873321,-9.5799,-29.2787,-11.6096,-15.1346,-4.3214,-2.8579,13.6007,27.8536,0.4829,16.3753,2.7126,3.1382,1.268897,-0.001526,-0.006186,0.961805,0.841694,-0.202134,0.032892,9.529e-12
1043,-0.044604,-0.053064,0.397296,0.904807,-0.100428,-0.413810,-0.127306,0.863548,-0.487932,0.406347,0.494165,0.768559,-13.2748,-5.9609,-13.3708,-39.7485,-19.2391,-33.7876,19.1664,2.9592,6.9345,38.8909,29.0579,31.3167,2.159613,0.004380,0.007068,0.930902,-2.283331,1.441818,-0.023135,6.164e-12
1044,-0.082933,-0.016790,0.409777,0.885361,-0.032234,-0.463786,-0.019917,0.994048,-0.107110,0.464478,0.104069,0.879449,-6.6494,-9.9468,-15.7774,-34.5646,-17.6021,-15.6314,10.9432,7.0475,37.9921,24.7017,38.6585,12.0341,1.223474,0.008456,0.001365,0.940129,-0.158570,0.956522,0.014554,8.920e-10
1045,0.026662,0.022861,0.407769,0.953888,-0.040699,0.297391,-0.037199,0.967099,0.251668,-0.297849,-0.251125,0.920990,-19.3035,-41.1495,-17.8641,-20.6803,-15.5509,-27.7448,35.5154,38.7171,24.0462,17.1217,10.4362,24.3885,1.414647,-0.003885,-0.003013,0.920800,1.308367,-1.681695,0.002169,7.829e-12
1046,0.017852,-0.045257,0.422239,0.997342,0.021388,0.069658,0.000269,0.954865,-0.297040,-0.072867,0.296269,0.952321,-14.3940,-11.2012,-9.6066,-15.7388,-13.6173,-26.8624,39.1515,4.4373,32.5310,11.3032,21.7404,19.4893,0.739441,-0.001896,0.002393,0.943687,-0.156461,-0.121172,-0.026983,1.102e-10
1047,0.069386,0.089472,0.393948,0.883718,-0.168548,0.436617,-0.143179,0.790814,0.595074,-0.445582,-0.588392,0.674724,-15.9921,-43.3301,-13.6270,-3.6434,-5.1668,-8.8362,19.6097,38.8838,12.8027,1.6146,28.4469,5.2661,2.002349,-0.005901,-0.006657,0.947955,0.835433,-0.731875,0.032745,1.540e-12
1048,0.027754,0.028870,0.418330,0.972367,-0.016489,0.232873,-0.035430,0.975526,0.217011,-0.230752,-0.219265,0.947985,-13.4668,-31.0631,-13.7125,-14.6919,-9.6768,-19.4868,8.6407,29.2618,23.6975,13.0076,4.9138,19.5199,0.947792,-0.002214,-0.004277,0.944757,0.966472,-0.506022,-0.019798,1.686e-11
1049,-0.075107,-0.065340,0.405191,0.888474,-0.075147,-0.452732,-0.103726,0.928093,-0.357609,0.447051,0.364686,0.816792,-6.6299,-1.0095,-9.7406,-32.5801,-18.8718,-21.1016,18.3017,1.0695,14.4344,26.0380,37.0043,15.2286,1.489181,0.006428,0.006503,0.947317,-0.678094,0.684176,-0.036007,7.814e-10
1050,0.079623,-0.018676,0.404793,0.809565,0.068080,0.583069,0.033092,0.986380,-0.161118,-0.586096,0.149730,0.796286,-16.6932,-25.7476,-9.0151,-1.6893,-9.6058,-34.2300,18.0274,23.0303,18.3969,1.1108,3.6050,33.2231,1.747014,-0.008424,0.000701,0.947029,-0.147519,-1.627179,-0.039218,1.793e-12
1051,-0.036998,0.011359,0.423740,0.980435,-0.001595,-0.196837,0.008752,0.999332,0.035492,0.196649,-0.036520,0.979794,-9.0167,-16.4501,-14.9770,-24.4166,-12.3912,-14.5561,15.3991,11.5379,38.1550,17.4711,22.1764,12.4319,0.516164,0.003805,-0.001810,0.945534,0.183011,0.389077,0.012653,3.414e-10
1052,-0.022757,-0.040241,0.429403,0.999812,-0.019266,0.002245,0.019323,0.979261,-0.201677,0.001688,0.201683,0.979449,-5.0801,-6.8019,-8.0749,-12.1109,-12.9964,-17.3906,0.3042,6.0485,32.7865,2.6797,36.6921,13.3705,0.711233,0.002410,0.001939,0.960883,0.073907,-0.107553,0.051963,1.000e-10
1053,0.009031,-0.001633,0.411721,0.991755,0.001134,0.128147,-0.005980,0.999281,0.037437,-0.128013,-0.037895,0.991048,-19.3754,-35.2897,-19.2083,-28.5278,-18.1114,-33.3124,28.7953,32.0859,35.4401,24.9824,6.8501,30.9483,0.651993,-0.001164,-0.001516,0.915006,0.997488,-0.776603,-0.003909,2.482e-11
1054,-0.058035,-0.014517,0.423730,0.949729,0.002245,-0.313065,-0.016996,0.998869,-0.044397,0.312612,0.047486,0.948693,-5.0617,-8.6475,-9.9896,-24.2011,-13.0131,-11.1069,10.7574,8.4993,13.3307,18.3214,29.1747,7.7706,0.760472,0.004512,0.001805,0.958022,-0.108203,0.280920,-0.024888,1.223e-10
1055,-0.000340,-0.001472,0.415731,0.999997,-0.000172,-0.002546,0.000133,0.999883,-0.015324,0.002548,0.015323,0.999879,-18.1631,-28.9878,-18.8130,-29.5006,-18.1029,-29.7841,28.9250,23.1893,39.7017,23.9295,26.6733,25.1356,0.162805,0.000394,-0.000822,0.917513,0.262113,0.125812,0.000279,7.630e-12
1056,-0.012544,0.068976,0.409316,0.997175,0.043698,-0.061092,-0.004443,0.846243,0.532778,0.074980,-0.531001,0.844047,-10.3409,-34.5642,-16.2716,-23.4301,-10.0847,-5.4181,0.1463,33.9532,18.7947,19.9024,25.2355,4.2974,1.540349,0.003155,-0.006248,0.944976,1.254285,0.617855,-0.053558,7.236e-12
1057,0.032021,-0.014117,0.412324,0.930870,0.031314,0.364005,0.027941,0.987300,-0.156389,-0.364280,0.155749,0.918174,-14.7917,-27.0689,-12.0269,-14.3755,-12.9939,-35.3909,10.2686,28.3880,0.7663,14.3130,1.7485,37.8894,1.365137,-0.003620,0.001341,0.940198,-0.629597,-1.692675,-0.002216,1.417e-11
1058,-0.100531,0.032781,0.402876,0.798389,0.063819,-0.598751,0.066250,0.979021,0.192690,0.598486,-0.193509,0.777411,-3.7493,-12.8400,-16.1463,-36.5386,-12.1337,-1.9772,12.2897,10.3788,24.3453,30.1599,19.6329,1.5305,1.626698,0.008683,-0.002896,0.952127,0.300826,0.904730,0.003510,7.308e-10
1059,0.006012,0.061867,0.408993,0.999207,-0.023809,0.031910,0.004788,0.867530,0.497362,-0.039524,-0.496815,0.866956,-14.5885,-37.3172,-16.1761,-21.9968,-9.5689,-10.2876,27.1654,34.4656,17.5556,21.1596,4.4091,8.0849,1.522710,-0.002047,-0.007169,0.939460,1.712058,-0.476181,0.028478,6.415e-12
1060,-0.041608,0.033950,0.412185,0.950994,0.052842,-0.304660,0.032696,0.962580,0.269018,0.307475,-0.265796,0.913680,-11.2018,-26.3744,-17.9272,-33.4736,-14.5722,-12.1206,7.6886,23.5982,31.6620,28.4154,28.6210,9.5182,1.228935,0.005962,-0.003500,0.934462,0.782110,1.317231,-0.020272,1.312e-11
1061,-0.070727,0.022647,0.412165,0.875155,0.040553,-0.482141,0.039687,0.987107,0.155063,0.482213,-0.154839,0.862262,-6.6704,-15.5356,-14.5757,-34.0687,-12.1353,-7.0955,11.5745,13.8760,17.1517,30.7573,15.7154,6.1257,1.351510,0.006782,-0.002146,0.950002,0.330609,1.044353,-0.000750,8.359e-12
1062,-0.056934,-0.049025,0.419480,0.951978,-0.062122,-0.299798,-0.035102,0.950597,-0.308438,0.304148,0.304150,0.902766,-5.1590,-1.5407,-9.2080,-23.8389,-13.8208,-17.9524,12.7846,0.0352,26.6673,17.6522,17.6183,15.2782,1.027832,0.004205,0.002686,0.957847,-0.141728,0.212736,0.035576,1.325e-10
1063,-0.028315,-0.016503,0.424220,0.971001,-0.009901,-0.238869,-0.018658,0.992957,-0.117001,0.238345,0.118064,0.963977,-10.0155,-11.2910,-10.1049,-25.2518,-11.6495,-17.4897,27.2374,8.8406,8.0082,24.7663,6.1741,14.8536,0.647792,0.000846,0.001307,0.952424,-0.186715,0.120905,-0.010640,4.202e-10
1064,0.013956,-0.024324,0.419978,0.991129,0.004892,0.132814,0.021588,0.980125,-0.197203,-0.131139,0.198321,0.971325,-12.6928,-19.3768,-11.3971,-18.6056,-14.2812,-29.7724,1.6906,19.1017,13.7871,16.0532,23.8258,28.8065,0.721944,0.000160,0.003165,0.942511,-0.773890,0.035858,0.017046,1.507e-11
1065,-0.113006,0.021883,0.395370,0.729600,0.074562,-0.679797,0.044011,0.986859,0.155476,0.682456,-0.143354,0.716731,-2.3777,-10.6417,-15.6473,-40.3805,-13.8964,-2.2112,2.0891,10.4954,19.8719,34.0280,25.7914,1.8682,1.919931,0.011417,-0.001515,0.952264,0.205367,1.447421,-0.037061,2.467e-12
1066,0.047241,0.031043,0.427281,0.973938,-0.014522,0.226351,-0.017894,0.989918,0.140504,-0.226109,-0.140892,0.963859,-11.9018,-19.5537,-8.5553,-5.5487,-4.0420,-12.1505,24.6149,13.1452,19.0357,5.2054,7.6587,9.4114,0.606635,-0.003176,-0.002211,0.963361,0.029482,-0.043533,-0.004587,1.203e-11
1067,-0.038484,-0.053799,0.416397,0.966532,-0.036286,-0.253969,-0.050828,0.943238,-0.328204,0.251462,0.330128,0.909825,-7.6301,-5.3532,-7.7952,-25.8829,-15.5754,-23.0185,5.8003,7.1966,0.1997,23.4548,28.5191,19.9674,1.143985,0.004178,0.006859,0.953565,-1.046246,0.643100,-0.016914,5.807e-12
1068,0.020220,-0.074726,0.410029,0.988680,0.035213,0.145850,0.044250,0.860401,-0.507693,-0.143367,0.508399,0.849103,-12.6143,-7.8557,-6.6869,-14.9448,-15.2385,-35.6793,14.7020,7.1501,10.4000,12.9175,21.8362,32.0448,1.441315,-0.001737,0.007673,0.948255,-1.237511,-0.282983,0.010803,1.921e-12
1069,0.096107,-0.044524,0.403078,0.841214,0.111760,0.529027,0.058617,0.953790,-0.294702,-0.537516,0.278918,0.795790,-18.0846,-17.5640,-3.8424,0.4037,-8.2530,-33.3907,38.0561,13.3687,4.3675,2.8587,1.7273,28.1159,1.631818,-0.010617,0.003575,0.954899,-0.437190,-1.224895,-0.063371,1.228e-11
1070,-0.034093,-0.001619,0.433884,0.995845,-0.002956,-0.091012,0.001172,0.999806,-0.019655,0.091052,0.019467,0.995656,-3.1936,-7.7304,-8.7669,-12.3429,-8.6221,-8.7495,2.7564,5.8292,27.2696,4.7749,23.7671,7.3330,0.360431,0.002033,-0.000043,0.969202,-0.005099,-0.197954,0.005687,3.551e-11
1071,-0.014211,-0.012141,0.417181,0.990764,-0.002230,-0.135578,-0.013822,0.992996,-0.117336,0.134890,0.118127,0.983794,-14.8036,-21.2221,-14.1471,-30.4091,-16.6349,-27.3890,21.6858,19.5074,3.4568,29.0111,28.0081,24.2608,0.659092,0.000846,0.003014,0.931678,-0.993776,0.283467,-0.010162,3.095e-12
1072,0.001820,-0.014976,0.409223,0.998663,0.007698,0.051124,0.002147,0.981823,-0.189784,-0.051656,0.189640,0.980494,-20.9901,-30.0078,-19.9090,-32.6251,-20.8538,-39.9242,38.9409,24.5574,24.2336,28.1150,28.2470,36.1487,0.739056,-0.000957,0.001306,0.907455,-0.881671,-0.640910,-0.003097,2.321e-11
1073,-0.027326,-0.018821,0.410493,0.959395,-0.030648,-0.280395,-0.021093,0.983501,-0.179670,0.281276,0.178289,0.942919,-17.2326,-21.3160,-18.1656,-38.9400,-18.2544,-30.7657,31.4554,15.9345,30.9215,37.3821,8.6102,28.0275,0.938987,0.001479,0.000127,0.919627,-0.060226,0.689583,0.007125,2.090e-11
1074,0.024025,0.082159,0.420956,0.988069,-0.026586,0.151701,-0.043069,0.897994,0.437894,-0.147869,-0.439203,0.886135,-7.5586,-24.6425,-10.5937,-5.8115,-0.9507,-0.9326,5.9702,20.2341,13.6291,4.4432,10.3500,2.0613,1.086115,-0.001015,-0.004645,0.971467,0.029274,-0.009822,-0.023097,6.364e-11
1075,0.081945,0.094138,0.394206,0.867879,-0.173534,0.465480,-0.144334,0.808499,0.570523,-0.475345,-0.562330,0.676633,-14.9162,-39.6777,-11.2806,0.7182,-1.0993,-6.6944,18.2543,34.5781,8.8301,0.2524,12.9457,5.1303,1.949081,-0.006974,-0.007171,0.959255,0.668872,-0.636964,0.038782,5.720e-10
1076,0.047978,0.027175,0.414383,0.922998,-0.048389,0.381751,-0.040850,0.974135,0.222242,-0.382631,-0.220724,0.897148,-14.5825,-33.1412,-11.6345,-9.3674,-9.4195,-21.2476,12.6191,32.5849,8.2035,8.5434,12.3777,20.0819,1.253749,-0.004951,-0.002361,0.946572,0.525079,-1.097250,0.007870,1.012e-11
1077,-0.003505,0.052991,0.420244,0.997041,-0.002105,-0.076844,0.031128,0.925060,0.378544,0.070288,-0.379816,0.922388,-12.0720,-26.8786,-12.6657,-20.0675,-8.3912,-6.6221,32.9118,23.0607,3.3748,19.0169,19.1088,2.4143,0.984714,-0.001344,-0.003311,0.950397,0.400191,-0.159029,0.041476,5.836e-10
1078,0.011112,0.012458,0.410752,0.995355,-0.005643,0.096107,-0.013341,0.980563,0.195748,-0.095344,-0.196121,0.975933,-17.9526,-38.9683,-18.3563,-29.5134,-17.7311,-28.6975,5.7073,39.4319,24.3724,27.5024,17.5691,26.9699,0.804255,0.000138,-0.000919,0.919009,1.050973,0.145388,-0.002860,1.516e-11
1079,-0.007348,-0.006991,0.408620,0.996132,-0.001057,-0.087867,0.000928,0.999998,-0.001511,0.087869,0.001424,0.996131,-19.6288,-34.8022,-19.5125,-38.7960,-19.6697,-34.8755,17.5575,34.3683,20.2195,39.4757,2.1145,34.2599,0.403873,-0.000085,0.000325,0.911907,0.610817,0.151820,-0.000728,9.087e-12
1080,0.046199,-0.008597,0.421574,0.950422,0.000228,0.310964,0.012159,0.999208,-0.037895,-0.310726,0.039797,0.949666,-13.9948,-22.0908,-8.9728,-8.9046,-10.6980,-24.1701,17.8394,19.7064,12.7280,6.9298,22.6010,20.1640,0.793649,-0.003891,0.001381,0.949591,-0.181728,-0.516699,0.014450,8.442e-10
1081,0.025970,0.003573,0.406682,0.964298,-0.006343,0.264742,-0.010640,0.997978,0.062667,-0.264604,-0.063247,0.962281,-20.8524,-41.4975,-20.8565,-27.7756,-20.7123,-38.1693,8.1052,39.8868,35.1054,22.3404,32.5695,35.7735,0.743102,-0.000116,-0.000205,0.906513,0.358262,-0.202386,-0.001230,4.062e-10
1082,-0.027863,-0.040014,0.405869,0.952724,-0.073392,-0.294840,-0.053417,0.914816,-0.400322,0.299105,0.397146,0.867647,-15.1472,-13.1211,-16.2138,-37.9943,-17.7067,-34.7270,16.7211,8.4171,30.3144,37.2378,6.9393,34.3953,1.539270,0.002722,0.002008,0.926395,-0.894377,1.199467,0.015263,4.690e-12
1083,0.005582,0.042286,0.408353,0.998417,-0.012498,0.054833,-0.011207,0.911223,0.411762,-0.055111,-0.411725,0.909640,-18.0231,-41.5401,-18.7317,-27.9528,-16.7469,-19.4775,25.3220,39.6820,16.5460,23.7790,36.8440,13.7463,1.186741,-0.000406,-0.002472,0.919828,0.954252,-0.156659,0.001001,7.091e-12
1084,-0.003796,0.002010,0.410394,0.994291,0.005153,-0.106575,0.006167,0.994389,0.105606,0.106521,-0.105660,0.988681,-18.2758,-34.6364,-18.6557,-36.6907,-18.3362,-29.1242,8.3034,34.1623,26.5526,36.7384,9.3326,27.4532,0.736036,0.000367,-0.000457,0.917137,1.022184,0.828879,0.000182,3.978e-10
1085,0.028772,-0.076842,0.407687,0.974447,0.051210,0.218702,0.074681,0.844407,-0.530470,-0.211840,0.533248,0.819006,-12.1936,-7.7646,-5.8153,-12.2820,-14.6244,-37.2456,7.7754,8.0934,7.6546,10.7887,20.2265,34.7948,1.604812,-0.002199,0.008202,0.951086,-1.396389,-0.382407,0.027560,3.686e-12
1086,0.051573,0.074082,0.412065,0.954410,-0.051357,0.294048,-0.069069,0.920359,0.384928,-0.290398,-0.387688,0.874852,-15.4782,-32.3112,-15.2467,-8.1212,-5.3837,-11.3264,31.3366,22.2151,37.8191,4.0050,20.4340,7.8468,1.160744,-0.003447,-0.005637,0.946032,0.313328,-0.197247,-0.023210,1.060e-10
1087,-0.001105,-0.036224,0.419790,0.999687,0.003012,-0.024848,-0.010013,0.957960,-0.286727,0.022940,0.286886,0.957690,-12.9954,-13.5874,-10.5700,-22.2096,-13.8199,-28.7071,22.7638,11.2073,12.1840,21.2815,9.9245,26.5426,0.793372,-0.000920,0.003299,0.943996,-0.683761,-0.188797,-0.014161,8.075e-12
1088,0.049174,-0.063065,0.407467,0.944080,0.109300,0.311073,0.053875,0.879639,-0.472581,-0.325285,0.462913,0.824561,-16.0425,-12.5054,-7.3868,-9.9336,-12.6331,-38.1992,30.3336,8.6677,16.8533,9.7495,3.6723,35.0790,1.591266,-0.006296,0.004943,0.945958,-0.852863,-1.058904,-0.063852,4.167e-12
1089,-0.053239,-0.034480,0.424309,0.967002,-0.034863,-0.252372,-0.016968,0.979580,-0.200335,0.254203,0.198007,0.946665,-4.6215,-4.4507,-9.3245,-21.3325,-13.0186,-14.9706,8.9117,3.4116,25.0703,14.3738,23.6054,12.2304,0.756414,0.003965,0.001962,0.959676,-0.063190,0.119631,0.023537,7.214e-11
1090,0.071562,-0.032222,0.400360,0.830288,0.059790,0.554119,0.085438,0.968823,-0.232557,-0.550747,0.240432,0.799293,-19.8564,-27.3115,-11.2207,-7.3568,-15.6986,-40.6365,31.5386,23.6926,15.7376,3.2893,33.4590,35.1196,1.814394,-0.007603,0.004494,0.929796,-0.993047,-1.703475,0.026793,2.645e-12
1091,0.043086,-0.099663,0.398990,0.934192,0.066170,0.350580,0.164118,0.792805,-0.586963,-0.316781,0.605873,0.729773,-12.6133,-6.3377,-5.6810,-7.3941,-17.3385,-40.7802,3.1822,5.4694,32.8852,0.7315,37.6733,34.8955,1.834010,-0.001128,0.008127,0.946718,-0.807448,-0.139177,0.130385,9.478e-10
1092,0.050212,-0.043298,0.421154,0.955793,0.044567,0.290642,0.035985,0.963287,-0.266050,-0.291829,0.264747,0.919100,-12.2230,-12.1462,-4.3987,-5.7430,-9.2171,-26.3063,16.5636,10.7595,7.2065,6.3704,9.1476,22.8285,0.962188,-0.004424,0.003427,0.961344,-0.324808,-0.416699,-0.010739,3.591e-10
1093,0.044313,-0.057293,0.414886,0.950214,0.045768,0.308220,0.070824,0.931542,-0.356670,-0.303444,0.360742,0.881923,-12.3998,-12.4153,-4.7543,-7.8766,-12.3640,-31.8854,9.6236,13.2730,0.2520,7.4559,20.6859,28.5950,1.268435,-0.003902,0.006563,0.955795,-0.954080,-0.575731,0.029971,1.116e-12
1094,0.015679,-0.023600,0.409514,0.986395,0.020330,0.163132,0.021073,0.968501,-0.248115,-0.163037,0.248177,0.954896,-19.7332,-28.0643,-18.6941,-27.1620,-19.7189,-41.1575,24.3453,22.9301,36.1250,21.7828,26.3246,38.5213,0.872995,-0.000801,0.001347,0.912889,-0.673493,-0.400513,0.000636,1.087e-11
1095,-0.025892,-0.065394,0.425139,0.991595,-0.018897,-0.127991,-0.021819,0.950680,-0.309405,0.127525,0.309597,0.942278,-6.0075,-1.4655,-4.4854,-15.5250,-13.2356,-17.8659,16.1062,1.8374,12.2936,10.6638,26.6571,11.7216,0.766222,0.001411,0.003739,0.964531,0.070217,-0.025786,-0.004076,9.776e-12
1096,-0.035771,0.057976,0.406532,0.948063,0.071145,-0.310024,0.091406,0.872619,0.479772,0.304667,-0.483192,0.820795,-13.5382,-32.2671,-16.5841,-33.5542,-12.7544,-5.5736,36.9902,29.6441,1.4042,32.3186,24.4127,0.1154,1.550070,0.001393,-0.003982,0.935752,0.907930,0.318959,0.023151,6.730e-12
1097,0.056255,0.040113,0.406132,0.880482,-0.079870,0.467303,-0.087983,0.941053,0.326617,-0.465843,-0.328695,0.821553,-16.6114,-40.5781,-15.1660,-9.1828,-12.3638,-22.4220,7.1847,38.6440,24.4694,3.5823,38.7505,18.8141,1.538414,-0.003356,-0.002843,0.933860,0.624444,-0.737992,-0.009576,5.657e-12
1098,0.020809,-0.022656,0.407981,0.969479,0.032768,0.242975,0.035067,0.962306,-0.269700,-0.242654,0.269989,0.931786,-19.2350,-27.3133,-16.3280,-23.3182,-18.7269,-41.6709,31.1240,23.9333,11.0681,19.4287,29.4768,39.3824,1.336796,-0.002628,0.003182,0.918471,-1.549543,-1.283268,0.001694,1.038e-11
1099,0.030627,-0.016564,0.412426,0.956241,0.027301,0.291303,0.019901,0.987262,-0.157855,-0.291902,0.156744,0.943517,-18.1919,-27.1424,-13.4658,-17.9089,-15.2789,-35.4480,37.8682,24.2786,6.4826,16.1129,14.7225,32.6666,1.179603,-0.005331,0.002219,0.929522,-0.732940,-1.748267,-0.005857,1.507e-11
1100,0.004045,0.003219,0.424497,0.998965,0.000571,0.045488,-0.001077,0.999938,0.011094,-0.045479,-0.011132,0.998903,-12.3091,-21.5603,-13.0892,-19.2236,-12.1781,-20.9819,13.7724,18.3581,26.0047,15.5084,18.5141,18.7881,0.184372,0.000337,-0.000820,0.943728,0.136732,0.056011,-0.001882,3.681e-10
1101,-0.033230,-0.058991,0.397209,0.938177,-0.113102,-0.327158,-0.104502,0.808478,-0.579174,0.330005,0.577556,0.746676,-11.2721,-2.9843,-11.5089,-35.6381,-16.9000,-35.8262,0.5440,1.7781,4.7276,36.6775,18.0600,37.2261,2.322864,0.004340,0.006997,0.940097,-2.536064,1.563241,0.005930,7.280e-12
1102,0.034086,-0.032925,0.429382,0.982950,-0.005113,0.183804,0.021257,0.996071,-0.085970,-0.182642,0.088411,0.979196,-10.6034,-12.5476,-3.9882,-6.5306,-10.5299,-17.1322,20.5822,11.4486,5.0744,3.7694,35.5667,8.9200,0.589929,-0.001665,0.002764,0.962423,0.056880,0.027509,0.035420,7.682e-11
1103,-0.025962,-0.029640,0.415628,0.977643,-0.028186,-0.208374,-0.024384,0.969092,-0.245490,0.208853,0.245083,0.946739,-15.2524,-15.4053,-15.9986,-31.4549,-17.6489,-28.3755,38.1190,8.3547,38.0816,25.9934,22.1123,22.9791,0.811245,0.001697,0.001547,0.926765,-0.300711,0.329749,0.004056,1.271e-11
1104,0.079000,0.098237,0.389100,0.867235,-0.179224,0.464524,-0.159506,0.783790,0.600192,-0.471659,-0.594602,0.651143,-16.0461,-42.7670,-13.1026,-1.1821,-1.5224,-7.5949,23.4854,36.9504,15.0093,2.0027,5.8467,6.4832,2.112153,-0.007852,-0.009134,0.954161,1.113987,-0.946618,0.024173,1.861e-12
1105,0.056902,-0.067813,0.418493,0.937260,0.049145,0.345149,0.080160,0.933111,-0.350540,-0.339289,0.356215,0.870629,-9.8722,-7.0702,-0.6889,-0.6509,-9.3794,-26.3351,3.6848,8.2409,5.3732,0.5846,16.6603,21.9015,1.177404,-0.003136,0.004787,0.970222,-0.174779,-0.122694,0.042769,1.522e-10
1106,-0.066714,0.017721,0.404486,0.837913,0.015003,-0.545598,0.061623,0.990630,0.121879,0.542314,-0.135745,0.829137,-9.1717,-18.5176,-17.6075,-40.7518,-13.5712,-11.1462,3.7855,15.5722,37.2647,38.6090,5.3102,11.2642,1.812241,0.008328,-0.004292,0.939320,1.046057,2.095615,0.043491,6.392e-12
1107,0.051137,0.030390,0.416132,0.914401,-0.026161,0.403962,-0.059245,0.978516,0.197475,-0.400450,-0.204505,0.893207,-13.2788,-31.1211,-12.5011,-6.9197,-8.5757,-20.1743,1.0139,28.7315,27.4357,3.5441,17.5105,19.6614,1.183937,-0.002885,-0.003500,0.948543,0.565990,-0.471855,-0.039588,7.042e-12
1108,0.027826,0.103598,0.403097,0.976931,-0.048973,0.207863,-0.094073,0.775131,0.624757,-0.191717,-0.629899,0.752643,-9.3940,-36.0955,-14.1022,-8.6351,-1.7601,-0.4306,0.0426,33.0201,17.9244,7.4123,6.3513,2.8963,1.748488,-0.001437,-0.009468,0.962249,1.057949,-0.175467,-0.058773,1.353e-11
1109,-0.136182,0.004833,0.380591,0.596656,0.045337,-0.801215,0.003935,0.998226,0.059416,0.802487,-0.038604,0.595419,-3.6942,-7.0523,-17.3874,-47.6399,-18.0873,-4.3689,23.5506,4.6151,24.9752,38.4399,37.0457,0.2465,2.236925,0.011658,0.000350,0.941492,-0.020408,1.268141,-0.054266,1.251e-12
1110,-0.031368,0.053751,0.410019,0.962785,0.060985,-0.263299,0.065441,0.892619,0.446037,0.262227,-0.446668,0.855409,-11.4031,-30.4939,-15.5679,-30.7083,-11.2047,-6.1013,18.0374,29.5809,6.7701,30.1141,15.0704,3.7098,1.467603,0.002497,-0.004734,0.942759,1.127189,0.595754,0.005135,1.311e-11
1111,-0.002721,0.009378,0.418448,0.999483,0.003047,-0.032016,-0.000250,0.996209,0.086991,0.032159,-0.086938,0.995694,-14.3481,-28.1767,-14.8314,-27.3631,-15.0470,-23.6529,8.5916,28.0637,8.0390,26.1095,23.7098,21.9402,0.321449,0.000872,0.000273,0.933763,-0.103264,0.332037,-0.002732,1.901e-12
1112,-0.014758,-0.044301,0.418188,0.988359,0.001096,-0.152133,-0.042025,0.963034,-0.266081,0.146218,0.269377,0.951870,-13.7581,-12.0415,-9.6767,-25.8943,-16.6004,-26.2394,38.5651,9.6412,0.0460,23.8665,31.0999,19.0394,0.940684,-0.000535,0.006155,0.940031,-1.015004,-0.075491,-0.048149,1.116e-12
1113,0.050480,0.007764,0.413504,0.894307,-0.018540,0.447069,-0.014346,0.997440,0.070061,-0.447223,-0.069069,0.891751,-14.1718,-31.0082,-10.8472,-8.2593,-10.4326,-27.2768,4.1685,32.1740,5.8217,7.6182,9.4481,27.8896,1.332602,-0.004794,-0.000498,0.946822,0.139026,-1.328470,0.004073,1.293e-11
1114,-0.066755,-0.039583,0.414535,0.897801,-0.013449,-0.440195,-0.071217,0.981944,-0.175252,0.434604,0.188691,0.880633,-8.3210,-5.7668,-10.1763,-31.2507,-16.8293,-15.7927,34.5261,3.9237,9.2229,25.8534,34.3283,8.2809,1.206169,0.003951,0.004249,0.947153,-0.342242,0.334644,-0.074432,4.050e-10
1115,-0.020947,0.070908,0.406442,0.989392,0.047753,-0.137199,0.029898,0.857278,0.513985,0.142162,-0.512634,0.846756,-12.7885,-35.0858,-19.2787,-27.7308,-11.6096,-6.9821,18.7741,30.4119,33.5373,22.4338,25.0043,4.0157,1.508220,0.002852,-0.007273,0.934530,1.379121,0.534565,-0.019544,7.338e-12
1116,-0.056676,-0.004551,0.406628,0.873637,-0.007623,-0.486518,-0.012014,0.999235,-0.037229,0.486429,0.038370,0.872877,-13.5171,-18.2920,-17.7225,-42.1964,-18.3608,-20.3664,24.7779,13.8525,26.2473,38.4739,29.5481,15.7075,1.471367,0.005814,0.000697,0.925598,-0.189446,1.592851,-0.004339,5.247e-12
1117,0.021526,0.062151,0.418195,0.982053,-0.013182,0.188142,-0.058449,0.927172,0.370049,-0.179318,-0.374404,0.909762,-10.3223,-29.8261,-14.0509,-11.3872,-5.9461,-9.8088,1.7011,26.2076,29.4705,8.0399,11.1704,10.8178,1.102939,-0.000389,-0.006385,0.954619,0.783644,-0.058525,-0.055502,1.556e-11
1118,0.073104,0.037102,0.402140,0.838608,-0.062810,0.541101,-0.091471,0.962989,0.253546,-0.537000,-0.262121,0.801825,-18.1845,-38.4061,-13.7446,-5.2132,-8.2477,-23.8983,28.5656,33.7309,26.2062,3.6921,2.6242,22.0920,1.805864,-0.008409,-0.005423,0.939683,1.100288,-1.733025,-0.030180,3.426e-12
1119,0.041837,-0.092527,0.402406,0.951751,0.077777,0.296851,0.112731,0.811095,-0.573948,-0.285415,0.579720,0.763193,-14.0913,-6.9880,-6.6404,-9.2115,-16.3896,-39.6627,16.4187,3.7608,35.3744,3.6642,28.8110,33.3701,1.653172,-0.002114,0.006694,0.944476,-0.650079,-0.212766,0.046816,5.119e-10
1120,0.019475,0.010554,0.411734,0.960280,-0.022824,0.278104,-0.012255,0.992238,0.123751,-0.278770,-0.122244,0.952546,-17.3719,-35.8162,-15.0356,-19.8458,-14.3427,-29.3692,35.4694,35.8273,2.0645,19.1081,0.3300,28.3934,1.277003,-0.004267,-0.001001,0.929699,0.534002,-2.208773,0.005806,5.902e-12
1121,-0.034586,-0.016522,0.410264,0.947424,-0.017552,-0.319499,-0.032179,0.988206,-0.149710,0.318359,0.152120,0.935685,-16.0177,-19.9645,-17.4137,-38.6424,-19.9692,-28.0296,26.8774,15.4014,21.5093,34.4264,39.9452,22.5192,1.139060,0.003628,0.002952,0.919916,-0.933387,1.157314,-0.013115,1.047e-11
1122,-0.012036,0.009032,0.427073,0.996541,0.004289,-0.082994,0.001936,0.997198,0.074779,0.083082,-0.074681,0.993740,-8.9757,-18.2155,-10.3521,-20.0163,-9.9239,-14.3257,7.6326,18.0340,6.1730,19.1357,12.0999,13.5615,0.287413,0.001204,-0.000385,0.956194,0.060135,0.187693,-0.002744,4.489e-10
1123,0.052732,0.018756,0.417629,0.924534,-0.013724,0.380852,-0.031020,0.993325,0.111096,-0.379835,-0.114526,0.917938,-14.8267,-28.5725,-12.2245,-7.9449,-9.5417,-22.4938,14.4687,24.3357,28.1328,4.5151,19.3503,19.9487,1.011641,-0.003811,-0.002218,0.945204,0.316938,-0.548835,-0.020908,1.397e-12
1124,0.072607,-0.014398,0.401223,0.812302,0.030153,0.582457,0.041122,0.993216,-0.108768,-0.581785,0.112304,0.805552,-20.3918,-32.7459,-14.3684,-7.8249,-16.0335,-38.9579,25.0306,27.7448,34.0898,1.1875,37.5992,33.6173,1.690247,-0.006087,0.001661,0.923851,-0.376434,-1.389607,0.012025,3.606e-12
1125,-0.019968,0.060757,0.411078,0.986098,0.040493,-0.161156,0.042982,0.874687,0.482779,0.160510,-0.482994,0.860786,-12.8800,-32.8180,-15.9703,-27.2365,-11.8797,-6.4892,27.4427,30.2775,6.3811,24.3601,31.3475,1.5533,1.323818,0.001148,-0.003879,0.938990,0.727285,0.215386,0.003121,1.242e-11
1126,-0.108201,-0.058807,0.406003,0.836818,-0.032283,-0.546528,-0.103649,0.970865,-0.216051,0.537580,0.237443,0.809091,0.0899,3.3106,-6.6392,-29.1347,-16.6953,-9.4773,9.2026,0.8284,3.4985,21.0592,36.7437,4.3576,1.454084,0.006344,0.004488,0.965408,0.029194,0.011122,-0.098314,2.976e-10
1127,-0.031631,0.030431,0.413653,0.969024,0.047679,-0.242321,0.018703,0.964202,0.264508,0.246258,-0.260847,0.933443,-12.9374,-28.4130,-17.5626,-32.7712,-15.8972,-14.5190,13.1208,25.9281,23.4954,27.7346,38.2263,10.1299,1.078557,0.004604,-0.001820,0.930457,0.444552,1.102534,-0.029136,9.186e-12
1128,-0.001063,0.004043,0.434999,0.999845,0.001159,-0.017558,0.000777,0.993946,0.109863,0.017580,-0.109860,0.993792,-6.8670,-12.3796,-5.5929,-10.3121,-7.7396,-6.6593,18.2299,11.2945,0.8977,7.4958,28.9791,1.1302,0.436388,-0.000083,0.000767,0.969754,0.051068,0.005551,-0.000511,6.474e-12
1129,-0.005415,0.021963,0.412003,0.997717,0.013395,-0.066186,0.002159,0.973298,0.229535,0.067493,-0.229154,0.971048,-17.3886,-35.2924,-19.9426,-32.3460,-17.7170,-23.2708,15.2789,31.6494,39.9880,27.4185,28.6778,18.9931,0.875453,0.002061,-0.002803,0.917459,1.114617,0.811560,-0.008675,2.144e-11
1130,-0.010765,-0.008445,0.407994,0.990787,-0.002610,-0.135403,0.003407,0.999978,0.005657,0.135386,-0.006067,0.990774,-20.6168,-34.3628,-20.7231,-40.3073,-20.5716,-34.0441,26.5116,31.4520,33.9751,39.1908,5.4629,31.2359,0.629490,0.000051,-0.000184,0.907226,0.967343,0.345589,0.000321,5.741e-10
1131,0.062042,-0.008993,0.427365,0.951353,-0.001217,0.308100,0.009013,0.999674,-0.023883,-0.307971,0.025498,0.951054,-12.4303,-15.1762,-5.0368,-1.7416,-6.7517,-16.4930,24.5421,10.1812,16.8940,0.1606,24.0876,9.6670,0.711375,-0.002657,0.000596,0.963772,0.042572,0.181544,0.014134,3.269e-11
1132,-0.087760,-0.046972,0.408044,0.853636,-0.060665,-0.517325,-0.084105,0.964108,-0.251839,0.514035,0.258488,0.817895,-2.6540,-0.0413,-8.6582,-31.8401,-15.4540,-14.2515,1.9104,2.6790,6.1608,27.2214,25.1489,12.2567,1.488057,0.008090,0.004979,0.960006,-0.516384,0.854993,-0.029820,8.398e-10
1133,0.027625,-0.008674,0.418526,0.966723,0.006854,0.255732,0.013721,0.996813,-0.078584,-0.255455,0.079478,0.963548,-13.8067,-25.4569,-12.0567,-15.9061,-13.1084,-29.6320,2.4356,25.7028,11.4218,14.2659,16.4920,29.7382,0.747828,-0.001693,0.001250,0.941618,-0.373250,-0.506573,0.006570,4.613e-12
1134,0.037760,-0.077133,0.402876,0.958777,0.066067,0.276372,0.091204,0.849591,-0.519497,-0.269125,0.523288,0.808543,-15.9232,-12.0542,-8.0956,-13.5427,-17.6138,-41.0815,22.9168,9.8601,14.8659,9.5990,35.6101,35.0598,1.671015,-0.003311,0.008646,0.937601,-1.501397,-0.585481,0.028614,4.164e-12
1135,0.002981,-0.007103,0.406194,0.993575,-0.009517,-0.112777,-0.003121,0.993775,-0.111363,0.113135,0.110999,0.987360,-21.5215,-32.6522,-21.8360,-40.6573,-21.9304,-38.4309,7.0447,27.9860,37.7135,37.8003,37.7390,35.3301,0.888494,0.000565,0.000147,0.902059,-0.494727,1.656521,0.000407,3.437e-10
1136,-0.075606,-0.012451,0.419048,0.901183,-0.026763,-0.432611,-0.014157,0.995742,-0.091091,0.433207,0.088215,0.896967,-6.2445,-5.5797,-12.7129,-28.1635,-13.3803,-10.3758,34.8722,0.1182,31.3797,20.0751,23.3947,5.4520,1.030761,0.003436,0.000302,0.951621,0.000769,-0.027724,0.017071,3.710e-11
1137,-0.012099,-0.022371,0.410673,0.989055,-0.019959,-0.146191,-0.022156,0.959483,-0.280895,0.145874,0.281059,0.948539,-16.2729,-20.0549,-16.0332,-34.1635,-18.2144,-34.9154,14.3574,17.3176,10.3294,33.0364,27.7416,33.6981,1.172773,0.001353,0.002984,0.924170,-1.596474,0.726431,-0.001501,1.511e-11
1138,0.016818,-0.019253,0.417909,0.986309,0.008496,0.164687,0.019902,0.985239,-0.170023,-0.163700,0.170973,0.971581,-14.8132,-23.1756,-14.9141,-20.2124,-15.9192,-32.1367,4.8964,20.0054,36.9449,14.7482,26.8399,30.2842,0.647553,0.000749,0.001094,0.931638,-0.277356,0.188433,0.011645,6.921e-12
1139,-0.011821,-0.001588,0.414491,0.994133,-0.000669,-0.108164,-0.000996,0.999882,-0.015342,0.108162,0.015359,0.994015,-18.2887,-28.2566,-18.0255,-33.5334,-18.0440,-29.0562,37.7602,23.7610,20.8657,30.8949,19.1777,24.7701,0.309010,-0.000374,0.000024,0.918596,-0.010190,-0.159177,-0.000261,7.614e-10
1140,0.022921,-0.032067,0.410201,0.973008,0.028160,0.229046,0.053410,0.938099,-0.342225,-0.224504,0.345221,0.911274,-15.4651,-20.9867,-12.7083,-19.8077,-16.5496,-39.4622,7.2379,20.4559,3.8301,17.5319,29.8043,39.3607,1.441537,-0.001345,0.004950,0.932803,-1.940375,-0.548547,0.019115,1.435e-11
1141,0.053115,0.023876,0.403838,0.876158,-0.041623,0.480223,-0.068520,0.975393,0.209554,-0.477129,-0.216508,0.851747,-19.5346,-41.6404,-17.7261,-13.1286,-14.5930,-29.8449,23.1971,37.6482,38.3557,7.2039,22.3625,26.4594,1.625687,-0.004563,-0.003557,0.922186,1.079321,-1.403581,-0.025068,5.103e-12
1142,-0.042238,0.055407,0.407014,0.941377,0.071459,-0.329701,0.079500,0.902794,0.422662,0.327855,-0.424096,0.844188,-12.1611,-29.9083,-18.2132,-33.8721,-12.6453,-6.6640,25.0470,26.0118,23.1302,30.5064,20.4155,3.1795,1.519170,0.003787,-0.005547,0.935505,1.157651,0.793073,0.009299,7.880e-12
1143,-0.026227,0.048554,0.414157,0.984207,0.034015,-0.173723,0.026810,0.941404,0.336215,0.174980,-0.335563,0.925624,-11.4706,-28.7879,-18.1707,-27.9064,-11.6417,-10.8986,11.3972,24.4357,39.2049,23.0759,15.3718,9.7589,1.111506,0.003804,-0.006300,0.938116,1.213985,0.730020,-0.007446,1.118e-11
1144,-0.048143,0.023273,0.417259,0.924755,0.004548,-0.380536,0.045440,0.991455,0.122275,0.377841,-0.130366,0.916647,-11.2125,-17.9555,-15.6147,-32.0430,-11.5648,-11.0758,38.2695,11.7621,24.9562,29.5057,5.3831,8.1065,1.063897,0.002352,-0.003373,0.942507,0.495124,0.351725,0.049069,4.397e-12
1145,0.017851,0.002105,0.410274,0.991757,-0.001017,0.128132,-0.001904,0.999741,0.022676,-0.128122,-0.022733,0.991498,-19.2846,-36.7740,-19.4993,-30.4002,-19.4877,-35.5901,0.1328,35.6208,28.8919,27.1232,31.0139,34.1061,0.476600,0.000350,-0.000018,0.912719,0.030362,0.550965,-0.000248,7.313e-10
1146,-0.040733,-0.043473,0.413961,0.954050,-0.056709,-0.294232,-0.045846,0.942743,-0.330355,0.296119,0.328665,0.896824,-10.9855,-8.1258,-12.7464,-30.7661,-16.2699,-25.8363,22.5032,4.3588,27.3422,26.7793,16.9819,22.6858,1.163128,0.003688,0.003218,0.940082,-0.556536,0.635582,0.012284,1.140e-11
1147,0.005955,-0.006607,0.416063,0.998370,0.002805,0.057009,0.000029,0.998767,-0.049647,-0.057078,0.049568,0.997138,-16.8094,-28.4566,-17.2497,-27.1760,-16.3317,-31.0352,16.3582,25.1621,35.2052,24.1247,9.9334,29.6798,0.357525,-0.000031,-0.001185,0.924524,0.499872,-0.014031,-0.002137,1.757e-11
1148,-0.022165,0.062820,0.411040,0.980378,0.034044,-0.194163,0.061612,0.882706,0.465869,0.187249,-0.468690,0.863289,-13.6916,-31.7359,-16.6635,-27.8867,-11.4387,-6.2360,38.7238,26.8784,11.8335,24.8164,26.9108,0.6892,1.314921,0.000404,-0.004587,0.937405,0.753155,0.069209,0.033167,1.010e-11
1149,-0.012251,-0.027499,0.408114,0.986839,-0.033286,-0.158244,-0.016201,0.953312,-0.301554,0.160893,0.300149,0.940226,-17.7706,-21.1819,-18.6360,-36.5214,-20.5059,-37.0920,13.8252,16.0135,33.8789,32.2966,35.7613,34.1519,1.223756,0.002688,0.002491,0.914598,-1.201743,1.275906,0.011512,1.201e-11
1150,-0.013743,0.001306,0.429364,0.994712,0.003939,-0.102629,0.000230,0.999176,0.040582,0.102704,-0.040391,0.993892,-10.8164,-14.8225,-10.9914,-18.4006,-11.8827,-12.7170,36.3415,9.0972,22.8198,12.3424,34.1851,5.2251,0.287526,0.000326,0.000405,0.949549,-0.000654,0.000669,-0.004861,1.398e-11
1151,0.040098,0.007976,0.414971,0.950448,-0.018264,0.310347,-0.005165,0.997207,0.074505,-0.310841,-0.072416,0.947699,-18.1698,-31.6475,-14.0851,-15.4900,-14.0685,-27.7989,33.9249,27.6036,17.0210,12.0275,26.5586,22.6528,0.943184,-0.004870,-0.000044,0.930578,0.013563,-1.111275,0.013440,2.029e-11
1152,-0.041284,0.025786,0.408990,0.916703,0.060468,-0.394967,0.042208,0.968298,0.246206,0.397333,-0.242369,0.885090,-11.7211,-25.9226,-16.4974,-37.9508,-14.7553,-12.8058,2.5504,25.4816,17.3067,37.0997,21.4167,10.7883,1.539390,0.005552,-0.002217,0.935433,0.752693,1.854207,-0.015020,7.212e-12
1153,-0.020064,0.001998,0.411856,0.964580,0.004604,-0.263750,-0.004817,0.999988,-0.000158,0.263746,0.001423,0.964591,-15.6371,-25.7755,-17.2144,-37.8231,-17.8447,-25.8545,5.2016,24.1215,15.8910,36.8343,31.4391,23.4091,1.041709,0.003010,0.000836,0.923917,-0.445838,1.643466,-0.005721,1.017e-11
1154,-0.047408,0.071985,0.404774,0.938922,0.068855,-0.337172,0.102199,0.879784,0.464257,0.328605,-0.470360,0.819012,-9.3029,-28.1387,-18.5802,-31.0024,-8.6368,-2.1791,15.5366,23.3713,34.6761,27.9309,2.2032,2.6826,1.655051,0.004697,-0.009103,0.945249,1.546398,0.814851,0.037335,1.721e-12
1155,0.052413,-0.041744,0.409365,0.907559,0.052295,0.416656,0.082164,0.950923,-0.298319,-0.411809,0.304976,0.858722,-16.3941,-21.1826,-11.0529,-9.9639,-15.6603,-37.7520,13.0093,18.0779,28.7958,4.5346,34.0076,33.5291,1.388251,-0.003336,0.004287,0.935417,-0.797175,-0.626763,0.034600,1.190e-12
1156,0.045762,0.037109,0.413851,0.945821,-0.066304,0.317846,-0.033989,0.953330,0.300010,-0.322904,-0.294559,0.899427,-16.4945,-34.7079,-12.9143,-11.7633,-10.7134,-18.8041,27.8616,31.5421,9.7210,9.3701,27.9915,13.8404,1.191946,-0.004982,-0.002095,0.939894,0.379450,-0.885994,0.036663,1.357e-11
1157,0.033436,-0.016122,0.426638,0.980454,-0.002992,0.196726,0.012406,0.998835,-0.046640,-0.196358,0.048168,0.979349,-12.9787,-17.6303,-8.1395,-9.9719,-11.5021,-20.1270,25.2475,13.9982,16.6987,6.0112,34.3820,12.8794,0.511043,-0.002070,0.001892,0.951170,-0.093692,-0.105358,0.019875,6.894e-11
1158,-0.035554,0.021901,0.420081,0.972227,0.017418,-0.233389,0.016963,0.989360,0.144497,0.233422,-0.144443,0.961587,-10.7083,-21.1483,-15.7488,-27.9865,-13.1282,-13.5444,19.0425,17.0000,28.9470,22.7084,24.0418,10.5616,0.716560,0.003657,-0.002226,0.940719,0.337913,0.555143,-0.000426,1.802e-11
1159,0.048649,0.041235,0.412852,0.946258,-0.076661,0.314196,-0.031093,0.945437,0.324319,-0.321915,-0.316659,0.892243,-16.9668,-34.8870,-12.4628,-11.3446,-9.5892,-17.7204,34.8512,31.2067,6.2402,10.3244,20.8736,12.7425,1.277088,-0.006274,-0.002752,0.941536,0.493113,-1.091736,0.051088,5.477e-12
1160,-0.016961,0.033470,0.412961,0.988334,0.021254,-0.150810,0.024283,0.955556,0.293809,0.150352,-0.294043,0.943892,-16.3360,-32.8679,-18.5689,-31.9809,-15.9604,-17.2982,31.8110,28.4995,24.6890,27.8387,28.9617,11.7549,0.932547,0.001193,-0.002890,0.923791,0.799182,0.330436,0.003089,2.084e-12
1161,0.004568,0.006835,0.418188,0.998943,-0.001455,0.045941,-0.001726,0.997606,0.069127,-0.045931,-0.069133,0.996550,-15.8000,-28.9798,-15.7574,-25.1123,-14.1231,-25.3834,23.3436,26.3098,23.3248,23.4793,5.2228,23.7746,0.366314,-0.001218,-0.002004,0.931558,0.682504,-0.414858,-0.000259,1.512e-11
1162,-0.001150,-0.024314,0.414537,0.999893,-0.002784,-0.014381,-0.000967,0.967081,-0.254468,0.014616,0.254455,0.966974,-15.6360,-20.9862,-15.0703,-28.3354,-16.5885,-34.3555,14.3733,18.5401,18.1217,26.8043,15.1668,33.8512,0.788316,0.000290,0.001991,0.929133,-0.855852,0.124177,0.001413,2.122e-11
1163,-0.077258,0.048196,0.399246,0.834917,0.093326,-0.542405,0.106684,0.939384,0.325846,0.539937,-0.329921,0.774352,-10.4740,-23.7959,-20.1651,-40.8736,-14.5767,-5.2835,29.8784,17.9273,33.7750,34.6853,26.5323,1.2350,1.764322,0.007085,-0.004920,0.932254,0.833144,1.207375,0.016276,3.384e-12
1164,-0.111430,0.043795,0.392217,0.738668,0.092940,-0.667632,0.106007,0.962108,0.251220,0.665682,-0.256342,0.700826,-3.7619,-14.9951,-18.7306,-40.9992,-12.8103,-0.2431,10.0389,11.6925,33.3390,33.5918,20.7926,0.2859,1.953619,0.010722,-0.004521,0.947227,0.545495,1.308846,0.016716,1.606e-12
1165,-0.019240,0.015929,0.411153,0.969506,0.025362,-0.243752,0.024333,0.979753,0.198726,0.243857,-0.198597,0.949259,-15.6271,-31.1657,-17.2499,-37.0796,-16.2473,-20.6679,10.2525,30.6797,17.0574,37.5188,13.7270,18.4130,1.108005,0.001830,-0.001420,0.926313,0.900830,1.159865,-0.000457,5.481e-12
1166,-0.033655,0.026962,0.420836,0.977116,0.028395,-0.210803,0.014768,0.979603,0.200401,0.212193,-0.198928,0.956766,-10.4220,-21.9709,-14.9861,-26.3912,-12.9867,-11.4626,20.4459,18.4146,22.0361,20.8120,31.5364,7.4213,0.735751,0.003247,-0.001594,0.942509,0.211106,0.426499,-0.016244,7.046e-10
1167,0.014547,-0.018182,0.411790,0.991481,0.010387,0.129834,0.012420,0.984733,-0.173627,-0.129656,0.173760,0.976216,-18.2102,-29.1451,-18.3578,-27.8134,-18.3647,-38.2453,8.0013,25.9442,39.5452,24.0240,16.2884,37.6925,0.545345,0.000244,0.000011,0.917735,-0.007972,0.161757,0.001253,5.921e-10
1168,0.008990,0.007396,0.409870,0.990223,-0.005787,0.139374,-0.001973,0.998458,0.055472,-0.139480,-0.055205,0.988685,-19.8520,-37.8979,-19.4975,-30.1600,-19.6065,-35.0207,23.3072,36.5277,13.7139,26.8473,27.6458,32.6696,0.553863,-0.000504,0.000153,0.911682,-0.205672,-0.695647,0.001244,2.461e-11
1169,-0.073412,-0.046266,0.408765,0.857294,-0.068604,-0.510236,-0.096514,0.952094,-0.290177,0.505699,0.298012,0.809603,-6.6377,-1.2357,-9.5940,-33.8357,-15.0766,-17.6855,22.7159,0.4387,7.4333,31.6460,13.3477,14.6043,1.533476,0.005388,0.004410,0.953133,-0.574958,0.711247,-0.035910,1.374e-11
1170,-0.011082,0.011842,0.407685,0.993796,0.005470,-0.111084,0.003328,0.996880,0.078867,0.111168,-0.078748,0.990677,-21.0798,-37.1866,-21.0600,-40.1513,-21.1029,-33.0819,31.2093,34.7505,8.2438,38.5512,30.5137,29.3918,0.431346,0.000002,0.000046,0.905284,-0.386411,0.043910,-0.000110,2.695e-10
1171,0.005613,-0.011644,0.416595,0.998566,0.002710,0.053462,0.003271,0.993763,-0.111467,-0.053431,0.111482,0.992329,-16.7446,-25.8796,-16.3278,-26.3727,-16.8897,-31.6872,20.5627,22.2446,27.3267,22.6941,21.7141,29.0221,0.332978,-0.000190,0.000680,0.925177,-0.233782,-0.065319,0.000510,1.781e-11
1172,-0.066926,-0.017502,0.417593,0.888700,-0.012397,-0.458322,-0.033320,0.995245,-0.091529,0.457277,0.096613,0.884061,-6.6948,-6.6207,-10.3752,-30.6256,-12.9533,-11.7774,26.0019,5.0348,7.3191,27.9593,14.9016,8.3657,1.148745,0.004158,0.001841,0.955062,-0.186401,0.426681,-0.027148,4.086e-10
1173,-0.006087,0.000776,0.405240,0.996071,-0.005038,-0.088417,-0.008471,0.988383,-0.151750,0.088155,0.151902,0.984456,-21.5860,-32.8117,-21.6692,-40.7586,-21.3829,-40.7481,23.9883,28.9964,8.4843,39.5261,33.0370,39.6201,0.911039,-0.000124,-0.000606,0.903069,-1.529081,0.279723,0.001232,3.886e-12
1174,-0.011123,-0.030207,0.405158,0.989598,-0.028810,-0.140945,-0.022755,0.936060,-0.351103,0.142048,0.350659,0.925668,-19.8286,-22.1608,-19.8083,-38.0586,-21.6257,-40.8461,26.6954,15.5454,32.9512,33.7608,34.2954,37.3356,1.298819,0.001368,0.002459,0.908102,-1.440045,0.795289,0.003629,2.204e-11
1175,-0.006926,0.058538,0.405987,0.997793,0.009935,-0.065652,0.026113,0.850363,0.525549,0.061049,-0.526103,0.848227,-13.9964,-38.2253,-17.1204,-26.7407,-10.8631,-9.4195,18.9640,36.8175,22.1233,26.0302,1.8350,7.6921,1.734821,0.000063,-0.007460,0.936879,2.234720,0.029360,0.014250,7.670e-12
1176,0.028494,0.019023,0.421444,0.985098,-0.011737,0.171593,-0.009129,0.992694,0.120313,-0.171751,-0.120087,0.977794,-15.4374,-26.6188,-12.9405,-15.6893,-10.2517,-20.3294,32.8495,21.4444,20.5293,14.0231,10.5561,16.7923,0.588395,-0.003935,-0.002390,0.942144,0.390979,-0.642564,0.002854,1.916e-11
1177,0.071566,0.081869,0.402710,0.887041,-0.115741,0.446947,-0.132985,0.862987,0.487410,-0.442123,-0.491790,0.750113,-13.4106,-36.5538,-11.6622,-0.8234,-2.1107,-8.6966,10.0801,32.1059,16.0864,0.5518,10.7972,8.4625,1.712745,-0.005477,-0.006868,0.959379,0.680911,-0.549495,-0.023436,6.408e-10
1178,-0.037329,0.028295,0.406789,0.930499,0.055756,-0.362026,0.048546,0.960857,0.272758,0.363063,-0.271376,0.891370,-16.0195,-30.9013,-19.2285,-40.5310,-17.5830,-16.2587,27.5345,27.4171,21.2145,37.8365,29.9534,10.6284,1.385185,0.003373,-0.002035,0.920772,0.743500,1.228039,-0.005852,9.994e-12
1179,0.061437,-0.056142,0.420764,0.970558,0.069080,0.230751,0.008635,0.947398,-0.319942,-0.240715,0.312514,0.918908,-13.6375,-7.2633,-1.2891,-4.6997,-7.4579,-24.1296,36.5822,3.7822,1.0360,8.4540,0.6452,17.6032,1.012478,-0.005617,0.003384,0.966597,-0.118551,-0.158438,-0.079602,2.886e-10
1180,-0.011908,0.038066,0.409969,0.993843,0.025246,-0.107886,0.014330,0.936231,0.351092,0.109870,-0.350476,0.930105,-17.2253,-36.8198,-19.9069,-32.5461,-17.2332,-18.1689,25.8550,32.7914,29.9366,27.2602,36.8045,12.1510,1.094405,0.001783,-0.003112,0.918519,0.988127,0.562990,-0.009898,1.194e-11
1181,-0.068139,-0.025397,0.412036,0.879975,-0.061043,-0.471082,-0.039487,0.978876,-0.200606,0.473377,0.195130,0.858976,-8.9414,-7.0028,-13.7717,-34.7011,-15.0745,-17.7188,29.6446,2.3599,28.5099,30.2160,12.4939,14.5191,1.302514,0.005053,0.001072,0.943423,-0.146046,0.675353,0.026431,5.997e-12
1182,0.015503,0.067597,0.409183,0.991125,-0.036701,0.127765,-0.039857,0.834868,0.549006,-0.126816,-0.549226,0.825995,-11.4579,-37.4446,-13.3586,-16.2173,-7.4732,-7.1279,3.8387,38.6214,3.6277,16.3509,9.7142,7.0661,1.626282,-0.001319,-0.006404,0.951550,1.458691,-0.301409,-0.003767,2.798e-12
1183,-0.021529,0.051525,0.414298,0.986835,0.032551,-0.158419,0.030885,0.923580,0.382160,0.158753,-0.382022,0.910416,-10.4342,-29.0758,-16.2099,-26.2045,-9.5929,-8.6091,6.3824,26.9027,27.8258,24.2802,4.0177,9.0103,1.245412,0.002949,-0.006862,0.945636,1.460003,0.626837,-0.001504,1.754e-11
1184,-0.042449,0.060526,0.402084,0.929859,0.103518,-0.353052,0.097217,0.856363,0.507140,0.354839,-0.505892,0.786233,-9.7854,-31.1258,-16.9614,-34.1503,-10.6984,-2.7780,3.4721,30.8083,19.9341,33.5353,7.8503,2.2850,1.968365,0.005326,-0.007187,0.943664,1.878839,1.388261,-0.005397,5.091e-12
1185,-0.047571,-0.055702,0.398128,0.900511,-0.145877,-0.409633,-0.087889,0.861543,-0.500019,0.425858,0.486275,0.763008,-11.6486,-5.0372,-14.9907,-39.5532,-18.3282,-32.6079,5.8853,0.9726,35.2893,36.9202,15.6294,32.2670,2.088744,0.006646,0.004127,0.932388,-1.244895,1.940473,0.053086,4.748e-12
1186,-0.044961,0.008380,0.423246,0.971436,-0.003377,-0.237276,0.008861,0.999718,0.022051,0.237134,-0.023524,0.971192,-6.6140,-14.5927,-13.8743,-24.7654,-11.6650,-13.3817,0.2486,12.3017,33.1073,18.9191,17.3909,13.5914,0.640513,0.005531,-0.001693,0.951872,0.202137,0.670672,0.014574,8.573e-10
1187,-0.107581,0.016110,0.395507,0.740653,0.020403,-0.671578,0.045482,0.995724,0.080410,0.670347,-0.090101,0.736557,-5.7157,-11.9987,-18.3602,-42.6476,-15.5404,-6.9997,16.2665,7.9574,36.7578,34.8537,24.9533,5.1427,1.858233,0.010414,-0.002172,0.940719,0.284294,1.412467,0.030432,5.202e-12
1188,-0.030530,-0.051021,0.407829,0.962195,-0.072217,-0.262614,-0.055626,0.891778,-0.449041,0.266622,0.446673,0.854047,-12.1607,-8.0122,-12.9823,-32.8172,-16.8285,-32.4389,11.7054,5.1777,21.9384,31.1880,13.4988,31.7605,1.561666,0.003610,0.004457,0.937021,-1.242774,0.999691,0.015911,4.605e-12
1189,0.027424,-0.008216,0.417473,0.971619,0.016572,0.235968,0.003246,0.996515,-0.083351,-0.236527,0.081752,0.968179,-16.2289,-26.4397,-14.6836,-17.8388,-14.0477,-30.7456,19.3878,22.4506,32.4498,14.1566,13.1260,28.8353,0.713400,-0.002354,-0.000680,0.932653,0.172165,-0.602071,-0.013360,2.167e-11
1190,0.065241,0.032131,0.402798,0.851325,-0.093566,0.516227,-0.060418,0.959937,0.273624,-0.521148,-0.264132,0.811566,-18.9750,-40.4519,-13.9188,-8.0720,-12.0289,-25.7048,29.3733,37.7497,12.8856,4.8997,26.7443,21.1434,1.755775,-0.007323,-0.002114,0.932583,0.515088,-1.737859,0.033983,5.560e-12
1191,0.021921,-0.008725,0.408851,0.957749,0.015859,0.287169,0.010065,0.996019,-0.088576,-0.287430,0.087724,0.953776,-19.1942,-34.5899,-18.2585,-23.7666,-18.3143,-39.2168,21.3139,32.6478,24.5279,19.8019,15.2143,38.5531,1.033767,-0.001501,0.000094,0.916397,-0.083950,-1.250940,-0.002781,1.442e-11
1192,0.043325,0.005468,0.404427,0.881888,-0.014445,0.471238,-0.018711,0.997671,0.065599,-0.471088,-0.066668,0.879563,-19.1573,-40.3474,-17.7747,-16.4497,-17.3527,-36.7380,12.5916,39.3643,27.5545,10.8279,25.7180,35.2472,1.495014,-0.002521,-0.000566,0.918584,0.320624,-1.438611,-0.002903,7.732e-12
1193,0.025991,-0.021181,0.415234,0.974576,0.031294,0.221862,0.012105,0.981397,-0.191605,-0.223731,0.189419,0.956067,-17.2427,-23.7250,-12.6677,-18.5175,-14.3261,-33.7251,36.7499,20.4179,9.8129,17.4582,8.4915,31.1952,1.006594,-0.004984,0.001970,0.933636,-0.573674,-1.425961,-0.017184,6.284e-12
1194,0.060386,-0.059650,0.409689,0.921346,0.110732,0.372639,0.064314,0.901945,-0.427035,-0.383386,0.417413,0.823882,-14.4796,-11.8558,-5.1685,-5.2261,-10.2752,-35.0512,21.0787,9.3713,12.9985,6.2385,0.2498,32.7363,1.524864,-0.006548,0.004431,0.955197,-0.632669,-0.912900,-0.056502,1.229e-11
1195,-0.036971,-0.064315,0.418942,0.991596,-0.051297,-0.118771,0.003468,0.928247,-0.371949,0.129328,0.368411,0.920623,-7.1346,-4.0502,-9.8322,-19.7633,-16.7599,-23.8124,10.5296,1.9364,39.4512,9.8013,36.6599,18.5178,0.991065,0.003607,0.003628,0.949572,-0.120776,0.101317,0.071618,2.144e-10
1196,0.038019,-0.005273,0.409871,0.903884,0.013974,0.427550,0.006990,0.998850,-0.047425,-0.427721,0.045855,0.902747,-15.5457,-32.9006,-14.0810,-14.2369,-14.0020,-35.3645,0.9957,34.4827,14.1447,12.3684,5.9397,37.7675,1.372482,-0.002461,-0.000092,0.934550,0.049730,-1.427342,-0.004482,2.005e-11
1197,0.047828,-0.066006,0.405905,0.925669,0.074818,0.370863,0.114267,0.879185,-0.462576,-0.360667,0.470569,0.805285,-13.6747,-12.8903,-6.5314,-8.4619,-14.3745,-38.9798,6.1461,13.0371,9.0411,6.4135,24.2269,36.6045,1.696674,-0.003721,0.007542,0.948144,-1.390300,-0.701009,0.045283,1.340e-12
1198,-0.054692,0.038049,0.404458,0.893476,0.070396,-0.443560,0.076171,0.949578,0.304139,0.442605,-0.305527,0.843062,-13.8432,-27.7220,-19.8386,-40.3827,-16.1605,-10.9713,32.5032,22.3868,29.7211,35.7469,28.1925,5.5015,1.554741,0.004986,-0.003800,0.925266,0.897532,1.180435,0.006596,1.138e-11
1199,-0.015426,-0.024807,0.407568,0.983294,-0.025269,-0.180260,-0.033431,0.948401,-0.315306,0.178927,0.316065,0.931712,-17.4282,-19.8054,-16.9686,-36.4461,-19.9676,-36.6135,20.2448,15.9168,10.2096,34.1338,39.5794,33.7564,1.399435,0.001648,0.004021,0.918307,-2.056414,0.854335,-0.005095,4.924e-12
