idx,p_x,p_y,p_z,R00,R01,R02,R10,R11,R12,R20,R21,R22,dL0,dL1,dL2,dL3,dL4,dL5,tau0,tau1,tau2,tau3,tau4,tau5,kappa_summary,x0,x1,x2,x3,x4,x5,res
0,-0.037082,-0.018338,0.387378,0.884658,-0.086245,-0.458194,-0.137648,0.890626,-0.433404,0.445458,0.446483,0.776028,-22.4395,-18.0372,-21.7353,-52.1356,-23.3046,-43.1948,45.9767,8.8403,2.4979,51.7509,47.9722,39.2973,2.672512,0.000498,0.002104,0.898117,-3.523237,1.389860,0.003760,5.604e-12
1,0.048326,0.015415,0.383147,0.695996,-0.074114,0.714210,-0.045761,0.988059,0.147125,-0.716586,-0.135082,0.684294,-21.1857,-51.2033,-19.6460,-11.1853,-19.8825,-43.4244,28.2189,52.8304,10.6262,2.8563,31.4837,42.4839,2.935208,-0.002395,0.000119,0.908285,0.028845,-3.720745,0.001575,6.881e-12
2,-0.012448,-0.078003,0.404078,0.987591,-0.000314,-0.157048,-0.084069,0.843598,-0.530353,0.132652,0.536975,0.833103,-16.9733,-7.0965,-10.5463,-28.4432,-19.7255,-36.6152,55.4356,1.3109,13.6532,25.3292,29.1488,27.5830,1.611275,-0.001633,0.008207,0.929208,-1.428141,-0.253403,-0.093642,1.207e-11
3,0.001004,0.003033,0.413718,0.999666,0.001795,-0.025776,-0.000682,0.999069,0.043143,0.025829,-0.043111,0.998736,-17.5977,-31.8663,-18.9897,-31.9094,-18.4739,-29.6265,8.0355,28.9210,35.8732,27.8446,29.0656,26.6936,0.379119,0.001747,-0.000693,0.917492,0.356847,0.894733,-0.001654,1.078e-11
4,-0.039161,0.036537,0.389616,0.858319,0.135807,-0.494818,0.139026,0.866716,0.479035,0.493923,-0.479957,0.725038,-18.6127,-39.5949,-19.4812,-50.3387,-18.7990,-12.0712,28.8341,39.7403,4.7483,53.3697,18.7716,5.0888,2.461251,0.000901,-0.000973,0.914438,1.842256,1.730470,0.000956,6.396e-12
5,0.032959,-0.000551,0.382211,0.765484,0.031371,0.642690,0.040376,0.994501,-0.096634,-0.642187,0.099921,0.760008,-25.0046,-50.2510,-25.7860,-21.6729,-25.6581,-55.9766,39.7421,47.3935,28.9208,9.6552,42.1616,54.9507,2.755672,0.001627,-0.000385,0.884834,-0.934880,-3.366016,-0.006462,1.932e-11
6,-0.088962,-0.031324,0.409190,0.904202,-0.064987,-0.422133,-0.022159,0.979887,-0.198317,0.426530,0.188673,0.884576,-5.3697,-7.1386,-15.7721,-32.2433,-18.8362,-17.5232,8.3289,4.1176,48.1493,19.1536,44.7752,13.5754,1.164686,0.008368,0.001976,0.940285,-0.158750,0.601297,0.052342,3.057e-10
7,-0.079597,0.006845,0.395663,0.778976,0.048047,-0.625210,0.003296,0.996733,0.080704,0.627045,-0.064928,0.776273,-15.6375,-20.9905,-21.0681,-49.5991,-22.2739,-17.1742,49.7258,13.5890,29.7694,41.9652,52.8192,7.1031,1.834666,0.006863,0.001062,0.911578,-0.228226,1.560853,-0.048103,7.316e-12
8,-0.015683,0.024556,0.424948,0.997580,0.008759,-0.068969,0.001798,0.988450,0.151538,0.069499,-0.151295,0.986042,-11.4124,-21.4518,-14.9682,-20.6357,-12.3860,-13.5487,25.8258,15.3029,34.3081,12.9904,35.2565,8.4280,0.405194,0.001610,-0.001596,0.941956,0.118511,0.118673,-0.008716,6.603e-11
9,-0.001301,0.025865,0.395424,0.992800,0.009433,-0.119410,0.008433,0.988916,0.148235,0.119485,-0.148175,0.981717,-27.7445,-50.0537,-27.3807,-51.5950,-26.4182,-42.3209,26.1944,46.9764,8.9627,50.6814,48.2319,38.2293,0.774817,-0.002089,-0.002083,0.877848,-0.658518,0.648864,0.011287,1.656e-11
10,-0.007703,0.044371,0.386024,0.981010,0.070219,-0.180798,0.058797,0.780631,0.622221,0.184828,-0.621035,0.761678,-24.1569,-55.4232,-23.7790,-46.9748,-24.2427,-20.3432,28.3183,55.6569,18.8120,44.6389,47.8928,9.7684,2.370700,-0.000439,0.000900,0.891596,2.099773,1.105471,0.004243,9.745e-12
11,-0.104133,-0.004693,0.415078,0.836907,0.007308,-0.547296,-0.010956,0.999934,-0.003400,0.547235,0.008842,0.836932,1.1070,-0.9626,-8.8718,-27.2188,-10.1059,-1.3512,7.4921,2.3481,6.4291,21.7815,13.4810,1.2560,1.302629,0.005607,0.000537,0.973352,0.007820,-0.031751,-0.025876,6.825e-11
12,0.009305,-0.043730,0.394775,0.997122,0.008398,0.075349,0.038523,0.799871,-0.598935,-0.065299,0.600114,0.797245,-17.8372,-16.1720,-16.5637,-29.7845,-20.0063,-49.6360,8.2252,12.0349,10.9080,26.8125,40.6609,50.8041,2.407201,0.000531,0.004942,0.917820,-3.494426,0.282224,0.009819,5.911e-12
13,0.019543,-0.014635,0.406187,0.967701,0.024014,0.250954,0.029314,0.977981,-0.206624,-0.250390,0.207307,0.945690,-21.3535,-32.1991,-19.1395,-26.2126,-20.8266,-43.1727,37.4543,27.5677,17.6179,20.5144,37.3021,39.5650,1.254218,-0.002171,0.002285,0.907955,-1.403273,-1.343369,0.003062,6.945e-12
14,0.007575,-0.069195,0.396324,0.995406,-0.017463,0.094143,0.070688,0.797229,-0.599524,-0.064584,0.603424,0.794801,-17.8570,-14.6375,-17.4063,-28.1441,-23.5327,-48.2892,10.3224,8.1981,52.3985,18.3113,54.0546,43.7461,1.984421,0.003025,0.006940,0.911703,-2.040791,0.830895,0.080902,5.968e-12
15,-0.037051,0.011155,0.394100,0.831402,0.059311,-0.552497,0.066813,0.976404,0.205358,0.551641,-0.207649,0.807821,-19.5416,-32.2149,-20.1778,-52.9679,-19.8498,-20.6495,22.3146,29.6050,22.1558,56.0054,14.6941,15.0941,2.252557,0.000770,-0.000413,0.910370,1.213114,2.451718,0.000263,6.068e-12
16,0.059208,-0.048864,0.407205,0.914388,0.074163,0.397988,0.069548,0.939685,-0.334894,-0.398820,0.333903,0.854079,-20.1063,-20.9158,-13.0510,-11.1828,-17.4309,-39.1771,38.3264,12.0725,51.2326,2.9561,40.9595,30.0035,1.298666,-0.004054,0.003168,0.924269,-0.382211,-0.488198,-0.005350,6.652e-10
17,0.071464,0.091233,0.374555,0.844073,-0.185145,0.503251,-0.205136,0.755624,0.622055,-0.495439,-0.628295,0.599822,-25.0671,-57.1811,-23.8569,-12.3658,-12.7797,-19.4164,54.1427,45.2654,58.8613,3.2661,39.4204,10.8069,2.488612,-0.007173,-0.010022,0.907431,1.973004,-1.427266,-0.022359,3.385e-12
18,-0.014617,0.018600,0.412000,0.984928,0.020832,-0.171704,0.011245,0.982907,0.183758,0.172597,-0.182920,0.967859,-17.1502,-32.8164,-18.2148,-35.8601,-17.9965,-23.2087,19.1090,31.0496,13.2703,33.8885,32.3432,18.9190,0.786107,0.001488,-0.000309,0.920053,0.166888,0.788431,-0.006491,1.710e-11
19,-0.065982,-0.026331,0.394034,0.807411,-0.056812,-0.587248,-0.094624,0.969998,-0.223941,0.582352,0.236380,0.777812,-13.5934,-12.9035,-17.6937,-47.8662,-22.3405,-26.1039,13.7238,9.1544,21.7039,43.0131,55.7656,20.2018,2.202638,0.008746,0.005222,0.919189,-1.565624,2.698768,-0.029165,6.688e-12
20,0.004759,-0.036961,0.403398,0.999921,-0.012195,0.003003,0.012249,0.894065,-0.447769,0.002776,0.447771,0.894144,-18.7864,-20.8885,-18.6771,-33.0802,-20.3723,-44.9958,9.4791,15.6264,33.9377,29.3258,29.9918,44.5759,1.572687,0.001115,0.002422,0.913176,-1.762044,0.774541,0.012592,4.458e-12
21,-0.015095,-0.012857,0.394836,0.996973,-0.010380,-0.077048,-0.015702,0.943736,-0.330327,0.076142,0.330537,0.940717,-26.0834,-35.5006,-27.1757,-47.7124,-25.7558,-53.0160,46.5385,27.9611,25.1925,44.1594,23.6197,52.4216,1.391316,0.000933,-0.002827,0.881541,-1.525526,-0.523535,0.012189,1.197e-11
22,0.016183,-0.006982,0.400114,0.996400,0.004210,0.084668,0.024228,0.942963,-0.332013,-0.081237,0.332870,0.939467,-22.0734,-30.8378,-22.2630,-36.0004,-22.0940,-48.4667,5.9470,25.5848,18.0879,32.2272,53.7149,48.5764,1.702369,0.000011,-0.000428,0.900065,-2.735085,0.764863,-0.007815,6.290e-12
23,0.008798,0.015584,0.389069,0.918859,-0.083726,0.385602,-0.071956,0.925289,0.372375,-0.387970,-0.369906,0.844185,-23.8051,-56.9741,-23.8789,-28.3975,-24.2478,-36.7482,54.5775,57.7735,29.0664,20.2977,13.5120,31.1770,2.543906,0.000789,0.000692,0.891424,2.309948,-3.144608,-0.007318,1.700e-11
24,0.017231,0.010672,0.384725,0.859144,0.004325,0.511716,0.016640,0.999199,-0.036384,-0.511463,0.039774,0.858384,-27.8422,-54.2890,-29.7487,-31.3126,-29.1632,-56.5934,54.0961,49.4426,26.9771,18.0649,56.9917,53.1748,2.370983,0.003495,-0.001286,0.869517,-1.218542,-2.993396,-0.019215,2.465e-11
25,-0.000864,0.001906,0.414377,0.999911,-0.000553,-0.013321,0.000634,0.999981,0.006120,0.013317,-0.006128,0.999893,-20.4426,-30.6499,-20.6659,-31.0899,-18.8907,-30.3316,47.8168,21.7858,49.0157,24.3595,24.8509,23.6682,0.299662,-0.000839,-0.001944,0.910131,0.563627,-0.242785,0.001091,1.752e-11
26,0.052165,0.045956,0.405925,0.921561,-0.078107,0.380295,-0.063992,0.935594,0.347229,-0.382923,-0.344329,0.857209,-18.7523,-39.4866,-15.3135,-11.9955,-9.8388,-20.6614,39.9882,34.2381,22.5990,10.2396,6.9825,16.9920,1.583397,-0.007269,-0.005648,0.934092,1.241016,-1.585599,0.013490,8.039e-12
27,-0.033807,0.052888,0.398259,0.942405,0.091156,-0.321813,0.088002,0.860671,0.501499,0.322690,-0.500935,0.803079,-19.3530,-40.8517,-20.8205,-42.4554,-19.5211,-12.9613,49.6382,37.3657,2.3714,39.2195,48.7978,3.0281,1.633220,0.001179,-0.001628,0.910566,0.682826,0.495268,-0.002253,2.245e-12
28,0.046923,0.037062,0.386092,0.802034,-0.160433,0.575329,-0.091153,0.919088,0.383363,-0.590282,-0.359913,0.722516,-23.7531,-54.4205,-19.8828,-14.8259,-19.3709,-33.7863,55.3276,52.8578,9.1909,7.3935,38.1024,26.8769,2.674975,-0.006335,-0.001157,0.904880,0.807844,-3.548510,0.031198,8.760e-12
29,-0.022290,-0.051505,0.403526,0.976186,-0.058570,-0.208878,-0.050529,0.874990,-0.481497,0.210967,0.480585,0.851194,-17.6307,-13.3704,-17.6744,-36.4995,-19.9178,-39.6659,34.7087,5.5693,43.5045,32.4881,13.0946,36.6341,1.484672,0.001598,0.002690,0.917239,-0.934927,0.554620,0.007144,9.627e-12
30,0.004217,0.006965,0.395628,0.984650,-0.032486,0.171490,-0.033013,0.930128,0.365747,-0.171390,-0.365795,0.914779,-23.2945,-53.2719,-23.1832,-35.5540,-24.1801,-33.7025,34.2193,54.5019,39.1474,30.4719,9.8772,27.9367,1.959017,0.000873,0.001974,0.893698,2.739469,-1.198965,0.000891,1.603e-11
31,0.001346,0.026386,0.420594,0.999428,0.003516,0.033648,-0.011515,0.970555,0.240604,-0.031811,-0.240854,0.970040,-12.1134,-29.1644,-13.6559,-21.3852,-13.2320,-16.5249,2.8145,29.4622,8.6443,17.9666,36.1615,13.6803,0.684148,0.001604,-0.000455,0.941589,0.103388,0.357445,-0.016006,1.798e-12
32,-0.049207,-0.037060,0.404947,0.895864,-0.064128,-0.439677,-0.090655,0.942335,-0.322158,0.434982,0.328469,0.838391,-13.4751,-10.0849,-14.3183,-39.8163,-18.2700,-28.0920,28.7983,6.3807,11.5345,38.5888,21.9572,24.5347,1.662469,0.003825,0.004510,0.930871,-1.300704,1.116612,-0.026110,3.712e-12
33,-0.054395,-0.025369,0.416855,0.964468,-0.034015,-0.262001,-0.008976,0.986886,-0.161168,0.264047,0.157793,0.951515,-8.5429,-12.6606,-15.3159,-28.9111,-18.1937,-21.0544,5.8822,9.7101,42.6741,18.2370,45.6243,16.8368,0.836369,0.007025,0.002196,0.937072,-0.269711,0.835507,0.028927,9.550e-10
34,-0.024714,-0.021965,0.388712,0.992248,-0.004556,-0.124193,-0.004973,0.997072,-0.076313,0.124177,0.076339,0.989319,-30.4555,-50.9516,-30.8434,-58.5489,-32.4493,-54.9327,54.2455,47.8519,39.4340,55.0920,6.9367,50.9208,0.643657,0.003205,0.003738,0.859584,0.700387,-0.603165,-0.003914,1.680e-11
35,-0.073956,-0.026363,0.405072,0.848595,-0.032260,-0.528059,-0.063648,0.984664,-0.162438,0.525201,0.171454,0.833527,-9.2202,-9.6854,-14.2714,-39.4246,-18.6460,-19.0217,16.0648,7.9782,17.0418,34.2177,38.3197,14.3874,1.599287,0.007960,0.004043,0.936820,-0.744772,1.493992,-0.034473,5.934e-12
36,0.024541,-0.020613,0.403599,0.984235,0.014984,0.176231,0.019001,0.981681,-0.189583,-0.175843,0.189943,0.965920,-22.8986,-36.7836,-22.8874,-33.7691,-22.8784,-46.7631,4.5214,32.2890,55.7067,28.4206,26.9635,45.1935,0.789703,-0.000070,-0.000002,0.897151,0.097266,0.624756,-0.000494,9.097e-10
37,0.020721,-0.006676,0.395933,0.989934,-0.015798,0.140644,-0.021036,0.966288,0.256603,-0.139956,-0.256979,0.956229,-24.6562,-53.0103,-22.9955,-39.9220,-25.5912,-39.4604,2.4784,55.9095,43.3837,37.7936,16.3434,35.0520,1.548555,-0.000982,0.005466,0.890086,2.155947,0.428427,0.024695,2.000e-11
38,-0.000191,-0.001902,0.400831,0.989127,-0.004951,0.146978,-0.005061,0.997695,0.067665,-0.146974,-0.067673,0.986823,-22.5140,-46.9008,-23.2105,-38.4917,-23.9094,-43.3670,20.0177,48.9462,16.5276,36.2789,9.4236,43.4777,0.830016,0.002583,0.001497,0.895662,0.562079,-0.968324,0.000958,2.239e-11
39,-0.024051,0.016721,0.393799,0.936620,0.049067,-0.346893,0.049614,0.961588,0.269974,0.346816,-0.270074,0.898209,-25.6762,-45.9732,-24.6428,-54.8576,-25.3690,-31.4356,41.2728,43.6671,14.0817,55.5391,28.0785,23.9523,1.478815,-0.001549,0.001463,0.886582,0.820703,0.868048,-0.002033,8.674e-12
40,-0.010529,0.004873,0.386062,0.961654,-0.061253,-0.267337,-0.062375,0.900353,-0.430666,0.267077,0.430827,0.862008,-25.4829,-29.3590,-26.2813,-53.6167,-21.8281,-52.8934,21.6800,21.1265,1.7130,57.1696,27.7145,57.2665,2.574063,-0.003536,-0.009923,0.889368,-2.956774,1.014541,0.029213,4.369e-11
41,-0.003828,-0.026081,0.422088,0.999590,-0.004570,-0.028256,-0.001812,0.975088,-0.221813,0.028566,0.221773,0.974680,-11.5611,-14.7572,-11.2652,-21.8624,-12.7338,-26.3795,10.6514,12.9816,18.8957,20.6464,5.8482,26.1001,0.569437,0.000522,0.001519,0.946743,-0.323077,0.110979,0.002979,7.535e-12
42,0.008009,0.058382,0.392795,0.999237,0.022802,0.031708,-0.038007,0.754544,0.655148,-0.008986,-0.655853,0.754835,-17.5544,-50.4323,-20.6334,-31.4192,-17.4575,-13.3178,0.1170,51.4274,32.5755,27.0024,39.0332,7.6055,2.365583,0.002051,-0.004500,0.916206,2.620924,1.086647,-0.034778,6.698e-12
43,0.008406,-0.014909,0.395113,0.992764,0.011414,0.119535,0.011079,0.982518,-0.185836,-0.119566,0.185816,0.975283,-28.6860,-45.3136,-29.0613,-44.7554,-28.7747,-55.0487,35.6500,38.4791,51.4287,37.6433,34.5255,51.4268,0.654220,0.000532,-0.000568,0.870423,-0.287653,-0.269235,0.000645,2.390e-12
44,0.007597,-0.042295,0.391551,0.980888,0.073690,0.180081,0.056948,0.776257,-0.627839,-0.186055,0.626095,0.757224,-18.4373,-18.8650,-17.7867,-27.4093,-18.3739,-54.2888,21.1241,14.6552,12.1300,25.7685,5.9165,59.6325,2.550396,-0.000483,0.000861,0.917694,-2.807643,-1.330354,0.000443,6.105e-12
45,0.040398,0.064120,0.400680,0.941544,-0.070079,0.329520,-0.101597,0.873521,0.476067,-0.321205,-0.481716,0.815338,-20.1665,-46.2453,-21.3004,-17.4313,-15.2179,-19.6094,30.7804,38.4250,48.0103,7.6011,52.7339,11.8788,1.589654,-0.002074,-0.005538,0.915075,1.082188,-0.411852,-0.036173,5.082e-12
46,-0.039326,0.036529,0.375604,0.818017,0.168272,-0.550030,0.163753,0.848551,0.503137,0.551393,-0.501643,0.666573,-23.7815,-45.3633,-26.9122,-58.6517,-24.8228,-15.9456,34.5546,38.7375,59.7078,54.5469,44.2942,3.4611,3.087631,0.003356,-0.002946,0.885839,2.834814,3.205791,-0.000247,5.920e-12
47,0.048913,0.028893,0.392129,0.854931,-0.082435,0.512150,-0.103479,0.940348,0.324094,-0.508316,-0.330075,0.795403,-24.3143,-53.7298,-23.6017,-19.9490,-21.4066,-35.3172,31.7621,49.0571,52.1314,9.1887,46.0992,28.1145,2.012677,-0.002782,-0.002798,0.895921,1.512223,-1.528258,-0.014588,6.068e-12
48,0.051165,0.016363,0.377505,0.674690,-0.092892,0.732233,-0.061318,0.981566,0.181022,-0.735550,-0.167033,0.656556,-24.0755,-53.7938,-20.8795,-11.4107,-20.8511,-44.0191,55.0402,52.5464,16.6600,1.9992,29.5379,39.9652,3.195239,-0.005275,-0.000324,0.900232,0.446566,-4.565451,0.002429,6.935e-10
49,-0.011508,0.016207,0.394873,0.980777,-0.004950,0.195068,-0.001656,0.999431,0.033686,-0.195123,-0.033361,0.980211,-25.5276,-50.3788,-28.0395,-40.7027,-27.1263,-48.6802,52.0920,48.0532,6.4574,33.4867,36.5347,47.0384,1.367442,0.004839,-0.001923,0.878894,-0.884958,-2.148849,-0.013627,1.996e-11
50,-0.012337,0.008130,0.394593,0.986522,0.018019,0.162636,0.015929,0.978622,-0.205048,-0.162854,0.204875,0.965145,-24.3640,-41.8110,-27.0899,-39.7593,-25.0684,-52.5660,49.5194,37.4890,1.2784,33.9286,32.9838,53.9945,1.737534,0.004054,-0.004100,0.884973,-2.076369,-2.072616,0.004614,2.443e-11
51,-0.022964,-0.015608,0.387060,0.997100,0.005258,-0.075919,0.003488,0.993405,0.114609,0.076021,-0.114542,0.990505,-31.2377,-57.3996,-31.1885,-57.8234,-34.1687,-51.4363,58.7907,55.7693,42.3483,52.5300,14.9529,44.2142,1.068377,0.003822,0.006779,0.855265,1.374349,-0.787707,-0.017947,1.383e-11
52,0.008085,0.018688,0.392974,0.971495,0.021336,-0.236099,0.019739,0.985202,0.170254,0.236238,-0.170061,0.956698,-28.1849,-48.3292,-25.6618,-54.6803,-25.5897,-39.4354,10.6139,45.6647,17.8439,57.2219,43.7485,34.2686,1.487600,-0.006473,-0.000229,0.880887,-0.089676,1.890355,0.024694,1.772e-11
53,-0.066840,0.014472,0.381366,0.676458,0.074420,-0.732712,0.056952,0.986617,0.152788,0.734276,-0.145084,0.663166,-15.2593,-23.8736,-21.7102,-56.9353,-20.8698,-15.3342,5.4853,19.2925,41.1252,54.7342,42.1394,9.3528,2.945343,0.009183,-0.001245,0.912361,0.609606,4.211369,-0.007276,7.501e-12
54,-0.018773,-0.037396,0.400284,0.967707,-0.065964,-0.243292,-0.044277,0.905668,-0.421669,0.248157,0.418825,0.873501,-19.4759,-18.7049,-20.3092,-41.7249,-22.3302,-41.4275,21.0273,11.2410,40.4857,37.2881,36.8635,37.9803,1.727511,0.002796,0.002777,0.906690,-1.602519,1.577080,0.012642,7.286e-12
55,-0.025854,-0.043651,0.411264,0.976656,-0.066482,-0.204263,-0.018593,0.921171,-0.388714,0.214004,0.383437,0.898431,-12.0707,-11.1508,-14.6629,-31.3868,-16.9720,-31.8138,2.6720,7.7304,37.9112,27.5393,16.8645,31.4394,1.360228,0.004783,0.002703,0.934446,-0.733451,1.262163,0.046460,3.039e-12
56,-0.002659,0.010979,0.399404,0.986424,-0.001042,-0.164213,-0.003060,0.999690,-0.024729,0.164187,0.024896,0.986115,-25.4129,-40.9494,-25.0094,-49.0203,-24.0559,-42.2619,21.0828,36.8691,14.2615,49.0499,37.7781,39.7968,0.899088,-0.002075,-0.001972,0.888377,-0.934917,0.971197,0.006110,1.124e-11
57,-0.023927,-0.001697,0.394152,0.896190,-0.015045,-0.443415,-0.018506,0.997288,-0.071240,0.443284,0.072050,0.893481,-25.5368,-33.2494,-25.3629,-55.8828,-25.3292,-37.1475,35.8007,24.7895,35.9785,54.2915,43.0581,29.8680,1.793641,-0.000507,-0.000117,0.885546,-0.573724,2.226880,0.001005,6.280e-12
58,0.013164,-0.022612,0.402463,0.992838,0.010483,0.119008,0.037192,0.919521,-0.391276,-0.113532,0.392900,0.912546,-19.7371,-25.2081,-18.7588,-30.4975,-21.2541,-46.2295,13.4581,21.0075,11.7436,25.8806,52.7909,44.9392,1.760123,0.000295,0.003567,0.910032,-2.913578,0.152264,0.007919,7.663e-12
59,-0.038261,0.020816,0.395345,0.881012,0.063600,-0.468799,0.056113,0.969880,0.237034,0.469754,-0.235135,0.850907,-22.6635,-36.8981,-24.2940,-52.7227,-23.7365,-24.0359,43.9147,30.1200,33.3974,49.1720,44.1187,14.2282,1.788260,0.002152,-0.000797,0.893907,0.694533,1.848322,-0.003300,1.645e-11
60,-0.103084,-0.004212,0.371365,0.522874,-0.050111,-0.850936,0.010183,0.998566,-0.052548,0.852349,0.018811,0.522635,-16.4648,-15.8430,-24.2334,-62.5158,-22.5430,-17.3537,59.2840,4.7211,50.7936,57.1109,25.7022,8.8522,2.837275,0.008777,-0.001560,0.904962,0.419079,2.543814,0.063758,4.729e-12
61,-0.017287,-0.037122,0.390524,0.947813,-0.096077,-0.304005,-0.088632,0.836529,-0.540707,0.306258,0.539434,0.784358,-21.4823,-17.8872,-21.4678,-47.8838,-21.0458,-48.1048,22.2853,9.9080,31.0110,49.2016,9.0720,49.4683,2.292738,-0.000596,-0.000841,0.903852,-1.914101,1.413983,-0.002632,1.014e-11
62,0.010609,-0.017730,0.407979,0.983265,0.025300,0.180415,0.005673,0.985578,-0.169126,-0.182092,0.167319,0.968941,-21.7778,-32.6581,-20.2991,-28.7712,-20.2024,-41.4284,47.9340,26.6202,35.4459,23.6338,11.5513,38.0760,1.000723,-0.002412,-0.000075,0.906594,0.022875,-1.561052,-0.010679,1.359e-11
63,0.019808,-0.007935,0.388816,0.984875,0.003165,0.173238,0.003291,0.999311,-0.036966,-0.173235,0.036977,0.984186,-32.7810,-56.8637,-32.3458,-49.9920,-32.7821,-58.7937,27.9384,51.4684,57.7104,42.5886,45.7055,53.3983,0.493073,-0.000549,0.000954,0.853376,0.232506,0.134556,0.002671,6.342e-12
64,0.007479,0.019810,0.416881,0.997560,-0.002382,0.069772,-0.010047,0.984117,0.177238,-0.069086,-0.177507,0.981692,-15.4621,-31.6939,-16.9529,-23.9249,-13.0733,-22.4152,18.2540,28.2572,36.8308,21.3058,1.7553,21.2813,0.742325,-0.000633,-0.004579,0.931778,1.398365,-0.197302,-0.006655,8.973e-12
65,-0.014849,0.010326,0.384979,0.971298,0.058879,-0.230466,0.073815,0.846442,0.527340,0.226125,-0.529216,0.817801,-25.0561,-53.4141,-23.8302,-49.4478,-25.3660,-24.0761,37.8053,53.3574,50.0893,47.8356,8.7443,13.4921,2.789148,-0.000797,0.003074,0.887883,4.018590,0.806419,-0.019784,2.920e-11
66,-0.029081,0.016292,0.390255,0.999340,0.004613,-0.036020,0.008522,0.934413,0.356090,0.035300,-0.356162,0.933757,-26.4625,-57.4142,-27.4269,-49.5129,-29.2863,-38.5558,59.7928,58.7483,9.1140,44.8941,22.6874,31.9861,1.638725,0.004752,0.003873,0.875263,1.220530,-1.571063,-0.040686,1.863e-11
67,-0.020566,0.054348,0.384337,0.928847,0.148962,-0.339195,0.120270,0.744752,0.656415,0.350397,-0.650504,0.673845,-19.6242,-48.3891,-20.3489,-47.1883,-19.9622,-10.4178,17.0178,50.2534,3.1355,48.2672,41.5097,1.7420,2.707490,0.000735,-0.000657,0.909815,1.980450,1.905307,-0.002935,4.479e-12
68,0.025582,-0.021966,0.397533,0.942693,0.050680,0.329790,0.052406,0.953641,-0.296350,-0.329520,0.296649,0.896334,-24.4961,-36.7112,-23.8907,-29.3380,-24.3433,-52.6848,32.6284,29.8062,45.0258,20.4798,39.1354,49.8541,1.507948,-0.000617,0.000628,0.890936,-1.139171,-1.126235,0.000527,1.062e-10
69,-0.013180,0.013250,0.399341,0.946253,0.036758,-0.321333,0.017096,0.986447,0.163186,0.322977,-0.159909,0.932800,-22.5509,-37.7381,-24.5343,-48.3814,-24.3004,-29.2822,9.9752,31.6483,52.4827,43.1378,58.3481,21.0267,1.695810,0.003015,-0.000436,0.892556,0.523521,3.006757,-0.003630,4.693e-12
70,0.067197,-0.037197,0.380910,0.728203,0.122745,0.674280,0.231708,0.881808,-0.410762,-0.645005,0.455354,0.613694,-19.2612,-27.8259,-14.0504,-7.8767,-19.8438,-54.8947,6.2313,26.8475,8.8873,0.3459,56.1740,54.3100,3.000979,-0.004226,0.007211,0.919606,-3.111211,-2.052344,0.064431,7.314e-12
71,0.019303,0.021839,0.390112,0.940883,-0.063708,0.332686,-0.062076,0.933090,0.354244,-0.332994,-0.353954,0.873974,-27.2055,-60.2275,-27.4295,-34.9760,-28.0339,-41.0244,37.9038,58.6168,38.9202,24.9341,50.4855,33.0350,1.794169,0.001163,0.001145,0.876008,1.313202,-1.338488,-0.000861,1.038e-11
72,0.081400,0.116013,0.377127,0.857444,-0.167973,0.486389,-0.213739,0.743564,0.633584,-0.468086,-0.647223,0.601662,-19.7285,-48.4900,-19.5063,-4.4403,-3.6265,-9.7608,36.4885,36.2551,47.5812,0.1632,18.2866,6.7469,2.228832,-0.006780,-0.011045,0.936019,1.162081,-0.741660,-0.058424,1.711e-12
73,-0.009193,-0.011191,0.417299,0.997046,-0.013330,-0.075645,0.003266,0.991292,-0.131641,0.076741,0.131005,0.988407,-15.9597,-22.4116,-18.6043,-29.2875,-15.5877,-29.2493,23.7562,14.9804,59.3815,24.3446,1.3851,27.7122,0.777351,0.001468,-0.003290,0.924852,0.875443,0.398893,0.015602,1.758e-11
74,-0.012524,-0.017831,0.404937,0.963067,-0.024703,-0.268128,-0.000679,0.995557,-0.094158,0.269262,0.090862,0.958771,-20.6396,-29.6260,-21.5498,-44.2548,-21.0046,-34.3679,14.0841,24.2719,55.0584,42.6993,10.6026,31.1023,1.296852,0.001105,-0.000697,0.905103,1.011497,1.882107,0.003388,7.355e-12
75,0.067262,-0.041734,0.383896,0.772605,0.106710,0.625854,0.181073,0.907795,-0.378313,-0.608517,0.405612,0.682045,-22.9012,-30.0796,-15.1693,-11.0158,-21.6831,-53.5424,36.0201,25.6976,15.8173,2.6560,59.1982,47.5819,2.626217,-0.006517,0.007458,0.909891,-2.505226,-2.307278,0.054681,6.393e-12
76,-0.008063,-0.035852,0.400181,0.998939,0.026177,0.037889,-0.007842,0.907413,-0.420167,-0.045380,0.419424,0.906655,-23.0043,-26.9264,-22.0610,-36.0217,-22.4530,-49.3641,58.2746,18.8564,33.5541,31.3169,7.7192,47.3328,1.551047,-0.001159,0.000664,0.898682,-1.050285,-1.569672,-0.008524,8.874e-12
77,-0.008047,0.028489,0.388578,0.977835,0.062827,-0.199730,0.058467,0.834042,0.548595,0.201050,-0.548113,0.811882,-24.0271,-53.0563,-23.2195,-47.5360,-24.1673,-22.6536,25.7836,53.5389,29.3878,46.2299,31.4233,13.0580,2.383322,-0.000799,0.001851,0.892602,2.627930,1.167454,0.002848,1.582e-11
78,-0.046486,0.037781,0.407271,0.929882,0.108945,-0.351355,0.022360,0.936632,0.349601,0.367177,-0.332944,0.868521,-11.5627,-28.8814,-17.7786,-36.9303,-17.4418,-10.6368,3.8686,28.3012,15.7287,31.1041,55.9504,5.1698,1.615580,0.007445,-0.000666,0.929785,0.207611,1.823481,-0.083284,3.602e-12
79,0.004555,0.014634,0.406038,0.997239,-0.007703,0.073857,-0.006137,0.982653,0.185353,-0.074004,-0.185295,0.979892,-22.5164,-43.5551,-22.4958,-35.3555,-22.2742,-33.8623,32.7023,40.5104,27.3690,30.2295,34.9133,28.2737,0.653632,-0.000213,-0.000314,0.899210,0.564146,-0.380052,0.000408,5.678e-10
80,-0.018012,-0.016547,0.412309,0.985466,-0.015622,-0.169153,-0.011342,0.987489,-0.157277,0.169493,0.156910,0.972960,-19.8921,-24.3074,-20.2284,-36.1167,-19.7617,-32.5379,51.0982,15.1150,46.9515,30.5406,18.6426,26.3515,0.590795,0.000136,-0.000528,0.910323,0.165893,0.043552,0.003852,8.181e-10
81,0.052630,-0.014192,0.398975,0.838423,0.031185,0.544127,0.069974,0.983940,-0.164212,-0.540509,0.175754,0.822776,-20.3508,-34.2645,-15.7488,-13.2372,-18.5044,-43.9423,26.5761,32.0082,11.6277,7.2358,40.4935,40.9485,1.983676,-0.004903,0.003397,0.917866,-1.417440,-2.116371,0.027606,6.056e-12
82,-0.006939,0.000651,0.386867,0.975194,-0.016249,-0.220755,-0.016087,0.989462,-0.143894,0.220767,0.143876,0.964656,-34.1940,-48.1162,-33.6383,-61.9502,-32.1825,-55.6906,51.5371,36.9897,45.3771,57.4602,52.6232,48.6556,1.181556,-0.003108,-0.003066,0.850154,-0.908928,0.918524,0.004547,1.314e-11
83,0.007078,-0.051225,0.387444,0.987871,0.071392,0.137888,0.041473,0.734454,-0.677390,-0.149633,0.674893,0.722586,-19.6940,-15.8416,-16.6535,-27.7274,-20.0376,-54.5385,36.8766,10.1087,4.1229,25.0108,25.6453,55.7015,2.789711,-0.002017,0.004941,0.914669,-3.690226,-1.391073,-0.007248,3.842e-12
84,0.016824,-0.013438,0.390976,0.999217,0.001760,-0.039530,0.002292,0.994759,0.102222,0.039503,-0.102232,0.993976,-29.7903,-54.0300,-26.4376,-53.1600,-29.1035,-48.7133,6.5410,54.7230,40.0914,54.4863,18.1768,44.4094,1.047156,-0.005625,0.006414,0.872154,1.106714,0.974380,0.006051,1.207e-11
85,0.007667,0.029044,0.391337,0.992017,0.021128,-0.124325,0.020084,0.946812,0.321160,0.124498,-0.321093,0.938829,-28.8434,-55.6012,-27.0015,-52.8592,-27.3792,-38.6135,18.0282,54.3565,14.3007,52.7059,52.2977,31.9241,1.296412,-0.004186,0.000780,0.875309,0.206193,1.177564,0.025035,1.012e-11
86,-0.017740,0.088169,0.394954,0.994399,0.075755,-0.073696,-0.009389,0.757863,0.652346,0.105269,-0.648000,0.754330,-14.0412,-42.7140,-22.7875,-29.1635,-14.0159,-5.9056,13.2061,37.4388,46.4961,19.9710,45.8124,1.2296,1.977596,0.004489,-0.008466,0.923740,1.703249,0.860276,-0.092182,4.057e-12
87,0.043542,0.013070,0.371386,0.624034,0.018093,0.781188,0.067545,0.994741,-0.076996,-0.778473,0.100813,0.619530,-23.1909,-50.8129,-23.9711,-13.9575,-24.2257,-57.2725,29.8821,50.3836,6.0987,1.4914,57.7651,58.3909,3.551330,0.001746,-0.000357,0.891902,-2.186919,-4.046809,-0.047386,3.020e-11
88,-0.020827,0.021504,0.392257,0.998260,-0.009766,0.058143,-0.006652,0.961228,0.275675,-0.058581,-0.275582,0.959491,-26.6500,-56.8300,-28.3489,-46.8938,-28.9826,-42.3750,55.2086,56.8525,7.1575,41.0028,33.3630,37.3598,1.328096,0.004957,0.001270,0.874103,0.393987,-1.662087,-0.028123,1.580e-11
89,0.013650,0.010658,0.393158,0.992078,-0.009856,0.125239,-0.010877,0.986435,0.163795,-0.125154,-0.163859,0.978512,-30.9859,-56.6918,-30.7276,-46.7340,-31.1419,-48.1148,38.7412,50.8090,50.2935,37.7423,59.7611,39.1925,0.634038,-0.000118,0.000803,0.860936,0.442621,0.065356,0.002509,7.231e-12
90,-0.033746,0.033732,0.387854,0.832789,0.110323,-0.542486,0.076666,0.947514,0.310386,0.548255,-0.300076,0.780622,-23.8948,-39.6331,-23.7703,-57.9214,-23.9820,-22.9255,36.4341,34.8812,8.4307,58.3816,55.4859,13.0358,2.317113,-0.000187,0.000110,0.892352,-0.083226,2.489609,0.005783,6.446e-12
91,0.020116,-0.054075,0.408716,0.978045,0.023695,0.207044,0.071013,0.896159,-0.438014,-0.195923,0.443100,0.874801,-16.4053,-17.3463,-15.7564,-20.0424,-19.3466,-41.3376,11.0470,11.0711,58.4955,10.7543,36.4276,37.4221,1.326091,0.001214,0.003478,0.922843,-0.726354,0.247220,0.052916,1.337e-11
92,0.013852,-0.006242,0.408542,0.975198,0.011459,0.221037,0.009146,0.995720,-0.091973,-0.221145,0.091713,0.970919,-21.6771,-33.8379,-18.4161,-26.1936,-19.5341,-38.6484,57.6815,29.1151,8.6874,22.0074,24.2787,33.8858,1.139405,-0.004163,0.001501,0.910393,-0.798553,-2.203986,-0.001017,6.946e-12
93,-0.014203,-0.020144,0.390341,0.952776,-0.054585,-0.298726,-0.050315,0.941740,-0.332558,0.299475,0.331884,0.894521,-29.0560,-32.7797,-28.8553,-55.6933,-28.4061,-50.6448,46.7113,20.2815,53.6832,50.7164,46.2138,43.9364,1.735636,-0.000954,-0.000833,0.870503,-1.328683,1.553457,-0.002087,8.866e-12
94,0.045303,-0.043613,0.399498,0.912508,0.081768,0.400804,0.086255,0.919326,-0.383927,-0.399863,0.384907,0.831839,-22.1572,-26.9158,-17.5870,-18.4343,-21.0502,-48.1130,35.6279,19.2442,46.0891,9.7195,41.3916,42.1488,1.653611,-0.003650,0.003838,0.908832,-1.148620,-1.094641,0.004687,7.436e-12
95,-0.037737,0.036287,0.417642,0.975106,0.051923,-0.215574,0.012776,0.957426,0.288397,0.221371,-0.283972,0.932928,-10.4335,-25.0299,-16.1396,-27.5841,-14.2379,-9.8697,17.2886,21.9735,22.1141,20.3583,44.1835,4.8448,0.965101,0.004331,-0.001561,0.938893,0.216109,0.580487,-0.046608,9.794e-10
96,0.061913,0.014640,0.410542,0.921638,-0.041308,0.385845,-0.008068,0.992064,0.125478,-0.387966,-0.118758,0.913990,-21.1817,-33.3061,-13.2072,-12.1272,-12.6686,-26.8657,56.4356,26.3112,14.5249,9.9478,25.0637,18.6863,1.198811,-0.008553,-0.000590,0.929484,0.117922,-1.508825,0.035049,1.056e-11
97,-0.009939,-0.018309,0.387054,0.993935,-0.006555,-0.109770,-0.007014,0.992410,-0.122776,0.109742,0.122802,0.986345,-33.2904,-52.2335,-32.8489,-60.3994,-33.5360,-58.6419,48.4171,46.0767,49.9245,56.3099,23.9099,53.4688,0.484134,-0.000260,0.001583,0.850731,0.297025,0.047963,-0.003609,9.446e-12
98,0.020430,-0.029873,0.418116,0.983828,0.027887,0.176929,0.020271,0.964122,-0.264685,-0.177963,0.263991,0.947965,-13.3364,-17.9971,-9.9936,-16.8354,-12.5496,-31.9619,12.6828,17.6798,4.5579,17.1954,4.7010,32.4191,0.961267,-0.002771,0.002994,0.946208,-0.821463,-0.757587,-0.007239,8.698e-12
99,-0.052598,-0.029865,0.378928,0.737623,-0.162631,-0.655334,-0.203807,0.871665,-0.445715,0.643719,0.462332,0.609815,-16.8705,-7.1962,-17.2758,-54.4628,-19.9738,-34.9797,21.1968,1.0605,1.7615,58.0583,30.7206,33.4358,3.240668,0.003260,0.003689,0.917922,-3.040833,2.953383,-0.007999,1.401e-11
100,-0.005767,0.020840,0.383116,0.991003,0.042258,-0.126994,0.045070,0.788068,0.613936,0.126024,-0.614136,0.779073,-24.1125,-56.1773,-23.5668,-45.0328,-24.3483,-21.6810,29.8342,56.9866,51.2508,42.2929,14.1413,11.4393,2.957356,-0.000319,0.001655,0.891080,4.283099,0.738733,-0.002982,2.533e-11
101,-0.039532,-0.037946,0.387749,0.839527,-0.151887,-0.521656,-0.119273,0.885188,-0.449685,0.530065,0.439742,0.725023,-16.9531,-11.3475,-19.2064,-50.2496,-21.1293,-36.5322,6.3184,4.6771,34.2942,49.5131,33.6539,34.7110,2.715097,0.005095,0.002906,0.913386,-1.952858,3.242414,0.011080,4.908e-12
102,0.070009,-0.061143,0.406959,0.888312,0.080116,0.452199,0.102896,0.924910,-0.365998,-0.447566,0.371650,0.813364,-15.4214,-14.9090,-5.1519,-3.6208,-12.8229,-35.4413,18.4955,13.1328,12.9023,1.9082,25.2150,29.7460,1.515179,-0.005761,0.005863,0.950036,-0.698128,-0.695103,0.028918,5.043e-12
103,0.001731,-0.020602,0.388235,0.964639,-0.059752,-0.256711,-0.050228,0.914443,-0.401586,0.258744,0.400280,0.879106,-28.2946,-31.4363,-27.4927,-54.4364,-26.0620,-53.0290,21.8414,20.6227,49.2547,53.2104,38.0444,50.3570,2.118012,-0.003545,-0.002726,0.877065,-1.571311,2.133437,-0.020054,2.199e-11
104,0.017729,-0.000170,0.403133,0.999906,-0.003534,0.013224,0.005315,0.990531,-0.137184,-0.012614,0.137241,0.990457,-23.5213,-36.6851,-23.4611,-39.6991,-23.2000,-43.8146,1.8428,31.6719,33.2349,35.9813,53.3949,41.2209,0.979145,-0.000514,-0.000499,0.894667,-1.315787,1.560308,-0.003827,2.100e-11
105,0.014562,-0.000729,0.393284,0.963589,-0.027568,0.265962,-0.034511,0.973528,0.225946,-0.265151,-0.226897,0.937130,-27.2939,-56.0503,-27.3091,-37.8657,-28.4571,-43.9778,37.6053,53.8105,56.0433,28.8174,30.0658,36.7325,1.602407,0.001243,0.002236,0.875345,1.976641,-1.049390,0.008945,1.295e-11
106,0.019655,-0.000186,0.368826,0.648305,0.016950,0.761192,0.018606,0.999101,-0.038094,-0.761153,0.038860,0.647407,-22.5940,-53.1968,-24.4365,-15.4126,-24.3426,-55.5208,58.2145,54.2446,11.6848,3.2318,16.5399,57.3649,3.909694,0.004176,-0.000233,0.891299,-0.365336,-5.735584,-0.003673,6.232e-11
107,-0.008292,-0.045788,0.385583,0.970683,-0.081268,-0.226207,-0.072609,0.798001,-0.598266,0.229133,0.597151,0.768706,-24.7980,-22.2976,-24.5577,-50.3603,-23.4226,-55.9139,24.6895,12.8599,49.4856,50.8654,0.2875,57.7250,2.222089,-0.001941,-0.002221,0.890852,-1.321846,1.167483,-0.015788,1.313e-11
108,0.017797,-0.009758,0.412783,0.979481,0.011551,0.201204,0.010731,0.993951,-0.109302,-0.201250,0.109219,0.973432,-18.9290,-29.8051,-16.1587,-23.5309,-17.4275,-35.5312,36.3637,26.5125,11.9187,20.3461,22.5489,32.2712,0.874420,-0.003161,0.001628,0.921235,-0.680438,-1.319802,-0.000496,7.801e-12
109,0.003431,0.002652,0.403606,0.999886,0.002172,-0.014925,0.000710,0.981705,0.190405,0.015066,-0.190394,0.981592,-21.9111,-44.4122,-21.2550,-40.1235,-22.1328,-34.4595,11.7037,45.5682,25.4892,39.7408,13.6218,31.5754,0.928638,-0.000512,0.001760,0.902116,1.306484,0.384930,0.001747,1.618e-11
110,0.016584,-0.057436,0.389082,0.970272,0.114161,0.213399,0.049080,0.770617,-0.635406,-0.236988,0.626990,0.742105,-21.1661,-17.5227,-15.0949,-23.7186,-20.0548,-53.2071,56.2842,11.2987,1.4387,20.7344,24.6193,50.9737,2.642174,-0.005112,0.006845,0.914782,-3.245315,-2.250565,-0.028103,7.893e-12
111,-0.016974,-0.015669,0.392913,0.971731,0.025832,0.234673,0.021633,0.980073,-0.197457,-0.235097,0.196951,0.951808,-23.4865,-44.2647,-26.7298,-38.6314,-26.2496,-54.5539,47.3900,43.2276,20.3180,32.3812,0.9089,57.1394,1.781192,0.007464,-0.000910,0.885184,-0.265525,-2.570187,0.031080,2.604e-11
112,0.003250,0.019110,0.407485,0.998306,-0.010801,0.057163,-0.003520,0.969594,0.244695,-0.058068,-0.244482,0.967914,-21.9779,-41.4454,-22.3063,-32.3822,-19.5498,-28.6062,48.2321,35.2073,46.5961,26.6349,15.7910,22.1806,1.058996,-0.001550,-0.003587,0.904191,1.788871,-0.764325,0.004455,2.253e-11
113,0.026556,-0.054038,0.394057,0.954635,0.095620,0.282008,0.077937,0.833799,-0.546540,-0.287398,0.543725,0.788521,-22.4123,-23.7176,-19.8681,-25.0276,-21.9613,-54.1554,36.2672,15.0920,52.5229,17.3661,23.2143,51.6940,1.932622,-0.002200,0.002748,0.903617,-1.387426,-1.100970,-0.012903,8.434e-12
114,-0.097099,0.035693,0.382489,0.681194,0.107211,-0.724210,0.122614,0.958539,0.257232,0.721762,-0.264023,0.639805,-11.6027,-22.6781,-22.9082,-51.9599,-18.4653,-7.1060,29.0280,16.0145,44.7836,44.9624,33.7900,1.6445,2.429228,0.010534,-0.004376,0.920416,0.963739,2.344961,0.016939,3.371e-12
115,0.025305,-0.013073,0.395963,0.917878,0.049895,0.393715,0.051670,0.968596,-0.243210,-0.393486,0.243580,0.886475,-22.5010,-40.2192,-23.4233,-28.4039,-22.8601,-53.3906,12.2511,37.9510,30.5701,22.2270,25.3238,55.6902,1.659105,0.001452,-0.001126,0.896854,-0.995381,-1.275997,-0.002203,1.291e-11
116,0.024030,0.038970,0.397293,0.959934,-0.064174,0.272781,-0.059174,0.905054,0.421161,-0.273909,-0.420428,0.864994,-23.6976,-53.5791,-23.5330,-29.2258,-22.8874,-30.6927,30.5281,51.1866,27.4787,20.7797,58.6301,22.4615,1.500428,-0.000777,-0.000907,0.894921,0.867278,-0.742975,0.002247,1.392e-11
117,-0.035051,0.009257,0.398854,0.912113,0.036795,-0.408285,0.062255,0.971979,0.226674,0.405185,-0.232170,0.884264,-21.6676,-36.9969,-22.2051,-49.6370,-21.5251,-24.4258,45.0928,32.7481,31.9043,49.2583,9.5966,17.3894,1.696960,0.000415,-0.000915,0.901836,1.760892,0.940036,0.004631,9.141e-10
118,-0.023717,-0.008511,0.390973,0.942838,0.023385,-0.332430,0.024928,0.989791,0.140329,0.332318,-0.140594,0.932630,-28.2911,-47.3547,-26.4291,-58.8446,-28.4779,-39.8292,45.8039,44.8447,32.1210,59.4453,11.1773,32.4772,1.470730,-0.002024,0.004436,0.875308,1.376730,0.610320,-0.024963,1.860e-11
119,-0.004968,0.102853,0.411259,0.996849,-0.008284,-0.078889,0.042813,0.893421,0.447176,0.066777,-0.449144,0.890960,-11.6294,-26.4572,-18.5779,-17.6902,-2.6887,-2.2432,38.4692,13.3019,46.5381,13.5263,0.2320,2.5464,1.112957,-0.000444,-0.007886,0.950941,0.174792,0.011950,0.065591,2.186e-10
120,0.007431,-0.000520,0.394409,0.924503,-0.001441,0.381171,-0.001457,0.999972,0.007315,-0.381171,-0.007318,0.924476,-21.5948,-50.3470,-24.1064,-32.5521,-24.2235,-49.9531,10.4082,54.6731,10.8919,28.2927,9.7785,54.0131,1.693737,0.006751,0.000270,0.895156,0.071496,-1.774860,0.001116,1.955e-11
121,0.006800,0.012100,0.392470,0.998259,0.012365,-0.057680,0.010942,0.922005,0.387024,0.057967,-0.386982,0.920264,-25.9202,-55.3931,-23.7147,-47.7915,-26.1988,-34.7483,11.8690,58.4095,21.6170,48.2310,26.9256,28.5350,1.697982,-0.002476,0.005423,0.886293,1.644455,0.761384,0.013978,1.791e-11
122,-0.070398,-0.019686,0.389827,0.730667,-0.101892,-0.675088,-0.034428,0.982044,-0.185483,0.681866,0.158768,0.714039,-14.4721,-13.9632,-20.3929,-52.5440,-19.5668,-23.2434,21.2507,6.8652,48.8527,50.1023,15.0278,19.9143,2.434563,0.007891,-0.000653,0.918020,0.173824,2.910787,0.052016,6.836e-12
123,-0.003236,0.015188,0.402162,0.998362,0.006707,-0.056812,0.005679,0.976578,0.215087,0.056924,-0.215058,0.974941,-25.3612,-45.7994,-25.5779,-42.7489,-25.3167,-34.5307,41.5914,40.0094,41.8084,36.1257,44.8744,25.7881,0.776774,0.000134,-0.000357,0.885757,0.847026,0.315921,-0.000202,2.192e-10
124,0.065635,0.044543,0.387819,0.817300,-0.148249,0.556816,-0.102789,0.913326,0.394042,-0.566971,-0.379285,0.731223,-26.1000,-53.4788,-21.5510,-14.5706,-19.1196,-31.6642,56.0248,45.9892,36.4141,4.7609,56.2738,20.9597,2.180066,-0.007207,-0.002824,0.899738,0.867393,-2.145671,0.042246,5.544e-12
125,-0.020915,-0.040749,0.406399,0.978966,-0.043204,-0.199396,-0.037321,0.922909,-0.383206,0.200580,0.382587,0.901884,-19.4497,-18.2910,-19.7008,-37.8970,-20.0113,-38.8519,44.7718,9.1140,51.9747,33.7134,4.6357,35.2712,1.069829,0.000578,0.000384,0.911399,-0.151253,0.230302,0.004788,2.515e-12
126,0.090348,-0.080859,0.393855,0.845177,0.184997,0.501450,0.121248,0.847370,-0.516974,-0.520553,0.497734,0.693747,-17.4743,-11.0094,-2.8889,0.2926,-11.0147,-40.2157,30.4801,7.1983,15.0632,0.9442,7.2547,34.4239,1.947312,-0.008782,0.006132,0.953126,-0.672748,-0.920893,-0.081911,7.943e-12
127,-0.042193,-0.007172,0.394463,0.839385,-0.028623,-0.542783,-0.029717,0.994702,-0.098410,0.542725,0.098734,0.834087,-22.2786,-26.8117,-22.5169,-55.4000,-22.5890,-32.2503,44.1425,19.6762,23.8685,56.1944,20.9037,26.6067,1.852121,0.000409,0.000088,0.898915,-0.363771,1.713496,-0.000156,6.717e-12
128,0.005514,0.051445,0.386605,0.992276,-0.054955,0.111216,-0.037420,0.722166,0.690707,-0.118274,-0.689534,0.714531,-20.2830,-56.1852,-20.6938,-30.4298,-18.5755,-16.5155,31.7146,58.1286,21.3509,27.0827,18.5294,9.6497,2.720053,-0.000970,-0.003118,0.910139,3.304709,-0.951712,0.003917,4.306e-10
129,-0.005872,-0.013919,0.406396,0.991286,-0.014493,-0.130931,-0.008192,0.985224,-0.171075,0.131475,0.170657,0.976520,-21.6413,-30.2860,-22.0096,-40.7166,-22.2827,-39.2180,22.9634,24.1894,39.2207,36.8367,32.2830,35.3764,0.823744,0.000825,0.000402,0.901186,-0.513691,1.028818,0.002115,1.848e-11
130,0.036502,0.035100,0.413859,0.963185,-0.065959,0.260623,-0.019764,0.949440,0.313327,-0.268113,-0.306943,0.913182,-17.3536,-36.0034,-13.6972,-15.3897,-12.9782,-19.5087,33.2025,33.2840,3.8348,12.3072,37.9778,12.9048,1.166051,-0.004522,-0.000785,0.934034,0.168799,-0.916701,0.050438,1.652e-11
131,0.003375,0.021339,0.390038,0.981629,-0.037296,0.187119,-0.030644,0.937160,0.347550,-0.188322,-0.346899,0.918801,-29.8570,-60.7424,-30.1168,-42.7557,-30.8048,-42.2386,59.9633,56.2931,42.2224,31.8352,54.3268,31.5028,1.563280,0.001339,0.001254,0.863870,1.241324,-1.362911,-0.006056,1.036e-11
132,-0.035449,-0.041545,0.416574,0.980019,-0.040708,-0.194695,-0.016288,0.959122,-0.282525,0.198237,0.280051,0.939294,-11.3153,-11.2698,-13.9855,-27.7821,-18.1720,-26.1616,19.3033,7.0064,38.5097,19.4809,37.1727,20.8372,0.902284,0.004287,0.003316,0.934912,-0.449672,0.573064,0.028611,2.091e-11
133,0.015618,0.017489,0.398465,0.993073,0.003186,0.117455,0.004641,0.997789,-0.066304,-0.117407,0.066390,0.990862,-24.6435,-44.8780,-25.4375,-41.3311,-23.3330,-48.3402,4.9021,42.9248,7.5465,40.0353,41.4159,50.1171,0.901533,-0.000679,-0.004581,0.889961,-1.470913,0.231318,-0.012429,1.250e-11
134,-0.067248,-0.032057,0.382576,0.736266,-0.118382,-0.666257,-0.137632,0.937802,-0.318724,0.662548,0.326364,0.674178,-15.5588,-10.9629,-19.4442,-54.0419,-23.5650,-30.0115,16.5276,4.9274,28.7092,50.2118,54.3925,24.2012,2.772326,0.008674,0.005037,0.911461,-1.921815,3.373758,-0.012152,7.664e-12
135,0.013433,0.076209,0.376572,0.988791,-0.058906,0.137192,-0.074710,0.600354,0.796237,-0.129266,-0.797562,0.589224,-18.0855,-56.5402,-21.2974,-25.6248,-13.5482,-8.2955,22.6092,56.0055,42.8434,21.9555,5.6490,3.7328,3.180490,-0.001150,-0.010222,0.919644,4.382463,-0.528629,-0.007851,7.537e-12
136,-0.023458,-0.042062,0.397573,0.969416,-0.055623,-0.239039,-0.062670,0.885587,-0.460226,0.237289,0.461131,0.855016,-22.4407,-20.4379,-22.1912,-44.2571,-23.1479,-45.6277,50.0037,10.4866,44.3595,40.3359,15.7474,41.7838,1.544396,0.000383,0.001324,0.898420,-1.113475,0.322252,-0.003990,7.166e-12
137,-0.042115,0.060382,0.426673,0.995384,0.019473,-0.093973,-0.000387,0.980003,0.198981,0.095969,-0.198026,0.975487,-4.3848,-14.5426,-16.2695,-13.6441,-6.5119,-4.1309,12.9458,5.3227,55.7575,1.4133,27.2715,4.4774,0.685665,0.001535,-0.001889,0.959386,-0.527449,-0.442539,-0.027115,1.703e-10
138,0.014411,0.082960,0.388708,0.990699,-0.054312,0.124763,-0.052746,0.691923,0.720042,-0.125433,-0.719925,0.682623,-16.0786,-49.1048,-19.2075,-21.8070,-10.1422,-7.1559,22.4574,47.0310,31.3744,19.4481,4.4570,4.5701,2.522303,-0.001908,-0.010711,0.931445,3.162074,-0.561873,0.000823,6.187e-12
139,-0.020796,0.016255,0.393178,0.998420,0.006358,-0.055835,0.007210,0.970875,0.239478,0.055731,-0.239502,0.969295,-27.3757,-54.8022,-28.2039,-51.0346,-28.9637,-42.2415,50.1047,54.1432,11.3830,47.2241,30.1690,36.9340,0.964297,0.003032,0.001622,0.873350,0.468161,-0.895357,-0.016302,1.239e-11
140,-0.003734,-0.064195,0.375864,0.994802,-0.057732,-0.083883,-0.030596,0.616234,-0.786969,0.097124,0.785444,0.611264,-21.6136,-11.3323,-21.0085,-39.9318,-23.9352,-58.4048,25.0485,0.9854,41.6226,34.8997,37.9197,57.9604,3.091076,0.001195,0.004193,0.899513,-3.628686,0.939152,0.009176,6.418e-12
141,0.004716,-0.029063,0.389564,0.921377,0.115944,0.370975,0.072408,0.886556,-0.456920,-0.381867,0.447857,0.808456,-21.2696,-30.8162,-20.9885,-24.6676,-20.6988,-55.4636,55.9833,26.4886,9.5254,19.2864,2.5493,58.6900,2.742360,-0.000375,-0.000214,0.904722,-1.972386,-3.705186,0.023118,1.291e-11
142,-0.001110,-0.005833,0.387392,0.976863,-0.019878,0.212941,-0.019806,0.982984,0.182619,-0.212948,-0.182611,0.959847,-30.6966,-61.1729,-31.3815,-46.6547,-33.5660,-51.5448,53.8863,58.8146,52.8812,36.3526,33.0087,43.5546,1.547376,0.004245,0.004539,0.856571,1.535045,-1.429300,0.004156,2.070e-11
143,0.076446,-0.079302,0.366741,0.764029,0.238678,0.599410,0.248860,0.748140,-0.615106,-0.595255,0.619128,0.512203,-26.1669,-23.7614,-15.5061,-10.8379,-23.8387,-62.4190,51.1782,14.3724,45.9242,0.6969,53.7825,53.5143,2.923425,-0.007876,0.008653,0.901456,-2.269570,-2.077910,0.010945,5.081e-12
144,0.052830,-0.048616,0.397469,0.868580,0.117767,0.481352,0.125243,0.887648,-0.443166,-0.479461,0.445211,0.756244,-18.5278,-24.1417,-16.2634,-13.2172,-18.0981,-49.3489,1.8535,18.9962,58.3478,5.4455,23.0418,49.1742,1.814315,-0.001860,0.002176,0.920748,-0.731529,-0.623859,0.008083,7.706e-12
145,0.008477,0.002486,0.389241,0.962503,0.020672,0.270482,0.021308,0.988250,-0.151352,-0.270432,0.151441,0.950753,-29.7433,-51.6178,-31.9399,-43.2680,-30.4106,-59.6383,42.3921,45.0695,37.2576,33.4210,50.0117,57.4060,1.419256,0.003392,-0.003168,0.861955,-1.152571,-1.225078,-0.007243,1.697e-11
146,0.032012,-0.104570,0.363202,0.955938,0.158133,0.247338,0.130663,0.525284,-0.840835,-0.262887,0.836105,0.481477,-23.2860,-9.8681,-13.6775,-22.1036,-25.1565,-62.8843,54.2709,1.4236,27.0696,14.8011,50.6403,55.0353,3.183634,-0.004736,0.012703,0.906252,-3.595063,-1.307639,-0.021654,5.314e-12
147,0.045416,0.060133,0.409515,0.965593,-0.094161,0.242411,-0.025179,0.893917,0.447525,-0.258834,-0.438231,0.860789,-18.6905,-37.7447,-14.6407,-13.6778,-10.5052,-13.7019,47.4196,30.8565,12.8064,10.3415,38.4442,5.1414,1.367699,-0.005353,-0.003288,0.934376,0.438037,-0.683958,0.083663,1.144e-12
148,-0.002142,0.000793,0.400875,0.991243,-0.003212,-0.132015,-0.003529,0.998703,-0.050799,0.132007,0.050820,0.989945,-25.2681,-39.9700,-24.8797,-47.2551,-24.5421,-42.6208,24.2568,35.2835,27.3099,45.6339,33.6339,39.1445,0.682928,-0.001271,-0.000669,0.888099,-0.458218,0.868787,0.000540,2.240e-11
149,-0.007754,0.074897,0.413533,0.999560,0.026156,0.014007,-0.029612,0.850001,0.525948,0.001851,-0.526131,0.850401,-9.5546,-32.1555,-15.2138,-17.6575,-9.4408,-3.3451,7.2057,29.8613,15.9810,11.2818,43.5085,0.1047,1.343224,0.002215,-0.004136,0.948795,0.425425,0.220282,-0.072557,5.312e-10
150,0.014450,0.005781,0.388797,0.923280,-0.012735,0.383917,-0.012516,0.997922,0.063200,-0.383924,-0.063156,0.921202,-27.4631,-57.9296,-29.4717,-38.5061,-29.5441,-54.5756,25.8761,57.5582,31.2433,29.7816,38.8298,53.1326,1.550669,0.005146,0.000145,0.870410,0.038311,-1.432911,-0.005459,1.487e-11
151,-0.001544,-0.036052,0.393132,0.975801,-0.045032,-0.213974,-0.038383,0.928095,-0.370360,0.215266,0.369611,0.903908,-26.1074,-31.5668,-24.8586,-51.4986,-24.6373,-51.3415,19.0784,24.8435,50.9177,52.4871,3.4735,50.6712,1.525959,-0.003277,-0.000387,0.886690,-0.138627,1.365645,-0.024993,1.169e-11
152,-0.039059,-0.024100,0.396741,0.905578,-0.062067,-0.419614,-0.049855,0.966806,-0.250599,0.421240,0.247857,0.872424,-22.2043,-23.7299,-24.5759,-50.2617,-26.1153,-37.1933,40.8259,12.9088,56.2927,42.1277,54.6103,28.3108,1.695270,0.004482,0.001952,0.890548,-0.908825,2.060092,0.008108,7.383e-12
153,0.056034,0.045087,0.385847,0.828503,-0.133878,0.543746,-0.189757,0.846433,0.497537,-0.526854,-0.515391,0.675868,-20.9052,-57.6312,-21.6519,-15.9519,-18.8734,-27.5966,0.2807,57.6295,45.7190,6.4504,49.3792,22.4458,2.468352,-0.001244,-0.003665,0.907708,2.125608,-0.773214,-0.039300,5.066e-12
154,0.026388,-0.012224,0.395882,0.930384,0.046653,0.363606,0.065049,0.955119,-0.288993,-0.360769,0.292527,0.885592,-23.9904,-37.0491,-23.3527,-28.1253,-24.0707,-52.8845,31.4939,31.2133,25.7855,19.5834,51.6617,50.7393,1.863125,-0.000522,0.000944,0.892677,-2.159619,-1.383194,0.001239,1.260e-11
155,0.029625,-0.017975,0.402455,0.953600,0.025025,0.300035,0.033429,0.981578,-0.188116,-0.299216,0.189418,0.935196,-25.7863,-36.6791,-23.1676,-27.9425,-25.0209,-46.7352,51.6252,27.0242,49.1055,16.7264,59.0002,37.6212,1.145072,-0.002371,0.002222,0.889112,-0.947521,-1.016875,0.006603,1.831e-11
156,0.027627,-0.011563,0.386923,0.995420,-0.005768,-0.095422,-0.010217,0.986043,-0.166180,0.095049,0.166394,0.981468,-32.6418,-48.6562,-29.1934,-57.3054,-28.5669,-57.3054,1.2690,43.3959,45.5776,59.8345,30.2845,55.3794,1.342604,-0.010612,-0.001476,0.864558,-0.215137,1.657547,-0.029780,1.408e-11
157,0.018257,0.075537,0.406705,0.995649,-0.030628,0.088002,-0.012428,0.892348,0.451177,-0.092347,-0.450308,0.888085,-19.9128,-38.6789,-21.9955,-22.2538,-12.3048,-14.3504,56.5128,25.3887,53.9519,13.9979,34.5525,6.4782,1.184086,-0.002267,-0.007017,0.918866,0.870467,-0.275695,0.021091,9.915e-10
158,0.047870,-0.050456,0.407618,0.906515,0.025501,0.421403,0.120772,0.940794,-0.316735,-0.404530,0.338018,0.849764,-15.8374,-20.9826,-11.4157,-10.7644,-18.7529,-39.2717,3.2153,19.0884,31.1071,2.1246,57.7158,33.2343,1.555020,-0.001018,0.006582,0.931070,-1.161106,-0.208355,0.108418,7.406e-12
159,-0.021102,-0.010195,0.396075,0.942912,0.001529,-0.333039,0.016596,0.998532,0.051569,0.332628,-0.054152,0.941502,-27.0566,-40.2962,-26.6658,-54.0703,-26.8993,-37.3852,47.8780,32.4546,58.9652,50.4513,22.1842,28.3924,1.420259,-0.000551,0.000547,0.879050,1.493049,1.270466,-0.006122,1.793e-11
160,-0.042937,0.045891,0.383918,0.863946,0.150906,-0.480442,0.156906,0.825887,0.541563,0.478516,-0.543266,0.689844,-22.4188,-45.7315,-23.0366,-54.0036,-22.4624,-14.1522,53.0398,43.1554,5.6025,53.7767,37.5666,3.1339,2.409219,0.000563,-0.000789,0.898067,1.603083,1.153694,0.001966,4.344e-12
161,-0.016483,-0.008820,0.391061,0.963624,-0.058892,-0.260693,-0.060715,0.901680,-0.428121,0.260275,0.428375,0.865304,-23.3152,-27.2291,-24.0055,-51.0979,-20.9527,-50.5818,21.8721,21.3385,4.7936,55.2131,7.5169,55.4380,2.150539,-0.002052,-0.006760,0.897531,-2.162852,0.637618,0.020471,2.469e-11
162,-0.005020,-0.004129,0.401441,0.991911,-0.014820,-0.126067,-0.016727,0.969240,-0.245550,0.125828,0.245673,0.961151,-22.8482,-31.4146,-22.9468,-43.6119,-22.3113,-44.3518,22.7020,25.8739,14.9911,42.3251,36.2447,43.4082,1.311074,-0.000487,-0.001266,0.897790,-1.873429,0.703849,0.001341,1.119e-11
163,-0.038594,0.019108,0.392691,0.849223,0.062014,-0.524381,0.034946,0.984302,0.173000,0.526877,-0.165241,0.833724,-23.2661,-35.1216,-24.3857,-55.6983,-24.5976,-26.0645,40.0594,28.0923,26.4466,52.9464,54.7080,16.1219,2.005200,0.001999,0.000171,0.891473,-0.124089,2.380127,-0.008411,1.217e-11
164,-0.011677,0.009884,0.391829,0.938387,0.043588,-0.342826,0.042466,0.969952,0.239561,0.342967,-0.239359,0.908339,-27.3564,-46.9564,-25.3151,-56.4704,-26.4045,-34.1310,30.2545,43.9188,28.2112,57.4368,31.8392,25.9462,1.739593,-0.003530,0.002214,0.881395,1.028707,1.644497,0.001916,1.817e-11
165,0.048823,-0.045146,0.391164,0.861470,0.129598,0.490993,0.139228,0.869556,-0.473801,-0.488350,0.476525,0.731053,-20.5115,-28.3205,-19.3258,-17.7625,-20.3909,-55.5706,1.0667,23.2815,57.4223,9.8065,23.7058,57.0866,2.057623,-0.001079,0.001474,0.909699,-1.104476,-0.805049,0.006531,3.765e-12
166,-0.003807,0.020872,0.383435,0.935620,-0.014198,0.352724,-0.016400,0.996364,0.083608,-0.352628,-0.084010,0.931985,-29.2757,-61.9305,-33.4816,-43.5293,-32.2644,-57.5853,49.1342,59.9134,18.5904,32.2848,50.9138,55.8732,1.910285,0.009208,-0.002808,0.857513,-0.683410,-2.146285,-0.036774,2.603e-11
167,0.043914,-0.025105,0.390850,0.810378,0.107509,0.575960,0.104726,0.940613,-0.322924,-0.576472,0.322008,0.750993,-20.2159,-34.7351,-18.9833,-15.5406,-19.5539,-53.0130,14.0295,32.6701,28.8638,8.7428,20.1647,55.5318,2.388533,-0.001590,0.000842,0.911623,-1.233460,-2.313362,-0.000611,8.923e-12
168,0.027003,-0.020911,0.398524,0.923186,0.075002,0.376965,0.094029,0.906901,-0.410718,-0.372675,0.414614,0.830186,-17.0850,-26.4044,-16.3747,-20.1119,-17.2382,-49.2896,3.7331,26.0249,0.1824,17.7010,21.9084,54.4641,2.237169,-0.000575,0.001200,0.923570,-2.615146,-1.473313,0.000164,2.970e-12
169,0.031205,-0.058557,0.404960,0.969368,0.042976,0.241824,0.065010,0.904562,-0.421356,-0.236853,0.424170,0.874060,-18.5303,-18.3218,-11.0892,-18.6443,-19.8793,-41.3102,35.7727,15.2087,5.8673,13.8826,50.1493,33.5508,1.545470,-0.003672,0.008926,0.925683,-2.007225,-0.840062,0.020894,6.846e-12
170,-0.013000,0.037101,0.377766,0.982025,0.067033,-0.176448,0.076762,0.712187,0.697780,0.172438,-0.698782,0.694240,-24.7699,-58.7591,-24.5051,-47.0811,-24.7645,-18.2148,40.6055,58.8693,38.8688,43.8024,27.6741,6.2015,3.079499,-0.000183,0.000712,0.888244,3.898617,0.601806,-0.005415,1.967e-11
171,0.071446,0.050678,0.396569,0.850528,-0.124666,0.510941,-0.097349,0.917395,0.385889,-0.516841,-0.377949,0.768134,-22.0023,-45.4783,-17.4622,-9.5921,-13.3238,-24.0669,41.3648,38.2678,31.5838,3.1289,43.1277,15.9596,1.815850,-0.006968,-0.003867,0.920885,0.746427,-1.328406,0.030527,4.242e-12
172,0.065552,0.013765,0.390454,0.772164,-0.041390,0.634074,-0.056951,0.989352,0.133935,-0.632866,-0.139531,0.761585,-24.4658,-47.1537,-20.1418,-12.2365,-18.1995,-39.2922,49.3255,40.9120,41.4970,3.9126,28.3586,33.2681,2.253525,-0.007432,-0.002273,0.905479,0.837733,-2.793049,-0.011864,6.844e-12
173,0.026966,0.016384,0.390641,0.848675,-0.070982,0.524130,-0.057466,0.972713,0.224781,-0.525783,-0.220886,0.821439,-23.2618,-53.3974,-22.8617,-22.1292,-22.8520,-41.2366,42.9249,53.1880,21.5905,13.3390,29.4685,37.4964,2.371794,-0.000543,-0.000070,0.896108,0.799710,-3.141873,-0.002123,7.539e-12
174,0.008820,0.009770,0.415609,0.996683,-0.001442,0.081365,-0.007227,0.994324,0.106146,-0.081056,-0.106382,0.991016,-16.7057,-32.7795,-17.4629,-26.3496,-16.3210,-27.2370,12.5622,30.5303,29.5674,22.7196,21.5665,24.8446,0.463489,0.000268,-0.001459,0.924370,0.592377,0.107319,-0.004633,1.184e-11
175,-0.099497,-0.034208,0.406688,0.861385,-0.088955,-0.500104,-0.033976,0.972252,-0.231457,0.506816,0.216365,0.834460,-3.3788,-2.6256,-14.1038,-32.7926,-16.7831,-14.8127,9.3413,0.2717,41.2535,21.9266,29.9031,12.5542,1.372178,0.008161,0.001708,0.948843,-0.122044,0.488422,0.070524,3.213e-10
176,0.033919,0.072267,0.388563,0.951024,-0.106468,0.290202,-0.102376,0.777347,0.620686,-0.291671,-0.619997,0.728376,-22.0023,-53.3936,-22.5857,-21.1975,-14.9838,-17.8951,45.5717,46.7287,45.6984,14.2150,26.8878,10.7039,2.287641,-0.004157,-0.008545,0.910386,2.542985,-1.234026,0.002892,6.034e-12
177,-0.094623,-0.023238,0.388305,0.674684,-0.094046,-0.732090,-0.072277,0.978665,-0.192332,0.734559,0.182677,0.653492,-13.4780,-8.7439,-19.0439,-51.6560,-19.9794,-19.6257,56.3923,0.0224,35.2670,47.0294,17.8200,12.8632,2.176345,0.006698,0.000953,0.921308,-0.202593,1.399719,0.025588,1.996e-12
178,-0.004254,-0.007747,0.403953,0.995541,-0.002162,0.094304,-0.004276,0.997675,0.068014,-0.094232,-0.068114,0.993217,-23.7122,-42.4746,-23.6176,-36.4529,-23.2646,-38.9227,54.3133,38.0666,44.7360,30.8647,3.4221,33.9334,0.963517,-0.000417,-0.000458,0.893986,1.656198,-1.564578,0.000152,9.617e-10
179,0.033651,0.010140,0.389823,0.879920,-0.041647,0.473293,-0.042268,0.985340,0.165285,-0.473238,-0.165442,0.865260,-26.1008,-57.7568,-26.7745,-30.9457,-27.2435,-48.7408,13.5471,57.7111,38.7029,21.6097,47.2487,45.4616,1.659177,0.002089,0.000943,0.879941,0.513033,-1.135698,0.002172,9.744e-12
180,0.011927,0.013143,0.388533,0.964588,-0.041851,0.260420,-0.041730,0.950682,0.307347,-0.260440,-0.307330,0.915270,-29.9828,-62.1405,-30.2236,-41.8617,-31.4322,-45.7012,46.7556,59.0850,48.8006,31.0191,51.1575,36.2897,1.614716,0.001883,0.002337,0.862601,1.398003,-1.124770,0.000673,1.278e-11
181,-0.010484,0.042146,0.418827,0.994491,0.008166,-0.104500,0.023407,0.954481,0.297352,0.102171,-0.298160,0.949032,-15.0292,-28.0130,-16.5427,-24.8388,-12.9708,-12.2591,44.4385,20.6507,24.7821,19.2091,35.2417,4.9124,0.774111,-0.000222,-0.002640,0.933302,0.318621,-0.025902,0.018589,3.817e-10
182,-0.003356,-0.012417,0.391308,0.999650,0.004075,0.026141,0.003867,0.954948,-0.296746,-0.026172,0.296744,0.954598,-28.5560,-42.9708,-29.8925,-49.5912,-28.2025,-58.6251,36.0510,36.3551,35.3432,45.3641,25.1140,58.7610,1.170415,0.001246,-0.003678,0.870189,-1.022267,-0.347794,0.005316,1.335e-11
183,-0.037938,0.031924,0.377705,0.834341,0.159199,-0.527759,0.196604,0.808492,0.554697,0.514996,-0.566566,0.643259,-19.2087,-42.7155,-21.6580,-52.2058,-18.9143,-9.1185,21.6118,41.1784,47.2716,53.8080,2.8111,1.3556,3.358513,0.002165,-0.003838,0.909108,4.077672,2.670005,-0.005249,5.931e-12
184,0.027330,-0.025654,0.389718,0.909274,0.032951,0.414893,0.030083,0.989050,-0.144480,-0.415110,0.143853,0.898326,-26.6608,-50.6834,-27.3848,-35.1818,-28.2981,-58.3486,12.2435,49.3645,58.2819,27.2275,18.8550,58.0853,1.494178,0.002871,0.001990,0.876627,0.667416,-0.942253,0.025779,1.187e-11
185,-0.052663,0.067227,0.408656,0.965344,0.064680,-0.252839,0.036869,0.925287,0.377472,0.258363,-0.373712,0.890835,-11.9014,-28.3197,-23.0074,-30.1936,-14.7066,-8.0897,33.6175,17.8644,59.4851,16.6613,49.5422,2.4527,1.107314,0.004694,-0.004929,0.925805,0.360457,0.332340,-0.034076,1.889e-10
186,-0.119351,0.003461,0.378924,0.569374,-0.063091,-0.819654,0.042949,0.997972,-0.046983,0.820956,-0.008452,0.570929,-10.0961,-10.1954,-21.8450,-53.7122,-18.0397,-10.4679,48.4966,0.6384,49.9925,46.5616,14.4023,5.9025,2.460519,0.009856,-0.002892,0.925115,0.439933,1.639277,0.133669,2.140e-12
187,-0.070826,-0.017120,0.391520,0.774315,-0.062521,-0.629705,-0.046714,0.986745,-0.155412,0.631074,0.149754,0.761130,-17.2554,-17.6477,-22.3620,-52.7933,-23.2800,-26.1573,39.4965,8.6496,48.1545,46.2563,40.8510,18.4533,2.090791,0.007291,0.001106,0.905523,-0.361209,2.319243,0.013714,4.645e-12
188,-0.078396,0.087727,0.412294,0.949017,0.032586,-0.313535,0.064918,0.953118,0.295552,0.308466,-0.300838,0.902410,-2.3985,-14.8186,-19.7810,-21.2686,-5.1071,1.2205,13.6900,4.4766,59.2267,9.3107,13.3404,2.7127,1.036830,0.003302,-0.004072,0.959341,-0.557801,-0.426854,0.044129,1.781e-10
189,0.019052,0.032283,0.391451,0.990608,0.006163,0.136591,0.003819,0.997347,-0.072698,-0.136677,0.072537,0.987956,-27.3219,-49.8608,-28.9941,-45.6316,-24.7475,-53.6527,3.4698,46.6501,1.0721,44.5120,52.8963,57.0357,1.291493,-0.001294,-0.010016,0.878472,-1.980874,0.279364,-0.029296,1.826e-11
190,-0.103459,-0.014116,0.380930,0.598230,-0.052716,-0.799588,-0.056160,0.992622,-0.107459,0.799354,0.109191,0.590856,-7.0408,-6.5903,-16.3930,-51.7361,-18.1303,-13.1753,3.3929,4.9801,22.6670,48.9492,27.5238,11.2389,2.715998,0.012926,0.001878,0.937313,-0.449217,3.113286,-0.003684,4.427e-12
191,0.066645,0.056766,0.409376,0.913046,-0.091171,0.397537,-0.068913,0.926197,0.370689,-0.401994,-0.365852,0.839377,-17.0668,-35.1948,-13.0966,-6.0386,-7.7710,-15.0204,30.5729,28.2378,22.6185,2.5831,32.6677,9.0568,1.348665,-0.005117,-0.003604,0.943251,0.335585,-0.469064,0.028302,3.576e-10
192,-0.075096,0.003171,0.394102,0.742344,-0.005733,-0.669994,0.028230,0.999343,0.022727,0.669424,-0.035785,0.742019,-15.2796,-19.1730,-20.3729,-51.2186,-18.8709,-17.2319,43.9563,11.9591,33.5208,48.7009,16.6850,11.3922,2.064604,0.005829,-0.001626,0.918164,0.496099,1.824651,0.033240,4.662e-12
193,0.063428,-0.020994,0.399623,0.855037,0.062163,0.514827,0.039399,0.982132,-0.184023,-0.517067,0.177630,0.837311,-24.2087,-34.2304,-18.8251,-14.5439,-19.6483,-44.0573,46.1426,24.5121,55.4586,4.9750,40.7083,36.1416,1.584569,-0.005818,0.000891,0.906037,-0.228091,-1.449259,-0.023159,4.868e-12
194,0.035476,-0.004976,0.376945,0.672615,0.035679,0.739132,0.027732,0.996920,-0.073360,-0.739473,0.069841,0.669554,-21.5367,-46.3210,-19.8302,-10.8371,-19.8450,-50.3709,56.6908,46.4104,6.8932,2.7931,6.3523,51.6192,3.522087,-0.002880,0.000101,0.906601,-0.342472,-5.489859,0.004533,1.494e-11
195,-0.002137,0.088339,0.409388,0.999559,0.000101,-0.029708,0.015679,0.847578,0.530440,0.025233,-0.530671,0.847202,-12.6837,-32.8265,-17.4622,-19.5481,-7.2252,-3.7574,31.1068,25.0892,28.6144,14.9873,21.8885,0.7619,1.326833,-0.000238,-0.007047,0.944103,0.686977,-0.019453,0.019747,4.601e-10
196,0.025917,0.137541,0.380782,0.975301,-0.036841,0.217786,-0.139297,0.662613,0.735894,-0.171419,-0.748055,0.641115,-13.9925,-45.3689,-23.1589,-13.7524,-4.0884,-1.1948,19.4433,33.9966,58.6700,5.9544,20.4468,1.5743,2.129055,-0.000712,-0.012933,0.938476,1.259294,-0.124607,-0.127643,5.211e-12
197,0.039285,-0.039675,0.386839,0.880305,0.121469,0.458594,0.121235,0.876969,-0.465004,-0.458656,0.464943,0.757273,-25.3232,-33.7352,-23.8461,-24.4152,-24.9497,-60.0665,33.2759,24.9901,58.0292,13.4390,40.2327,57.5626,2.212671,-0.001487,0.001532,0.888728,-1.562601,-1.517992,0.000203,6.832e-12
198,-0.034798,-0.046012,0.404014,0.945186,-0.064704,-0.320059,-0.080305,0.904007,-0.419908,0.316505,0.422593,0.849258,-15.9380,-11.6117,-15.7441,-38.1917,-19.6236,-34.7282,33.9372,5.9692,22.4343,35.5400,22.9951,30.8161,1.607904,0.002413,0.004542,0.923028,-1.443210,0.773192,-0.014892,9.616e-12
199,0.068530,-0.019816,0.397914,0.815685,0.081646,0.572705,0.032927,0.981833,-0.186869,-0.577558,0.171284,0.798178,-22.5641,-33.8663,-17.5028,-10.8550,-17.1486,-43.5551,36.6634,25.7891,53.2745,3.0644,24.7975,38.7594,1.819768,-0.006489,-0.000230,0.914174,0.044426,-1.737021,-0.048759,7.285e-12
200,-0.012692,0.061238,0.400026,0.991246,0.043912,-0.124512,0.039155,0.802868,0.594870,0.126088,-0.594538,0.794120,-15.8873,-42.8187,-18.4076,-32.3059,-14.9268,-9.6122,20.9108,42.6773,9.6221,30.3416,29.8161,4.2900,1.881853,0.001129,-0.004421,0.926117,1.717658,0.436782,-0.004021,4.209e-12
201,-0.057871,0.019804,0.387685,0.749841,0.100025,-0.654013,0.036050,0.980860,0.191346,0.660635,-0.167056,0.731883,-16.2028,-26.4179,-21.1454,-54.2937,-21.7375,-16.8349,7.9424,22.6705,27.7183,51.5187,57.0793,9.5319,2.647234,0.007998,0.000331,0.910691,-0.026315,3.810941,-0.029960,7.665e-12
202,0.043037,-0.026792,0.418484,0.974907,0.057387,0.215088,-0.000223,0.966452,-0.256846,-0.222611,0.250353,0.942214,-18.2503,-17.3794,-12.7130,-13.9186,-12.2873,-30.7582,48.7300,6.6228,47.7752,9.8556,10.1714,24.4570,0.970313,-0.004510,-0.000205,0.935258,0.008950,-0.447705,-0.070524,4.713e-10
203,0.055373,0.072335,0.416457,0.978534,-0.033193,0.203396,-0.026021,0.959146,0.281711,-0.204438,-0.280957,0.937693,-17.7218,-26.3093,-15.5436,-9.4706,-4.1964,-11.3807,56.8574,10.0067,48.2617,5.7258,16.1364,5.3793,0.799587,-0.003143,-0.003953,0.944048,-0.250180,0.202697,0.009205,4.567e-11
204,0.066426,0.020394,0.400862,0.824585,-0.064188,0.562084,-0.046546,0.982477,0.180480,-0.563819,-0.174984,0.807148,-20.4757,-41.8475,-16.7007,-9.8331,-16.0065,-32.0715,22.1683,37.9486,30.4510,2.3745,46.3525,26.2197,1.686051,-0.005094,-0.000783,0.920273,0.207034,-1.326236,0.018297,2.493e-12
205,0.018178,0.017277,0.389735,0.894877,-0.052464,0.443218,-0.041222,0.979107,0.199126,-0.444405,-0.196463,0.874018,-26.6176,-57.1380,-27.3730,-30.9510,-27.5809,-46.5494,47.5430,54.8412,29.2458,19.7762,48.3417,40.8974,2.004621,0.001914,0.000291,0.877497,0.302238,-2.489110,-0.008700,1.243e-11
206,0.008393,-0.012039,0.394664,0.942598,0.029165,0.332655,0.022204,0.988500,-0.149582,-0.333192,0.148382,0.931110,-25.7581,-45.4145,-26.7826,-33.9858,-26.5922,-53.2649,47.9734,40.6604,38.3094,24.8199,25.9873,51.0472,1.621164,0.002073,-0.000307,0.881225,-0.285262,-2.211569,0.006377,1.646e-11
207,-0.000717,0.008250,0.411090,0.999118,-0.005665,0.041600,-0.001747,0.984387,0.176007,-0.041948,-0.175924,0.983510,-18.1711,-37.4939,-18.2108,-30.9973,-17.3830,-28.3045,24.9168,37.2822,20.6200,29.9068,1.5832,26.4790,0.841672,-0.000623,-0.001219,0.919356,1.345548,-0.677100,0.001286,6.263e-12
208,0.002747,0.002385,0.399143,0.985636,0.026603,-0.166777,0.022328,0.958320,0.284823,0.167403,-0.284456,0.943960,-22.5330,-44.1950,-21.7111,-44.3650,-22.4649,-29.1464,6.0170,43.7053,47.9769,44.0128,15.8904,23.2916,1.779894,-0.001069,0.001492,0.899598,2.431245,1.802780,0.003042,1.512e-11
209,0.050852,-0.007138,0.396715,0.823421,0.024199,0.566915,0.026853,0.996309,-0.081531,-0.566796,0.082358,0.819732,-21.9748,-38.9046,-17.7159,-14.0248,-18.4718,-43.4613,41.4912,35.3048,20.9168,7.6962,26.0318,40.2135,2.080856,-0.005899,0.000980,0.912435,-0.465890,-2.829510,0.001735,6.392e-12
210,0.046136,0.079563,0.380890,0.898556,-0.155932,0.410223,-0.200587,0.685472,0.699924,-0.390336,-0.711206,0.584657,-19.3985,-58.3211,-20.8850,-16.1962,-15.6794,-15.3037,9.7227,57.3573,29.6214,7.7893,57.9434,8.5560,2.593781,-0.001686,-0.006079,0.915962,2.006099,-0.571734,-0.047442,4.900e-12
211,-0.016007,0.018558,0.384073,0.876157,0.126088,-0.465242,0.118710,0.879012,0.461785,0.467180,-0.459825,0.755185,-20.8851,-42.5239,-21.0038,-52.4588,-20.9908,-16.4962,0.4474,42.2285,46.7696,54.9188,18.6524,8.6428,3.114974,-0.000061,0.000135,0.904563,3.196951,3.520846,0.004360,2.079e-11
212,-0.036566,0.031689,0.397980,0.903053,0.081280,-0.421768,0.055953,0.951305,0.303130,0.425869,-0.297342,0.854531,-21.4057,-37.5610,-22.5304,-49.5727,-22.5043,-21.3167,43.7156,32.7660,11.8727,46.8605,51.1251,11.8200,1.617972,0.001773,-0.000103,0.900390,0.096200,1.392398,-0.013586,5.034e-12
213,-0.071888,-0.036273,0.392864,0.805109,-0.053659,-0.590694,-0.124090,0.958621,-0.256216,0.580001,0.279581,0.765136,-17.3970,-13.2648,-19.1549,-49.4971,-25.0443,-28.8219,55.8878,5.2918,26.0884,42.2076,56.9055,17.7770,1.984078,0.005688,0.005796,0.907583,-1.398917,1.417805,-0.072121,1.002e-11
214,0.025957,-0.021343,0.415038,0.964741,0.026384,0.261874,0.033892,0.974226,-0.223012,-0.261009,0.224024,0.938982,-13.9907,-23.1178,-12.0178,-17.0663,-13.7135,-34.9979,0.6143,23.8304,7.6762,16.3707,10.5310,36.9872,1.060879,-0.001727,0.002227,0.940445,-0.893180,-0.695617,0.006218,1.150e-11
215,0.082662,0.062171,0.373651,0.730942,-0.179233,0.658483,-0.218145,0.852907,0.474302,-0.646635,-0.490332,0.584326,-25.0536,-56.6538,-21.6555,-7.8185,-13.3904,-27.0921,50.6884,47.9928,53.7435,0.0021,23.5440,20.4977,2.792471,-0.009441,-0.008626,0.909475,2.231420,-2.497331,-0.034891,4.380e-12
216,0.038615,-0.063053,0.389906,0.908896,0.171245,0.380241,0.100934,0.794354,-0.599011,-0.404623,0.582818,0.704701,-21.0890,-20.3555,-16.1231,-17.1132,-18.5127,-54.0909,40.4509,12.7982,43.1337,11.9384,4.3051,53.2683,2.367556,-0.005274,0.003257,0.916222,-1.317651,-2.035709,-0.058268,6.967e-12
217,-0.012246,0.003844,0.411225,0.992972,0.004280,-0.118269,-0.003990,0.999988,0.002694,0.118279,-0.002203,0.992978,-20.3496,-31.5867,-19.7541,-36.8587,-20.9868,-31.4692,41.0065,26.7557,12.7758,32.7440,43.3003,25.0111,0.542085,0.000045,0.001626,0.908473,-0.856211,0.029730,-0.005511,1.654e-11
218,-0.020540,-0.045737,0.407911,0.982870,-0.041901,-0.179475,-0.035506,0.912522,-0.407484,0.180849,0.406876,0.895402,-18.1030,-15.2881,-18.2296,-34.6701,-19.9911,-37.2048,42.6630,6.1662,50.8666,28.7633,17.5201,32.2010,1.156415,0.001238,0.001884,0.915637,-0.501873,0.330063,0.006316,4.394e-12
219,-0.073703,-0.016473,0.389958,0.698604,-0.051923,-0.713622,-0.092937,0.982329,-0.162456,0.709447,0.179814,0.681434,-11.2396,-9.3470,-15.0957,-50.3722,-18.0148,-19.7455,10.4935,7.5200,4.4039,51.7406,27.5543,17.1766,2.590743,0.007968,0.003498,0.933029,-1.240807,2.944178,-0.031511,6.631e-12
220,0.068448,-0.023103,0.395665,0.797069,0.041191,0.602481,0.092005,0.977741,-0.188568,-0.596838,0.205733,0.775537,-21.5813,-33.4306,-15.1925,-10.0502,-19.0932,-44.8696,27.8161,29.3183,24.8656,2.3376,50.3324,39.0536,2.004325,-0.005898,0.004238,0.916103,-1.231958,-1.760510,0.047814,4.333e-12
221,-0.060868,0.045935,0.418681,0.947463,-0.000329,-0.319865,0.051425,0.987148,0.151307,0.315704,-0.159807,0.935303,-6.2396,-15.2639,-17.6736,-25.7089,-8.5864,-6.9222,16.7742,7.3620,51.0811,17.8249,7.1731,8.3253,0.930825,0.004641,-0.005129,0.951445,0.261602,0.260173,0.065444,2.793e-10
222,0.001743,0.041903,0.406885,0.999895,0.001180,0.014410,-0.007504,0.894288,0.447428,-0.012359,-0.447490,0.894204,-15.9985,-40.4229,-18.5211,-27.7896,-13.9634,-16.3152,14.6054,39.1354,34.0247,25.4448,6.7229,13.8811,1.610193,0.000325,-0.005894,0.927082,2.380935,0.122683,-0.006116,8.041e-12
223,0.022848,0.003261,0.387280,0.826677,0.005489,0.562649,0.016013,0.999318,-0.033276,-0.562448,0.036518,0.826026,-24.7755,-49.4890,-24.9577,-23.6540,-25.0258,-51.5733,54.0283,46.6089,20.0066,12.9244,36.2847,49.2126,2.562901,0.000641,-0.000040,0.887240,-0.705878,-3.706141,-0.005850,1.503e-11
224,0.027028,-0.039573,0.412778,0.986881,0.032193,0.158209,0.013445,0.960128,-0.279236,-0.160891,0.277700,0.947099,-21.0490,-21.7633,-15.2839,-21.7764,-19.3677,-36.4745,56.7548,12.3352,39.4785,14.5242,40.7683,26.0654,0.870951,-0.003575,0.003439,0.916582,-0.571884,-0.589035,-0.020743,6.675e-12
225,-0.000768,-0.004534,0.415298,0.999974,0.000049,-0.007274,-0.000366,0.999053,-0.043508,0.007265,0.043509,0.999027,-18.4465,-28.4869,-17.8495,-29.9447,-19.0110,-30.7484,31.8571,23.7194,24.2646,24.8735,37.2425,25.1406,0.203002,-0.000022,0.001371,0.917165,-0.461224,-0.007232,-0.000368,9.859e-12
226,0.046177,0.126313,0.390898,0.941775,-0.061324,0.330603,-0.175690,0.748585,0.639338,-0.286692,-0.660197,0.694225,-11.1564,-39.3941,-17.7438,-5.2698,0.5700,-1.3745,4.2400,30.9765,43.6134,2.0467,0.1277,5.5236,1.953204,-0.002422,-0.012111,0.957808,0.993390,-0.258375,-0.146627,1.488e-11
227,0.036458,-0.037423,0.396090,0.893723,0.120947,0.432009,0.059775,0.922282,-0.381867,-0.444620,0.367106,0.817035,-22.4764,-29.6721,-18.2290,-18.5575,-19.0840,-49.9983,52.8622,22.8328,34.1654,12.8598,7.6149,47.9796,2.130889,-0.005721,0.001440,0.909984,-0.795165,-2.783955,-0.035906,9.233e-12
228,-0.009690,0.005927,0.394476,0.942467,0.021466,-0.333610,0.020895,0.992202,0.122875,0.333646,-0.122776,0.934669,-26.1239,-43.5381,-23.9694,-55.6338,-24.5592,-37.0249,20.7531,41.8324,15.7844,59.4781,20.9629,32.6573,1.482824,-0.004685,0.001277,0.888102,0.400629,1.475766,0.003072,1.487e-11
229,-0.003489,0.050519,0.397540,0.999415,0.005751,-0.033707,0.014957,0.812925,0.582177,0.030749,-0.582340,0.812363,-17.4224,-45.7408,-19.8632,-31.0658,-14.8701,-13.4354,23.8801,44.6120,35.6832,28.9554,3.7521,9.3381,2.201172,-0.000030,-0.006713,0.921311,3.220555,0.001328,0.005039,9.002e-12
230,0.009358,0.031752,0.396028,0.986556,-0.044917,0.157132,-0.042652,0.857397,0.512886,-0.157762,-0.512693,0.843954,-20.4786,-51.0267,-20.9720,-29.4725,-18.6660,-22.9089,31.9073,51.0233,37.9542,25.5261,5.4552,17.6866,2.241985,-0.001092,-0.003346,0.909294,3.271659,-1.059388,0.000312,1.446e-11
231,-0.019404,0.011130,0.412166,0.981137,0.008521,-0.193126,0.015260,0.992497,0.121317,0.192711,-0.121975,0.973645,-18.2808,-31.1685,-19.3515,-36.7220,-18.2700,-24.7771,35.5526,26.5668,26.7604,33.7558,21.1007,19.7066,0.690088,0.000789,-0.001379,0.916258,0.597605,0.343831,0.005309,1.166e-11
232,-0.002529,0.037244,0.398288,0.993925,0.036804,-0.103727,0.017706,0.876690,0.480729,0.108629,-0.479645,0.870712,-21.2120,-47.7881,-22.1274,-39.9008,-21.3330,-21.7533,17.9415,46.7990,28.0799,36.4556,41.3416,14.1992,1.758424,0.000792,-0.001182,0.902910,1.733005,1.091088,-0.005180,9.135e-10
233,0.061727,0.032632,0.416278,0.940992,-0.073318,0.330391,-0.015332,0.966013,0.258038,-0.338081,-0.247878,0.907887,-16.8703,-30.1099,-9.8308,-7.7595,-8.2779,-16.6533,38.5699,25.2315,3.8544,7.4575,25.2993,9.8531,1.121572,-0.006547,-0.001251,0.947662,0.150143,-0.705676,0.071029,7.743e-10
234,0.058875,-0.043051,0.382605,0.805995,0.138312,0.575537,0.147581,0.894655,-0.421677,-0.573230,0.424808,0.700675,-25.9239,-32.3216,-18.9343,-15.8765,-23.4271,-56.8895,55.7933,24.0666,32.5381,6.0567,51.3133,49.9877,2.573321,-0.006693,0.005410,0.897101,-2.123639,-2.648127,0.006808,9.051e-12
235,0.002102,-0.027775,0.392160,0.975415,-0.019272,-0.219531,-0.017884,0.985961,-0.166018,0.219648,0.165863,0.961376,-29.2354,-41.4036,-26.7789,-55.7479,-27.7450,-50.0698,22.5372,35.9125,54.0871,56.3691,12.2234,45.8602,1.285917,-0.004918,0.002154,0.874460,0.654547,1.437241,-0.026812,1.607e-11
236,0.079081,-0.108037,0.356670,0.798582,0.353806,0.486917,0.221594,0.579334,-0.784390,-0.559609,0.734298,0.384245,-24.0981,-11.8802,-8.3145,-5.3933,-18.2473,-61.3298,58.3100,3.5507,28.4590,2.7296,16.0017,54.5480,3.244175,-0.011593,0.010384,0.923767,-2.219660,-2.309417,-0.141057,4.166e-12
237,0.033667,-0.052012,0.379219,0.861562,0.207535,0.463292,0.142666,0.776853,-0.613307,-0.487193,0.594498,0.639699,-21.8096,-23.4904,-16.4584,-16.0928,-19.2461,-58.6759,54.4542,17.7040,9.8493,11.4643,12.6414,59.5257,3.185806,-0.006063,0.004364,0.912666,-2.854860,-3.575332,-0.014044,5.097e-12
238,-0.008525,0.048070,0.387875,0.962336,0.093645,-0.255226,0.069901,0.822010,0.565167,0.262724,-0.561721,0.784504,-24.3612,-52.5392,-23.8077,-49.6574,-24.2201,-21.1488,24.1086,51.8406,10.2405,48.3019,59.6429,10.7785,2.189192,-0.000901,0.000658,0.891362,1.107889,1.715969,0.011000,7.762e-12
239,0.081836,0.023275,0.401066,0.849500,-0.058661,0.524317,-0.036269,0.984955,0.168960,-0.526340,-0.162548,0.834592,-23.6861,-38.4848,-15.4294,-8.9057,-13.3066,-29.4518,57.6247,28.9620,31.5058,4.1602,34.0030,20.0355,1.540839,-0.009105,-0.001869,0.921477,0.316289,-1.497189,0.024481,7.540e-12
240,0.036577,-0.011284,0.385609,0.764077,-0.014913,0.644953,-0.030395,0.997790,0.059081,-0.644409,-0.064746,0.761935,-21.2587,-53.1489,-22.5307,-19.7424,-23.4119,-49.2796,3.5179,57.2321,40.1446,11.3256,10.8425,51.0993,2.607236,0.003897,0.002008,0.898972,1.332883,-2.406211,0.031232,2.348e-11
241,0.016689,0.035565,0.395138,0.991019,-0.028922,0.130557,-0.049328,0.828407,0.557950,-0.124291,-0.559379,0.819540,-19.6694,-53.0909,-19.7844,-31.7369,-19.7736,-22.1502,1.1916,57.1976,20.7645,29.4879,28.9627,17.2569,2.143373,0.000054,0.000122,0.910977,2.401990,0.299101,0.003054,7.421e-12
242,0.018262,-0.032035,0.384550,0.848316,0.143623,0.509640,0.092017,0.907876,-0.409017,-0.521434,0.393871,0.756950,-22.8357,-35.5332,-22.0903,-20.9301,-21.7955,-57.5729,58.8735,30.5560,25.8237,13.0458,2.9455,59.3925,2.943148,-0.001278,-0.000040,0.899001,-1.230423,-4.164353,0.019739,1.102e-11
243,-0.029789,-0.029406,0.399129,0.940253,-0.053698,-0.336217,-0.076210,0.929238,-0.361537,0.331839,0.365559,0.869626,-19.3484,-18.4193,-19.3506,-43.9613,-23.2274,-38.2826,29.6777,11.8967,17.5570,39.8785,55.4362,32.5463,1.896105,0.003046,0.005026,0.906777,-2.481702,1.547241,-0.012868,6.873e-12
244,0.002450,-0.016964,0.388617,0.998676,0.001648,-0.051410,0.001285,0.998376,0.056960,0.051421,-0.056951,0.997052,-32.7174,-55.9655,-30.8021,-56.7959,-33.2218,-53.0014,37.2694,52.2595,56.3723,52.6808,27.3924,45.3036,0.796412,-0.001821,0.005426,0.855072,1.192896,0.398634,-0.003325,1.845e-11
245,-0.071636,0.036417,0.378603,0.674146,0.173133,-0.718019,0.139944,0.924588,0.354334,0.725219,-0.339356,0.599079,-16.7973,-30.0467,-22.0641,-57.5921,-20.6183,-9.5275,33.6877,25.3443,21.9410,55.9656,41.2994,0.7261,2.853639,0.006708,-0.002056,0.910370,0.956456,2.994758,-0.023583,6.133e-12
246,0.003122,-0.065728,0.389124,0.998510,-0.038901,-0.038268,-0.000117,0.699751,-0.714387,0.054569,0.713327,0.698704,-18.3406,-11.5787,-18.5067,-34.9537,-19.5280,-52.8391,4.9844,4.3364,53.2283,32.9776,0.7271,56.2798,2.370411,0.000989,0.001578,0.915346,-1.714372,1.022975,0.017326,2.942e-12
247,0.014988,-0.005735,0.403026,0.953164,0.026863,0.301260,0.032153,0.981404,-0.189242,-0.300741,0.190065,0.934575,-20.4818,-35.5393,-20.1532,-26.7689,-20.4001,-45.6505,27.6843,33.5411,7.4537,22.3169,27.1811,46.2838,1.538451,-0.000303,0.000289,0.908294,-1.509190,-1.762340,-0.000324,3.115e-12
248,0.064318,-0.040036,0.379671,0.704367,0.191556,0.683501,0.147516,0.902375,-0.404917,-0.694338,0.386037,0.607346,-21.6016,-31.6268,-16.0870,-7.1837,-17.7187,-54.8677,34.1886,27.3178,30.2660,0.7799,12.7564,55.2103,2.963094,-0.007126,0.002470,0.916291,-1.246231,-3.378686,-0.027095,6.921e-12
249,-0.034688,-0.007484,0.430979,0.983115,-0.013962,-0.182456,-0.001456,0.996456,-0.084098,0.182984,0.082943,0.979611,-6.4937,-6.9177,-10.1350,-17.3839,-9.6571,-11.2774,24.8699,1.5145,31.6772,10.9500,17.4576,7.7649,0.491787,0.001391,-0.000165,0.960647,-0.011878,-0.091412,0.017045,2.904e-11
250,0.010305,0.026038,0.405980,0.992430,-0.018454,0.121416,-0.026104,0.934357,0.355380,-0.120005,-0.355859,0.926803,-19.1961,-43.5316,-20.0859,-28.5231,-17.3845,-24.5754,24.3060,41.6796,38.6723,24.6312,10.7303,20.6809,1.468097,-0.000767,-0.003719,0.914839,2.248267,-0.476780,-0.004061,1.345e-11
251,-0.006212,0.011480,0.401545,0.988869,0.018185,-0.147672,0.016837,0.972452,0.232494,0.147832,-0.232393,0.961322,-23.9887,-44.0383,-24.0672,-44.6635,-24.0018,-31.8061,29.4909,40.1309,40.8742,40.9216,32.8478,24.4125,1.141891,0.000023,-0.000027,0.891941,1.320832,0.952717,0.000065,2.034e-11
252,0.008162,0.029992,0.387181,0.999088,-0.005303,0.042374,-0.021082,0.801667,0.597399,-0.037138,-0.597748,0.800824,-24.0154,-57.7287,-24.1169,-39.3697,-24.1619,-24.4379,23.7173,58.0430,47.8497,34.1478,30.7842,14.9986,2.554597,0.000064,0.000281,0.891051,3.455144,0.401246,0.005911,1.200e-11
253,-0.018009,-0.064955,0.391800,0.984114,-0.038358,-0.173346,-0.076157,0.790784,-0.607339,0.160376,0.610893,0.775300,-18.7984,-10.9966,-15.1574,-36.0315,-23.6750,-45.3309,39.1846,5.4061,6.1247,31.4408,57.2623,38.7488,2.314070,0.001090,0.010175,0.913053,-3.442006,0.417633,-0.025434,7.907e-12
254,-0.054361,0.028084,0.385820,0.764030,0.136205,-0.630639,0.161371,0.906051,0.391192,0.624674,-0.400650,0.670271,-18.1659,-34.5366,-19.4875,-54.4229,-18.3718,-11.0424,38.1994,33.0702,8.2991,58.4730,7.2133,4.1851,2.672807,0.001414,-0.001524,0.915677,1.939252,1.907537,0.008412,3.583e-12
255,0.013354,0.010723,0.403862,0.999181,0.001176,0.040450,-0.007866,0.986159,0.165614,-0.039696,-0.165796,0.985361,-23.9361,-44.7906,-24.1516,-38.6805,-24.0557,-36.1465,14.9851,40.8113,45.7529,32.7624,46.9130,29.7669,0.773572,0.000233,-0.000133,0.891876,0.702608,1.013283,-0.000489,5.819e-10
256,-0.062243,-0.032847,0.385624,0.759952,-0.121954,-0.638436,-0.157282,0.918546,-0.362679,0.630663,0.376033,0.678870,-18.5255,-11.4891,-19.4622,-54.3159,-22.2506,-33.3942,46.8953,3.2179,19.0443,53.6957,28.1084,27.8963,2.536160,0.003709,0.003566,0.909381,-1.829985,1.956993,-0.025774,6.394e-12
257,-0.004380,-0.021932,0.394700,0.999724,0.002403,0.023349,0.001805,0.983924,-0.178576,-0.023402,0.178569,0.983649,-28.2004,-44.9017,-28.5432,-48.5045,-28.8746,-54.2284,39.5007,39.8632,47.2208,43.6469,16.0734,51.4851,0.575977,0.001233,0.000700,0.871773,0.242048,-0.421296,0.004722,2.248e-11
258,-0.081291,-0.035401,0.393098,0.742967,-0.106030,-0.660876,-0.115569,0.952222,-0.282696,0.659275,0.286411,0.695216,-12.7049,-6.3939,-16.1932,-47.7974,-19.0704,-22.9673,44.3302,0.2060,22.9929,45.4451,15.2039,17.8898,2.097019,0.005946,0.002975,0.928061,-0.700333,1.404224,-0.011822,3.088e-12
259,-0.015646,0.036684,0.409098,0.988763,0.013124,-0.148915,0.040786,0.934665,0.353184,0.143820,-0.355289,0.923626,-17.6462,-36.2530,-19.6233,-33.4464,-15.5119,-17.3221,38.8549,31.5153,31.1960,30.6468,11.3527,12.3707,1.285610,-0.000023,-0.004961,0.920801,1.710681,0.007741,0.023201,9.495e-12
260,-0.052218,-0.022623,0.390293,0.803904,-0.086722,-0.588403,-0.055500,0.974058,-0.219389,0.592164,0.209024,0.778236,-21.4412,-21.2239,-23.9775,-55.8933,-24.0464,-32.9771,44.2436,10.6497,53.8770,52.0540,28.5260,25.7375,2.157994,0.003941,0.000230,0.895639,-0.175733,2.396274,0.018634,5.938e-12
261,-0.023200,0.006325,0.398110,0.997094,-0.003049,-0.076123,-0.009364,0.986716,-0.162184,0.075606,0.162426,0.983820,-24.8674,-38.8956,-26.4254,-46.5088,-24.9307,-47.3590,53.6980,33.4846,3.3551,43.2390,29.3314,46.3504,1.147280,0.001932,-0.002962,0.885642,-1.673967,-1.142299,0.013868,1.504e-11
262,-0.026091,0.027169,0.384506,0.960791,0.066131,-0.269271,0.108880,0.803149,0.585745,0.255001,-0.592097,0.764458,-23.7452,-52.0556,-23.7563,-47.6065,-23.0180,-18.6176,52.8017,50.3295,42.1183,45.5237,6.8530,8.1103,2.818990,-0.000253,-0.000932,0.893472,4.001653,0.221118,-0.013584,1.114e-11
263,0.053356,-0.067921,0.403717,0.922581,0.075292,0.378386,0.105388,0.894288,-0.434904,-0.371131,0.441112,0.817118,-18.1586,-16.7033,-10.2748,-10.9914,-18.1145,-41.0536,28.5067,11.4400,35.6036,4.1191,42.5582,32.7663,1.518436,-0.003670,0.006152,0.930314,-0.851473,-0.516201,0.036942,7.547e-12
264,-0.014290,-0.047780,0.396602,0.990120,-0.025118,-0.137955,-0.046955,0.867638,-0.494974,0.132128,0.496561,0.857887,-23.4929,-20.4691,-21.5571,-40.2719,-25.6412,-47.5576,56.9416,9.7822,38.1409,32.5853,49.9824,39.4955,1.742177,0.000234,0.005020,0.893866,-2.188845,0.119910,-0.016058,1.039e-11
265,-0.034124,-0.008452,0.400392,0.918527,-0.027706,-0.394386,-0.038810,0.986405,-0.159685,0.393448,0.161981,0.904965,-22.0559,-27.2361,-22.0839,-49.8644,-22.3179,-35.9404,46.0343,20.5232,17.2490,49.4136,23.4996,31.4642,1.370268,0.000246,0.000296,0.900389,-0.937362,0.821005,-0.001748,8.845e-10
266,0.019344,-0.063885,0.392403,0.980035,0.060797,0.189301,0.072482,0.777333,-0.624900,-0.185142,0.626145,0.757407,-18.2057,-14.2025,-12.7375,-22.8341,-20.4990,-49.6484,28.0491,10.9258,0.3340,19.1113,45.0208,46.6789,2.412693,-0.002365,0.009665,0.922275,-3.460705,-0.864415,0.007530,7.376e-12
267,-0.016954,-0.022750,0.395901,0.920133,-0.078095,-0.383741,-0.052732,0.946280,-0.319018,0.388040,0.313774,0.866585,-20.6892,-21.9971,-21.8015,-48.8005,-22.2857,-38.9980,5.3378,14.7024,42.4191,47.2592,40.1682,36.0349,2.156452,0.002195,0.000846,0.902352,-1.365776,3.050430,0.001196,9.773e-12
268,0.037402,0.066179,0.406136,0.942862,-0.044450,0.330205,-0.116776,0.884109,0.452454,-0.312048,-0.465161,0.828403,-15.1951,-40.8189,-18.4155,-12.9552,-11.0360,-15.2908,7.1297,35.7372,44.0372,5.1200,37.4921,12.2963,1.563604,-0.000641,-0.006497,0.933119,1.093592,-0.125185,-0.085303,5.006e-12
269,0.000904,0.012699,0.378365,0.936889,0.113239,-0.330781,0.104997,0.811298,0.575128,0.333489,-0.573562,0.748206,-24.7710,-53.1786,-21.1023,-53.4535,-24.4431,-20.6844,4.6270,56.5179,36.6498,57.2960,19.9665,10.2634,3.327527,-0.004928,0.006816,0.893717,3.524880,2.646533,0.024121,6.106e-11
270,-0.011978,0.009951,0.396558,0.996660,-0.003756,0.081575,-0.002197,0.997346,0.072775,-0.081631,-0.072711,0.994007,-26.6540,-50.4396,-28.0799,-44.8725,-27.8989,-46.6670,50.4505,47.5417,18.1736,38.7404,33.0916,42.9012,0.788644,0.003142,-0.000385,0.876161,-0.177161,-1.378775,-0.005766,2.379e-11
271,0.034270,-0.013707,0.386936,0.912108,0.024950,0.409189,0.024889,0.992935,-0.116023,-0.409193,0.116010,0.905043,-29.6096,-55.1372,-30.1571,-39.2217,-30.3384,-61.3494,10.0892,52.1706,57.9048,30.6720,38.7139,59.9606,1.185121,0.001609,0.000402,0.865057,0.104404,-0.423966,0.006742,1.319e-11
272,-0.033420,-0.088489,0.414410,0.995469,-0.053992,-0.078273,0.014349,0.899032,-0.437648,0.093999,0.434542,0.895733,-5.7689,-1.5649,-6.2206,-17.4510,-18.2081,-25.0746,1.4192,3.6341,23.7296,8.0872,46.4811,18.5202,1.130417,0.003731,0.006303,0.954936,-0.204285,0.091393,0.088543,3.138e-10
273,0.022658,0.068528,0.411194,0.995700,-0.034646,0.085912,-0.000521,0.925317,0.379194,-0.092633,-0.377608,0.921320,-18.0229,-33.9029,-18.8719,-19.6176,-8.0999,-13.7164,52.9053,22.0718,45.8428,16.4357,1.4744,9.9083,1.097342,-0.004056,-0.008591,0.932655,1.193584,-0.547156,0.037160,4.667e-12
274,-0.031749,-0.004428,0.395599,0.947746,-0.022194,-0.318254,-0.023643,0.989948,-0.139443,0.318150,0.139681,0.937694,-25.0598,-36.6513,-25.4100,-54.9738,-24.5763,-44.0797,45.2773,32.3578,9.4846,56.6514,7.9421,43.0308,1.039451,-0.000152,-0.001793,0.887599,-0.607895,0.049157,0.011223,1.349e-11
275,-0.006418,-0.021354,0.401313,0.998766,0.006815,0.049204,0.003231,0.979535,-0.201250,-0.049568,0.201160,0.978303,-23.0902,-37.5846,-23.6963,-40.5927,-23.7298,-48.1018,31.3685,34.9260,30.9397,37.9861,2.0379,48.4707,0.762524,0.001455,0.000083,0.894364,0.057396,-0.833047,0.006663,1.801e-11
276,0.036356,0.062690,0.408599,0.956495,-0.035157,0.289622,-0.082492,0.919613,0.384067,-0.279843,-0.391250,0.876705,-18.1960,-39.1001,-20.4820,-15.2753,-13.0171,-17.9751,30.6303,28.8982,56.5235,4.8117,48.3782,11.2522,1.242248,-0.001274,-0.005350,0.922614,0.642018,-0.161754,-0.057711,7.736e-10
277,0.021898,0.117797,0.368731,0.985555,-0.094361,0.140633,-0.066589,0.547600,0.834086,-0.155716,-0.831402,0.533407,-18.8331,-54.8090,-23.3776,-20.8638,-7.6431,-3.2801,42.5508,46.3123,51.7887,16.9325,0.5243,0.0981,2.923705,-0.003721,-0.016099,0.924828,3.532875,-0.787354,0.023151,4.673e-12
278,-0.004629,0.039819,0.387976,0.997708,0.020798,-0.064396,0.024949,0.771524,0.635711,0.062905,-0.635860,0.769237,-20.2291,-51.5802,-22.2619,-36.7199,-18.6071,-15.7373,26.5082,50.7096,54.1310,33.6145,1.9534,9.1453,2.789003,0.000380,-0.005274,0.907360,4.440068,0.343295,0.000238,6.308e-12
279,-0.092586,-0.032859,0.385591,0.707274,-0.092805,-0.700822,-0.110301,0.964718,-0.239067,0.698282,0.246387,0.672083,-10.4673,-7.5081,-17.5431,-50.0831,-22.0363,-21.8473,16.4770,3.7422,29.7088,43.7811,46.2729,16.4565,2.396660,0.011196,0.004567,0.924725,-1.045179,2.596960,-0.017492,4.343e-12
280,0.065768,0.005639,0.391950,0.745398,-0.034173,0.665743,0.010005,0.999146,0.040084,-0.666545,-0.023217,0.745103,-21.7676,-43.3617,-17.4660,-9.8513,-18.7472,-41.9758,25.2805,41.2690,19.6416,1.8998,46.8058,37.8252,2.254031,-0.005477,0.001443,0.912824,-0.596812,-2.413696,0.033467,5.571e-12
281,0.021241,-0.082265,0.393810,0.979690,0.045520,0.195285,0.098174,0.740300,-0.665070,-0.174843,0.670734,0.720795,-16.0112,-9.7908,-12.2236,-20.1630,-19.8890,-48.2484,11.9041,5.7755,34.5173,14.1617,33.4054,45.5371,2.138305,-0.000150,0.008242,0.927738,-2.060607,-0.060738,0.055590,4.431e-12
282,-0.028993,-0.012771,0.424034,0.982598,-0.023025,-0.184313,-0.004560,0.988998,-0.147860,0.185690,0.146128,0.971682,-12.0146,-12.0130,-14.8715,-24.2836,-13.8390,-19.7039,40.2318,2.8281,48.9337,16.3243,21.6627,14.0985,0.613821,0.001501,-0.000565,0.939020,0.027991,0.077866,0.023508,7.466e-11
283,0.043759,0.012872,0.400511,0.892192,-0.044586,0.449449,-0.012395,0.992324,0.123045,-0.451485,-0.115351,0.884791,-24.4548,-43.8619,-19.9533,-19.6118,-20.2481,-37.6045,59.1421,37.8791,22.7715,11.9880,42.3307,29.4151,1.672563,-0.006149,0.000223,0.902844,-0.057710,-2.442473,0.023030,1.025e-11
284,-0.043451,-0.006833,0.398471,0.866676,-0.019633,-0.498485,-0.013376,0.997951,-0.062562,0.498692,0.060889,0.864638,-21.4160,-26.9143,-22.3247,-52.0820,-22.2891,-30.2278,47.6643,19.4403,30.8460,50.8180,21.2503,23.7660,1.576084,0.001452,-0.000033,0.901005,0.028629,1.401025,0.002895,1.698e-11
285,-0.021888,0.074449,0.397315,0.988101,0.072752,-0.135512,0.019731,0.813819,0.580783,0.152535,-0.576547,0.802700,-16.9940,-42.6807,-24.1543,-33.8063,-17.2830,-10.5308,28.0761,35.5704,49.8688,23.7351,53.0841,2.9211,1.776947,0.004056,-0.006801,0.912376,1.528402,0.887602,-0.055213,6.592e-12
286,0.002359,0.002640,0.416903,0.999749,0.001046,0.022386,-0.001607,0.999684,0.025088,-0.022353,-0.025118,0.999435,-16.4802,-29.0732,-18.0241,-27.4150,-16.2773,-27.7683,16.2953,24.7253,41.9073,22.8451,17.2764,25.2964,0.332849,0.000917,-0.002079,0.923924,0.682496,0.300081,-0.002303,1.520e-11
287,-0.073953,0.011927,0.398241,0.805063,0.032373,-0.592306,0.030908,0.994864,0.096386,0.592384,-0.095903,0.799927,-16.7854,-22.6263,-21.9930,-48.5409,-21.1568,-17.2756,58.3851,13.3541,37.3691,41.1770,41.5820,7.5238,1.661613,0.005355,-0.000812,0.910190,0.181593,1.195726,-0.001365,2.243e-12
288,-0.013961,0.028923,0.385004,0.997822,-0.007242,-0.065564,-0.006143,0.979433,-0.201678,0.065677,0.201642,0.977255,-30.9072,-47.6473,-34.0738,-55.8399,-28.9601,-58.2022,50.9603,38.0438,5.1091,51.1429,59.5647,58.2858,1.786956,0.001637,-0.011369,0.859038,-2.703339,-0.415356,0.024063,3.155e-11
289,0.000793,-0.075983,0.377990,0.998930,0.037762,0.026700,-0.002073,0.613308,-0.789841,-0.046202,0.788941,0.612730,-21.9971,-11.3311,-18.3701,-32.6182,-23.2104,-58.5904,48.6483,1.3837,34.0935,27.2934,26.6197,56.1354,2.879804,-0.001575,0.006403,0.904165,-3.223925,-0.734190,-0.025628,5.615e-12
290,-0.054999,-0.035648,0.386688,0.817842,-0.106650,-0.565473,-0.168439,0.895267,-0.412464,0.550238,0.432578,0.714223,-19.9664,-12.5888,-19.7248,-52.4275,-23.7005,-37.4185,51.7171,3.8167,14.1713,50.4310,41.9285,30.7410,2.521255,0.002965,0.005046,0.904547,-2.549997,1.603042,-0.039486,7.265e-12
291,0.020414,0.019977,0.387675,0.835495,-0.103404,0.539681,-0.076206,0.950840,0.300159,-0.544188,-0.291908,0.786542,-21.6412,-53.7879,-20.8515,-19.2552,-20.8897,-37.5768,52.5412,55.8089,8.2251,12.1900,12.6863,34.8269,2.842465,-0.001131,-0.000125,0.903997,1.288784,-4.173773,-0.011185,1.126e-11
292,-0.004106,0.010062,0.404333,0.986102,0.021616,-0.164731,0.018896,0.970475,0.240459,0.165065,-0.240230,0.956579,-20.4865,-40.6159,-20.1898,-41.8282,-20.4374,-27.9548,9.6726,40.7765,25.2410,42.4059,17.1290,24.1000,1.271989,-0.000443,0.000521,0.908293,1.386144,1.211875,0.000834,1.280e-11
293,0.044950,-0.099272,0.376466,0.913490,0.163390,0.372612,0.211534,0.591582,-0.778000,-0.347548,0.789516,0.505841,-15.9412,-6.3716,-9.7768,-11.9635,-18.3893,-55.7363,5.0395,2.8587,37.8946,6.9160,20.3253,55.4517,2.809874,-0.002564,0.009306,0.933688,-2.294153,-0.654735,0.057509,7.454e-12
294,0.014275,0.065987,0.412814,0.993379,-0.009771,0.114471,-0.036924,0.916364,0.398639,-0.108792,-0.400226,0.909936,-13.5066,-33.4572,-17.8196,-17.6300,-7.7243,-12.0298,18.3460,26.6683,45.2837,13.6908,2.6612,12.0278,1.192062,-0.000839,-0.008923,0.941495,1.443364,-0.147059,-0.029504,1.275e-11
295,-0.044771,-0.004679,0.395208,0.876981,0.000544,-0.480525,0.006765,0.999886,0.013478,0.480478,-0.015070,0.876877,-23.8552,-34.3034,-23.4980,-56.4326,-23.7681,-33.4670,57.5951,29.4275,16.5790,58.1211,4.4336,27.9985,1.359155,-0.000488,0.000542,0.893470,0.493436,0.449031,-0.005889,1.379e-11
296,-0.013498,0.001329,0.396625,0.999625,-0.002552,0.027249,-0.001755,0.987618,0.156866,-0.027312,-0.156855,0.987244,-25.1392,-51.3222,-25.7431,-45.9887,-27.0715,-43.1477,36.7402,52.5745,17.4323,43.1871,13.4023,40.2968,0.918300,0.003213,0.002890,0.883189,0.860102,-0.965301,-0.008654,1.743e-11
297,-0.031582,-0.026260,0.387165,0.833864,-0.137433,-0.534587,-0.135744,0.887703,-0.439950,0.535018,0.439426,0.721568,-19.4259,-14.1887,-19.1661,-53.3911,-18.6969,-39.4136,16.8661,7.8277,12.9910,59.3735,4.6769,40.9949,2.744080,-0.001200,-0.000977,0.913691,-1.937785,2.386076,-0.000175,1.571e-11
298,0.039764,0.076230,0.398793,0.939351,-0.097643,0.328762,-0.126454,0.792460,0.596672,-0.318792,-0.602058,0.732051,-14.3622,-44.8792,-15.7525,-11.8300,-9.0113,-10.5138,4.8456,44.1999,17.2674,8.4328,26.7764,8.5285,1.986864,-0.002467,-0.006987,0.941301,1.531669,-0.549291,-0.033478,4.732e-12
299,0.028537,-0.005573,0.386654,0.999787,-0.000044,-0.020623,0.000759,0.999399,0.034664,0.020609,-0.034672,0.999186,-33.3352,-57.0186,-29.5351,-57.0495,-30.6433,-55.2216,2.0077,55.0608,42.0421,58.5789,33.7256,51.3072,0.892104,-0.009428,0.002781,0.859941,0.366335,1.248731,0.004776,8.718e-12
300,0.000815,0.023061,0.397844,0.990952,-0.027857,0.131297,-0.013963,0.951520,0.307269,-0.133492,-0.306322,0.942522,-26.5130,-52.6301,-26.3528,-38.3901,-26.2609,-36.4282,59.3130,48.0223,31.3496,29.9522,43.9489,27.2107,1.305390,-0.000259,-0.000134,0.881333,0.976834,-1.424690,0.000262,1.036e-11
301,-0.021086,0.002801,0.397047,0.998877,0.000582,-0.047368,0.000559,0.999710,0.024083,0.047368,-0.024082,0.998587,-24.8339,-47.3346,-26.2517,-48.8417,-26.2156,-46.0838,36.9823,47.6027,6.5194,47.7647,10.3910,46.0333,0.416223,0.003686,-0.000084,0.884209,-0.021073,-0.884505,-0.001642,8.037e-12
302,-0.018232,0.009700,0.389805,0.987612,0.017742,0.155911,0.016707,0.976052,-0.216897,-0.156025,0.216815,0.963664,-25.7871,-45.6152,-30.0413,-44.1688,-27.0367,-56.9899,49.9374,41.3405,4.3399,37.8579,29.7082,59.9161,1.840529,0.006995,-0.006557,0.875588,-1.862790,-2.008732,0.011371,3.099e-11
303,-0.048927,0.005533,0.386408,0.761920,0.019761,-0.647370,0.009645,0.999077,0.041849,0.647600,-0.038130,0.761026,-23.7806,-30.2490,-24.6447,-60.8901,-24.7583,-28.1145,47.6025,21.6293,30.6912,59.9286,40.9084,18.7266,2.359312,0.001496,0.000105,0.890011,-0.138687,2.605652,-0.002159,4.467e-12
304,0.015222,0.023557,0.389495,0.996862,0.023845,-0.075485,0.013193,0.890179,0.455420,0.078054,-0.454986,0.887071,-27.5492,-56.9909,-25.3444,-48.5078,-27.0967,-32.5022,11.1134,56.8463,34.7735,46.4745,50.7446,22.9553,1.981774,-0.003217,0.003432,0.879936,1.666614,1.645453,0.030893,2.010e-11
305,-0.013435,-0.043107,0.396033,0.967773,-0.081457,-0.238284,-0.050279,0.864684,-0.499794,0.246752,0.495668,0.832722,-20.4948,-18.1487,-21.1452,-43.5532,-21.9790,-45.4048,17.8185,9.8829,48.2397,40.7745,22.4496,44.0056,1.958423,0.001675,0.001300,0.904443,-1.418771,1.710990,0.011364,1.390e-11
306,0.009756,0.017621,0.392356,0.990829,0.032873,-0.131061,0.019838,0.924053,0.381749,0.133657,-0.380848,0.914927,-27.1470,-52.8201,-25.6142,-48.9326,-26.7964,-32.5230,15.2424,50.4738,45.9527,45.9054,48.0596,22.7298,1.865143,-0.002207,0.002190,0.880499,1.764694,1.903958,0.017409,1.659e-11
307,-0.082777,0.047571,0.383218,0.725134,0.148271,-0.672455,0.164988,0.910690,0.378713,0.668550,-0.385564,0.635909,-9.4749,-25.4553,-20.9922,-48.4372,-14.7193,-2.6279,4.0501,22.2265,42.5050,45.1293,17.0491,0.8516,2.676824,0.011014,-0.006997,0.931762,1.832229,2.917785,0.014746,5.396e-12
308,-0.017048,-0.007642,0.402168,0.945345,-0.019863,-0.325467,-0.011247,0.995563,-0.093425,0.325879,0.091979,0.940927,-21.3881,-29.5268,-22.9375,-46.9182,-23.1149,-34.3877,13.8945,22.7226,47.5018,42.9592,44.4471,28.7731,1.491937,0.002666,0.000291,0.898630,-0.303951,2.527535,0.002501,6.508e-12
309,0.010991,-0.001766,0.409056,0.991568,0.001370,0.129579,0.001744,0.999712,-0.023914,-0.129574,0.023939,0.991281,-21.7806,-36.7580,-21.3679,-31.5339,-21.4858,-38.0055,31.4167,31.8667,33.8930,25.4980,34.7319,33.3262,0.416936,-0.000565,0.000163,0.903197,-0.122436,-0.425328,0.000210,1.479e-11
310,0.046061,-0.055437,0.399428,0.920411,0.140691,0.364760,0.061551,0.869220,-0.490579,-0.386077,0.473986,0.791380,-20.6213,-20.2585,-14.3941,-15.0488,-16.5276,-46.9009,43.7808,12.1802,43.2698,10.7390,4.7871,43.8321,1.890564,-0.006373,0.002560,0.922654,-0.703823,-1.663573,-0.079158,3.500e-12
311,-0.023343,-0.035028,0.403914,0.954143,-0.066782,-0.291806,-0.037939,0.939960,-0.339170,0.296937,0.334687,0.894323,-18.7439,-19.5158,-19.8970,-42.3595,-19.9779,-37.5369,24.0468,12.5708,47.9367,40.4834,5.9516,35.7437,1.421284,0.001913,0.000187,0.912112,-0.152738,1.332213,0.016254,1.793e-11
312,-0.010428,-0.010033,0.396929,0.948761,-0.037252,-0.313790,-0.035662,0.974060,-0.223463,0.313975,0.223204,0.922822,-23.9591,-31.0753,-23.1543,-51.5325,-22.2989,-42.9721,18.2031,25.7410,21.9648,54.3101,18.0581,42.2129,1.593960,-0.002917,-0.001738,0.895882,-0.937123,1.580661,-0.002502,1.455e-11
313,0.013596,-0.019480,0.389687,0.999444,0.002124,0.033280,0.012942,0.895032,-0.445814,-0.030733,0.445997,0.894507,-28.3760,-35.0128,-28.7033,-45.6575,-27.2852,-59.0141,25.9773,24.1434,50.5428,39.3008,50.8257,56.9747,1.879603,-0.000952,-0.002682,0.873371,-2.169912,0.831911,-0.014603,1.490e-11
314,0.003055,-0.024437,0.415920,0.999603,-0.000399,0.028186,0.005227,0.985185,-0.171416,-0.027700,0.171495,0.984795,-16.7748,-22.7316,-13.9290,-25.9539,-19.4872,-31.6876,27.7611,20.2169,5.8153,20.8757,54.2027,24.6070,0.694023,-0.000099,0.005953,0.924734,-1.506407,-0.027848,0.005056,2.396e-11
315,0.022425,-0.013578,0.387471,0.996028,-0.023897,-0.085768,-0.015843,0.900363,-0.434852,0.087614,0.434484,0.896408,-28.3290,-34.0795,-27.5610,-49.9523,-24.8675,-57.3411,2.3351,24.4846,44.6344,49.4553,42.2147,58.0061,2.212249,-0.005286,-0.005502,0.878669,-2.020934,2.056269,-0.047918,3.132e-11
316,-0.027774,0.026640,0.414882,0.972012,0.007531,-0.234811,0.036964,0.982135,0.184512,0.232006,-0.188027,0.954368,-14.7904,-26.9183,-18.8838,-32.5961,-14.0354,-17.0270,32.1409,20.3215,41.5954,28.6325,8.9505,13.8062,0.956829,0.002057,-0.004982,0.928488,1.148921,0.485313,0.029735,6.295e-12
317,0.011139,0.027393,0.385633,0.887061,-0.076995,0.455186,-0.057521,0.959877,0.274460,-0.458055,-0.269645,0.847040,-26.7016,-60.7208,-28.1773,-31.6805,-28.4541,-46.1503,53.3623,59.7122,16.9708,19.9476,53.5430,40.5389,2.330743,0.003603,0.000276,0.874728,0.081825,-2.977215,-0.029182,2.145e-11
318,-0.130183,-0.018652,0.362559,0.413669,0.001754,-0.910426,-0.132055,0.989538,-0.058095,0.900799,0.144259,0.409573,-5.6729,-1.8209,-14.7921,-57.1912,-21.1465,-10.0537,17.6430,1.9495,2.0924,53.4399,45.5271,4.3740,3.168852,0.014501,0.005459,0.937336,-0.991764,2.950509,-0.147101,3.727e-12
319,0.010105,0.001699,0.387807,0.974902,0.018203,-0.221890,0.017970,0.986966,0.159920,0.221909,-0.159893,0.961868,-32.4738,-53.4885,-28.9499,-59.4185,-30.4061,-45.0970,23.1089,48.8119,46.0349,59.1437,43.3837,36.0904,1.565529,-0.007076,0.003165,0.862319,0.818223,1.846767,0.008873,2.120e-11
320,-0.006335,-0.019179,0.390532,0.941983,-0.030550,-0.334268,-0.023799,0.987264,-0.157299,0.334816,0.156128,0.929259,-30.0209,-39.0828,-28.2651,-58.6338,-28.4063,-47.3140,34.3240,29.7330,59.0052,57.0731,30.8291,40.1831,1.634745,-0.003840,0.000363,0.869962,0.226821,2.032948,-0.017532,1.780e-11
321,0.029868,-0.065136,0.379046,0.924875,0.172099,0.339100,0.124847,0.704881,-0.698252,-0.359194,0.688131,0.630441,-21.8815,-17.9834,-15.7130,-20.0093,-20.7910,-58.9337,49.7566,11.1881,13.3706,15.2113,26.7279,57.4962,3.026544,-0.005262,0.006952,0.911597,-3.354414,-2.413646,-0.021803,7.428e-12
322,-0.005892,0.006882,0.394651,0.992126,0.002634,-0.125215,0.001516,0.999453,0.033041,0.125233,-0.032971,0.991579,-31.1187,-48.8078,-30.8744,-53.6008,-30.6741,-47.0924,52.7654,39.6347,45.4401,46.4019,57.8590,37.6772,0.512489,-0.000752,-0.000382,0.861208,-0.277399,0.542127,0.001577,8.170e-12
323,-0.007595,-0.017466,0.410998,0.987206,-0.020019,-0.158185,-0.006209,0.986508,-0.163595,0.159326,0.162484,0.973763,-17.2510,-25.2109,-18.0887,-36.6913,-18.0031,-33.7150,5.0687,22.3544,33.7976,36.2150,9.6000,33.4520,0.888206,0.001338,-0.000090,0.920026,0.060715,1.265468,0.005646,1.957e-11
324,-0.034891,-0.020568,0.396737,0.866196,-0.079193,-0.493390,-0.078411,0.953590,-0.290718,0.493515,0.290506,0.819786,-16.6105,-16.0713,-18.0920,-47.7541,-19.6168,-32.1468,5.2848,11.6143,18.9121,48.6488,32.9246,30.4059,2.278757,0.003737,0.002200,0.918023,-1.686682,2.865463,-0.000038,7.085e-12
325,0.044900,0.032875,0.378443,0.745389,-0.180088,0.641844,-0.161575,0.885304,0.436039,-0.646753,-0.428725,0.630797,-21.0081,-57.2810,-19.0237,-11.2200,-17.3830,-31.8031,39.8158,59.6342,17.0634,4.8609,10.0684,28.8662,3.268470,-0.004652,-0.002540,0.912814,2.274384,-3.974948,0.001491,6.443e-10
326,0.026769,0.071613,0.382798,0.962063,-0.106738,0.251080,-0.094817,0.732119,0.674545,-0.255820,-0.672762,0.694224,-22.9275,-56.5778,-23.9409,-24.2372,-15.9208,-17.5441,51.9765,50.0628,52.9501,17.3497,16.8261,10.0158,2.644337,-0.004085,-0.009656,0.905219,3.438310,-1.437754,0.007140,8.016e-12
327,0.003273,-0.069422,0.389044,0.999451,-0.008394,0.032040,0.027284,0.757095,-0.652735,-0.018779,0.653251,0.756908,-21.5956,-15.9093,-19.3664,-33.4155,-25.7851,-52.8941,34.4826,6.8484,44.8846,24.0452,58.5951,46.3207,2.230937,0.001162,0.007591,0.899627,-2.741307,0.388002,0.028440,8.510e-12
328,0.070552,-0.032545,0.405161,0.830295,0.109137,0.546533,0.061458,0.956729,-0.284417,-0.553925,0.269739,0.787660,-15.7380,-22.4854,-9.8804,-3.3179,-10.6979,-37.7387,8.5393,19.6221,30.5286,1.3772,1.1424,38.2655,1.750880,-0.006413,0.000958,0.945546,-0.209256,-1.331507,-0.054312,4.505e-12
329,-0.022484,0.046508,0.416461,0.995173,0.033851,-0.092116,-0.001848,0.944927,0.327277,0.098122,-0.325527,0.940428,-13.1570,-29.7000,-18.9955,-25.4913,-15.0756,-12.4052,25.1147,23.1776,40.1867,15.2615,51.8704,5.8982,0.894405,0.003207,-0.002869,0.929292,0.341869,0.373788,-0.042871,5.797e-10
330,0.044506,0.009212,0.403973,0.879167,-0.027778,0.475703,0.028157,0.999583,0.006331,-0.475681,0.007829,0.879583,-18.7578,-38.7844,-16.9839,-16.7405,-18.8886,-39.1823,2.7528,39.2752,3.6514,10.6343,57.6424,37.3291,1.677330,-0.001507,0.002547,0.917976,-1.602542,-1.052461,0.029707,1.218e-11
331,0.068661,-0.039313,0.399297,0.854575,0.088722,0.511694,0.079905,0.951103,-0.298359,-0.513144,0.295857,0.805699,-20.5973,-24.8226,-9.8361,-8.3614,-14.8959,-41.3018,48.1119,20.8716,2.6832,6.9733,21.7791,35.6221,1.911596,-0.009963,0.005351,0.931833,-1.235941,-2.288696,-0.007345,4.112e-12
332,0.058400,0.026210,0.404965,0.888927,-0.042162,0.456105,-0.053677,0.979306,0.195139,-0.454893,-0.197947,0.868268,-21.4937,-40.2391,-18.2482,-13.4418,-15.1411,-29.5039,38.6773,32.6233,42.7350,6.2139,34.9719,22.7697,1.414385,-0.005453,-0.003024,0.917739,0.664079,-1.204150,-0.012362,7.262e-12
333,0.044056,-0.019376,0.383513,0.812366,0.093315,0.575633,0.111120,0.944256,-0.309891,-0.572462,0.315710,0.756713,-26.9389,-41.9458,-25.3912,-22.8541,-26.4769,-59.8603,43.2439,34.0459,43.7960,9.9925,58.0576,55.7741,2.492680,-0.001689,0.001424,0.881436,-1.903921,-2.395016,0.003906,1.753e-11
334,-0.113130,0.006829,0.377633,0.533205,-0.033556,-0.845320,0.062306,0.998057,-0.000317,0.843688,-0.052500,0.534260,-10.6451,-11.3137,-20.5182,-55.3011,-16.8064,-8.7198,48.5329,3.1012,37.5021,51.9233,5.1745,4.5440,2.647864,0.009169,-0.003257,0.928017,0.637702,1.902854,0.118026,6.330e-12
335,-0.047940,0.012123,0.422181,0.968968,0.012048,-0.246892,0.006760,0.997146,0.075191,0.247093,-0.074527,0.966122,-10.9628,-16.8192,-16.7208,-26.0985,-15.6058,-12.8903,40.9804,8.2985,45.1811,14.2888,47.9002,4.6628,0.588409,0.002672,-0.000500,0.935203,0.002033,0.007096,-0.006800,1.423e-11
336,-0.031439,-0.031711,0.387739,0.902663,-0.090815,-0.420657,-0.088379,0.917526,-0.387732,0.421176,0.387169,0.820190,-26.6085,-27.3889,-26.2215,-58.2764,-25.6726,-48.7982,51.4016,17.4557,41.2474,58.5488,5.7237,45.8100,1.813755,-0.001511,-0.001070,0.882366,-0.691181,0.973619,-0.002985,8.681e-12
337,0.085411,0.001934,0.410743,0.896179,-0.052671,0.440556,0.016615,0.996216,0.085306,-0.443382,-0.069130,0.893663,-20.4425,-28.2725,-7.9030,-5.5841,-10.5030,-24.2692,53.9749,22.3215,0.8811,5.8505,31.3896,13.7902,1.223890,-0.009143,0.001620,0.941928,-0.139319,-0.946153,0.081854,8.787e-10
338,0.033341,0.041024,0.413136,0.975811,-0.038287,0.215238,-0.025442,0.957966,0.285753,-0.217131,-0.284317,0.933819,-18.5601,-35.1879,-16.6435,-17.6512,-11.2415,-20.0629,44.8665,27.7846,30.8617,14.5832,12.0671,15.2228,1.060695,-0.005029,-0.005146,0.930389,1.001557,-0.972317,0.013163,4.609e-12
339,-0.003346,0.000263,0.408249,0.999147,0.000291,-0.041294,-0.000567,0.999978,-0.006652,0.041292,0.006670,0.999125,-23.6814,-36.0217,-23.8666,-38.0536,-24.3499,-36.3684,45.3174,27.4400,45.0704,29.2015,54.8483,27.2635,0.205457,0.000618,0.000605,0.892321,-0.294310,0.300927,-0.000625,9.331e-12
340,-0.009427,-0.008517,0.394991,0.991580,-0.009186,0.129166,-0.008704,0.990497,0.137258,-0.129199,-0.137227,0.982078,-26.0111,-52.4969,-26.6593,-43.0605,-28.4219,-45.3256,46.1980,52.3329,36.0373,37.0268,11.3010,40.7906,1.295880,0.003653,0.003641,0.878343,1.502611,-1.509081,-0.000667,1.714e-11
341,0.081597,-0.119416,0.360059,0.816874,0.241969,0.523610,0.278010,0.630208,-0.724947,-0.505398,0.737759,0.447531,-22.1889,-10.7821,-6.2264,-5.9942,-21.9441,-58.0257,41.8582,6.1245,23.5937,0.2599,50.6958,46.8223,2.845541,-0.008087,0.013165,0.924558,-2.081671,-1.308778,0.043256,3.664e-12
342,-0.066022,0.000866,0.404648,0.827774,-0.028475,-0.560339,0.020665,0.999581,-0.020268,0.560681,0.005198,0.828015,-14.5084,-17.1970,-18.7675,-44.1929,-16.5314,-17.6229,50.2044,9.2945,33.9758,41.5471,5.8667,12.7323,1.573733,0.003821,-0.002251,0.925362,0.532633,0.918663,0.053215,5.146e-12
343,0.030135,0.038366,0.399691,0.935164,-0.081566,0.344696,-0.096982,0.876981,0.470637,-0.340680,-0.473552,0.812210,-16.9088,-47.7155,-17.0756,-18.2183,-14.0564,-21.4412,11.0653,50.0217,22.0309,15.6114,6.2460,19.9889,2.124020,-0.002261,-0.004208,0.927622,2.429763,-1.336160,-0.008651,8.959e-12
344,0.051013,0.023427,0.398585,0.859797,-0.063312,0.506696,-0.067667,0.969407,0.235949,-0.506133,-0.237155,0.829209,-21.8042,-47.8361,-20.6619,-17.1304,-19.5547,-34.7628,18.1821,44.7624,38.9983,8.0122,49.0267,29.3085,1.656415,-0.002506,-0.001404,0.907022,0.648689,-1.159011,-0.003721,6.823e-12
345,-0.021298,0.023006,0.394495,0.995406,0.010746,-0.095135,0.011362,0.973400,0.228830,0.095063,-0.228860,0.968806,-26.6252,-52.7905,-27.5349,-51.0985,-27.5618,-40.7779,46.4135,51.9890,2.2827,48.5929,33.1411,36.4346,0.808927,0.002313,0.000048,0.877598,0.007666,-0.690901,-0.010656,8.725e-12
346,0.070848,0.023618,0.413705,0.890858,-0.025651,0.453557,-0.040110,0.990064,0.134775,-0.452507,-0.138257,0.880978,-15.9011,-29.1300,-10.4615,-4.1870,-7.0075,-21.6933,23.2353,24.3282,19.9230,3.5947,8.5441,19.1831,1.235513,-0.006739,-0.002775,0.950047,0.366161,-0.899239,-0.017616,1.391e-11
347,0.026446,0.002941,0.396064,0.973627,0.002146,0.228136,0.003793,0.999665,-0.025592,-0.228115,0.025782,0.973293,-28.0296,-49.9528,-28.0377,-40.2749,-27.6565,-51.3067,15.9848,45.2067,44.4552,33.1852,52.4100,47.4483,0.672765,-0.000422,-0.000754,0.874610,-0.399585,0.228328,-0.003915,2.155e-11
348,0.003417,0.003106,0.392612,0.930010,-0.005671,0.367490,-0.003893,0.999673,0.025277,-0.367513,-0.024939,0.929684,-25.4015,-51.6432,-27.1931,-34.0522,-27.1820,-50.3352,49.0219,49.7165,24.9380,24.6940,29.6073,48.0413,1.833161,0.004068,-0.000045,0.880170,-0.040953,-2.634507,-0.003457,1.943e-11
349,-0.034531,0.010808,0.398190,0.932872,0.008417,-0.360110,0.000602,0.999689,0.024927,0.360208,-0.023471,0.932577,-24.8005,-37.2720,-24.8439,-53.2270,-24.5432,-36.0357,56.3417,31.4045,7.5953,52.3472,31.2365,30.1959,1.078165,-0.000217,-0.000591,0.888872,-0.703062,0.238520,0.005295,1.649e-11
350,0.019456,0.028057,0.387143,0.999937,0.001895,0.011103,0.000162,0.983229,-0.182377,-0.011263,0.182367,0.983166,-30.1485,-47.6345,-30.9943,-51.9276,-25.8675,-57.1496,8.1162,40.5771,10.6705,51.6538,58.0201,59.4929,1.691325,-0.004730,-0.012079,0.869512,-2.284455,0.912771,-0.020596,2.660e-11
351,0.086679,-0.085191,0.378186,0.813253,0.237921,0.531049,0.157897,0.788134,-0.594907,-0.560078,0.567661,0.603385,-23.9247,-17.5796,-9.3699,-6.0395,-17.6053,-52.1508,56.1812,8.9575,33.2662,2.2163,26.1510,42.9631,2.416051,-0.010216,0.007424,0.923716,-1.281763,-1.690979,-0.090978,2.097e-12
352,0.020072,0.048444,0.393476,0.965237,-0.082972,0.247857,-0.077647,0.814442,0.575026,-0.249576,-0.574282,0.779687,-20.4389,-54.2180,-20.5415,-25.9606,-18.8392,-21.9727,24.2270,55.3358,18.7063,20.9141,34.1587,15.8970,2.163346,-0.001212,-0.002437,0.910108,2.084000,-1.028273,0.002199,4.926e-12
353,-0.006320,0.001444,0.402195,0.999526,0.001355,-0.030752,0.002441,0.992396,0.123062,0.030684,-0.123079,0.991922,-23.3837,-44.9171,-23.2004,-43.0921,-23.9127,-38.5052,27.2536,44.7278,21.1717,41.6863,14.7273,35.5231,0.601565,0.000410,0.001445,0.894393,0.802389,-0.230050,-0.002085,1.323e-11
354,-0.014191,-0.033467,0.387044,0.954143,-0.077910,-0.289035,-0.072804,0.876151,-0.476506,0.290363,0.475698,0.830302,-27.4465,-27.9592,-27.1260,-54.9429,-26.0951,-54.1498,38.9674,16.9986,49.5488,53.5877,17.7158,52.1498,1.984720,-0.001930,-0.001995,0.879038,-1.253748,1.223743,-0.008091,1.253e-11
355,-0.028242,-0.032187,0.404153,0.958371,-0.038071,-0.282976,-0.072755,0.925796,-0.370956,0.276101,0.376102,0.884486,-18.0538,-16.5406,-16.9208,-39.6195,-20.1471,-36.8505,38.8282,11.1006,8.1798,38.2076,28.8839,33.1674,1.625018,0.000867,0.004236,0.917209,-2.030483,0.449804,-0.023705,7.687e-12
356,0.067607,0.041843,0.386671,0.752063,-0.156039,0.640354,-0.146312,0.907804,0.393045,-0.642646,-0.389286,0.659895,-21.1273,-54.1564,-19.4293,-9.9942,-18.0550,-31.2405,7.3988,53.6358,28.4222,0.5962,59.8033,25.8294,2.304562,-0.003468,-0.001760,0.912075,0.749328,-1.475495,0.008299,6.781e-12
357,-0.076529,0.054635,0.419177,0.932671,0.016203,-0.360363,0.055814,0.980478,0.188539,0.356383,-0.195959,0.913560,-3.6034,-11.3972,-16.4530,-22.8341,-7.4955,-1.0585,23.9892,2.9602,44.6502,12.7081,17.8596,1.1757,0.984652,0.002833,-0.002555,0.958843,-0.328040,-0.341291,0.054894,1.224e-10
358,0.027486,0.010123,0.413066,0.958766,-0.017819,0.283638,-0.003615,0.997187,0.074866,-0.284174,-0.072804,0.956004,-16.4105,-35.0615,-15.4882,-20.1669,-16.1444,-31.2157,2.1240,36.1017,6.6250,17.2031,33.3230,30.2856,0.870992,-0.000959,0.000890,0.928026,-0.478132,-0.522215,0.009604,1.694e-11
359,-0.032935,0.072727,0.410779,0.963813,0.010865,-0.266360,0.091076,0.925628,0.367311,0.250541,-0.378278,0.891143,-13.2133,-26.7461,-20.1321,-28.5473,-8.5947,-6.4678,46.0598,15.3814,46.8649,23.6753,4.2263,4.0892,1.262648,0.001164,-0.008223,0.937266,0.901680,0.156117,0.095540,9.965e-10
360,0.025412,0.002826,0.382624,0.819724,-0.084829,0.566442,-0.109043,0.947770,0.299737,-0.562283,-0.307468,0.767660,-23.1275,-57.8769,-23.5535,-21.7784,-23.5055,-40.3785,42.7635,59.3773,47.1608,12.2830,2.0925,36.8467,3.049855,0.000820,0.000361,0.893701,2.987066,-3.494622,0.020953,2.330e-11
361,-0.006655,-0.010903,0.393335,0.947230,0.032602,-0.318892,0.038337,0.976153,0.213673,0.318253,-0.214622,0.923392,-25.1712,-44.0201,-22.4607,-52.8975,-24.6512,-32.5062,17.2021,43.3151,44.1671,55.4536,6.0720,25.6138,2.046559,-0.003745,0.004577,0.891304,2.352367,1.855269,-0.019580,2.680e-11
362,-0.023367,0.015215,0.427792,0.984141,0.005851,-0.177294,0.010659,0.995699,0.092028,0.177070,-0.092458,0.979846,-10.6510,-15.3430,-12.3816,-20.9523,-10.8985,-10.5116,39.9291,8.4754,24.6396,15.4028,27.1064,4.1493,0.460361,0.000546,-0.000708,0.949190,0.009503,0.007369,0.006381,1.511e-11
363,-0.009427,0.053305,0.418560,0.995777,0.002996,-0.091757,0.027564,0.943600,0.329937,0.087571,-0.331073,0.939533,-12.1607,-27.0424,-15.5903,-22.3383,-8.3809,-9.4943,27.5212,21.3528,26.3798,20.1585,4.8539,7.9955,0.932425,-0.000119,-0.006110,0.945893,0.899406,-0.011418,0.028616,2.251e-12
364,-0.061167,0.022897,0.422963,0.954447,0.039204,-0.295792,0.009888,0.986631,0.162673,0.298215,-0.158187,0.941299,-4.5842,-14.0123,-12.7958,-23.4393,-11.2902,-5.5444,9.4329,12.2214,21.0657,15.7367,32.2119,3.2261,0.817256,0.004667,-0.000857,0.957126,0.039337,0.179753,-0.038340,1.267e-10
365,0.077389,0.012509,0.402285,0.836539,-0.054827,0.545157,-0.016336,0.992043,0.124837,-0.547664,-0.113337,0.828987,-22.9045,-38.5170,-16.2240,-9.1854,-16.7191,-32.1197,41.9766,30.3288,38.2418,0.4321,59.0829,21.4262,1.491868,-0.006121,0.000335,0.916363,-0.046528,-0.985171,0.045046,1.002e-11
366,-0.003331,-0.009041,0.397274,0.998533,-0.006961,-0.053702,-0.006917,0.967183,-0.253986,0.053707,0.253985,0.965716,-24.1258,-37.7814,-24.7532,-46.8989,-23.1431,-51.1323,14.2208,35.4937,14.4776,48.5420,7.3083,54.8216,1.021809,-0.000467,-0.003683,0.892111,-0.915444,0.115675,0.001516,1.434e-11
367,-0.005763,0.027834,0.384975,0.999664,0.001737,-0.025866,0.001679,0.991318,0.131472,0.025870,-0.131471,0.990982,-33.2874,-62.0039,-34.5435,-59.7455,-32.7155,-55.1519,39.8676,58.2924,13.0829,56.1134,52.4973,51.8010,0.533312,0.000972,-0.004501,0.849424,-0.618231,-0.133517,-0.000149,6.806e-12
368,0.001267,-0.015978,0.410599,0.998745,0.013738,0.048173,-0.004421,0.982082,-0.188404,-0.049898,0.187954,0.980909,-21.1567,-27.9480,-17.8517,-30.5954,-20.1182,-37.7661,57.7520,22.1399,8.0195,26.9021,30.5119,31.8967,0.932194,-0.003158,0.002938,0.911255,-1.305519,-1.374923,-0.011802,1.461e-11
369,-0.046885,0.036619,0.389581,0.827688,0.134444,-0.544847,0.148616,0.883704,0.443825,0.541153,-0.448322,0.711450,-15.3522,-34.2198,-19.4135,-48.2956,-16.4076,-8.3821,14.8991,33.0461,26.5913,49.8569,10.5937,3.5684,2.652237,0.004222,-0.004142,0.922688,2.396580,2.489161,0.007599,5.335e-12
370,0.072908,-0.114567,0.354303,0.800382,0.302419,0.517620,0.320343,0.514071,-0.795683,-0.506723,0.802666,0.314576,-16.9703,-4.4735,-3.1447,-1.7368,-16.9040,-59.3405,16.7038,4.1709,2.7258,0.7256,21.8458,57.2124,3.461844,-0.008603,0.014436,0.944054,-3.068923,-1.851387,0.020420,5.772e-12
371,0.018202,-0.028697,0.401324,0.976152,0.036785,0.213950,0.054647,0.912166,-0.406160,-0.210098,0.408166,0.888403,-20.2244,-25.5934,-18.0504,-26.8058,-21.0588,-47.6295,25.7013,21.1725,11.5703,21.6608,45.3193,45.7509,1.815195,-0.001165,0.004148,0.910699,-2.675677,-0.792503,0.008026,1.032e-11
372,0.061482,-0.000596,0.395074,0.733607,0.001090,0.679573,0.015235,0.999721,-0.018049,-0.679403,0.023594,0.733386,-16.9190,-38.0730,-13.3834,-5.1287,-13.9215,-39.4153,7.0608,40.4005,5.5169,1.7345,14.2991,41.4389,2.395376,-0.005284,0.000670,0.933333,-0.333845,-2.778826,0.009010,5.127e-12
373,-0.058110,0.020806,0.392716,0.822476,0.056381,-0.565999,0.075285,0.975530,0.206576,0.563796,-0.212515,0.798105,-20.7272,-32.0221,-25.2454,-53.3458,-22.9888,-20.1984,52.0068,22.4729,50.1836,47.0904,39.7360,10.1175,1.963528,0.004755,-0.002657,0.896464,1.053077,1.909814,0.015784,6.437e-12
374,0.014090,0.013991,0.396424,0.989907,0.005035,0.141629,0.005013,0.997499,-0.070500,-0.141630,0.070498,0.987406,-25.5491,-47.3423,-26.6089,-42.8015,-24.5498,-51.0281,6.9397,45.8255,10.7457,41.2498,35.8914,53.2478,0.862397,0.000058,-0.004672,0.885074,-1.159432,-0.007111,-0.012914,1.138e-11
375,0.025750,-0.005834,0.382180,0.766951,-0.001387,0.641704,-0.021666,0.999372,0.028056,-0.641340,-0.035421,0.766439,-24.0106,-51.9885,-24.1523,-19.6045,-23.8862,-49.8457,57.1076,50.5278,35.0481,8.8780,9.9509,48.1047,3.024008,0.000255,-0.000143,0.890915,0.972806,-4.470780,0.014127,1.978e-11
376,-0.017595,0.033803,0.387031,0.947605,0.102528,-0.302544,0.102114,0.800178,0.591005,0.302684,-0.590934,0.747783,-21.2836,-49.8836,-20.4072,-47.9789,-21.3401,-16.2994,21.4670,52.7977,10.2648,50.2658,21.4318,8.2377,2.623692,-0.000946,0.001878,0.905152,2.594002,1.302416,-0.000368,1.642e-11
377,0.045765,-0.061944,0.399292,0.911134,0.093730,0.401310,0.140747,0.844467,-0.516784,-0.387331,0.527342,0.756230,-14.6720,-14.8119,-8.6927,-10.6150,-15.6644,-44.6007,3.4007,14.9041,6.9302,8.2027,26.1035,44.3705,2.095308,-0.003521,0.007951,0.941285,-2.129497,-0.973790,0.045713,5.088e-12
378,0.011196,0.043760,0.386268,0.999074,0.016834,0.039595,-0.039001,0.742960,0.668198,-0.018169,-0.669124,0.742929,-19.9153,-54.5073,-22.3760,-34.7220,-19.7382,-16.4858,3.1966,55.3655,55.3106,30.0483,24.4728,9.6804,2.852625,0.001468,-0.003960,0.906082,4.053920,1.142114,-0.002124,1.186e-12
379,-0.085575,0.029621,0.391864,0.717214,0.052861,-0.694845,0.126805,0.970571,0.204724,0.685218,-0.234941,0.689405,-11.0464,-19.9591,-19.5389,-47.8520,-14.3570,-6.5989,32.5661,14.3213,32.2445,46.0623,4.0358,3.7615,2.267075,0.007461,-0.005273,0.932483,1.234119,1.808441,0.079227,8.663e-12
380,0.003360,-0.009365,0.387332,0.953030,0.040015,-0.300219,0.040097,0.965839,0.256020,0.300209,-0.256033,0.918870,-29.0597,-50.2289,-24.9254,-57.2383,-28.0036,-36.5235,17.5421,48.7414,50.5969,59.1588,20.6505,27.0641,2.242163,-0.006366,0.006598,0.876780,2.244951,2.146076,-0.009162,3.814e-11
381,-0.037250,-0.040245,0.387488,0.845663,-0.159076,-0.509459,-0.143382,0.851746,-0.503955,0.514096,0.499224,0.697482,-17.3306,-9.6753,-18.1394,-49.9261,-19.2604,-38.5787,15.2981,3.0827,23.9305,52.5515,11.6246,38.9470,2.709017,0.002267,0.001733,0.917459,-1.980408,2.498397,0.003835,6.509e-10
382,-0.082497,-0.023406,0.388918,0.665534,-0.096486,-0.740104,-0.092530,0.973293,-0.210093,0.740609,0.208306,0.638832,-13.1563,-8.0004,-16.3331,-52.2062,-17.4372,-20.3686,44.3864,2.3902,13.9919,53.9261,0.1766,16.9302,2.366857,0.005219,0.001350,0.929557,-0.448368,1.730998,0.003279,5.971e-12
383,-0.029212,-0.012587,0.391223,0.992588,-0.020869,-0.119725,-0.035633,0.891872,-0.450882,0.116189,0.451806,0.884518,-23.6714,-29.3519,-25.7405,-46.7832,-23.2926,-53.7163,52.7130,22.2551,5.3540,45.2571,10.9003,56.8838,2.120801,0.002231,-0.004919,0.890757,-2.405458,-1.211271,0.044227,2.284e-11
384,-0.106567,-0.039544,0.401426,0.822088,-0.078947,-0.563860,-0.061418,0.972265,-0.225673,0.566038,0.220155,0.794439,-2.3200,-1.6396,-12.7714,-35.1786,-17.6765,-14.0312,1.5746,2.0666,28.5341,25.5550,35.1061,11.7378,1.549351,0.009963,0.003340,0.951099,-0.299495,0.870557,0.021525,4.365e-10
385,-0.016068,0.013123,0.389897,0.972717,-0.025963,-0.230538,-0.028836,0.972482,-0.231187,0.230196,0.231527,0.945201,-28.7562,-39.3788,-29.7074,-55.9926,-26.5426,-51.6729,44.2891,30.2509,10.5381,54.5715,46.1958,50.2203,1.740014,-0.001435,-0.006699,0.872444,-2.318754,0.457625,0.028428,2.367e-11
386,-0.065591,0.035639,0.394327,0.802375,0.120118,-0.584607,0.093981,0.941886,0.322518,0.589374,-0.313722,0.744457,-13.8340,-27.5640,-19.9485,-47.6154,-17.8755,-9.6498,25.3349,23.9962,21.5452,44.6702,34.8910,3.5403,2.137969,0.006834,-0.002530,0.922371,0.805095,2.133508,-0.023340,6.579e-12
387,-0.150257,-0.027728,0.365847,0.512522,-0.047713,-0.857347,-0.106195,0.987268,-0.118427,0.852082,0.151743,0.500930,-0.9413,0.0940,-15.7565,-50.8252,-21.2625,-8.8419,2.7414,1.0360,24.2425,40.5456,47.4731,5.4650,2.611052,0.015882,0.003961,0.943319,-0.457794,2.005152,-0.069707,1.670e-12
388,-0.027513,-0.017015,0.384825,0.885993,-0.113042,-0.449709,-0.131023,0.869279,-0.476641,0.444803,0.481223,0.755364,-22.5913,-18.1554,-22.3663,-53.5403,-21.7748,-45.5084,30.0272,9.0180,9.4312,55.7539,33.5904,45.0942,2.846093,-0.000996,-0.001379,0.899296,-3.202993,1.907672,0.014310,2.057e-11
389,0.038666,-0.029396,0.408320,0.935414,0.053889,0.349425,0.045231,0.961954,-0.269440,-0.350650,0.267843,0.897388,-19.2783,-27.2745,-17.7764,-18.1555,-18.2947,-41.7022,17.7329,20.5752,57.4578,10.0667,27.4700,38.5419,1.128633,-0.001587,0.000578,0.917101,-0.164935,-0.454682,-0.008347,1.689e-11
390,-0.024721,-0.062285,0.397587,0.970617,-0.078206,-0.227565,-0.068673,0.816352,-0.573458,0.230621,0.572236,0.786994,-18.2022,-10.7550,-18.0762,-37.9447,-21.0157,-42.8074,38.2682,1.8005,48.5918,33.2786,14.0507,39.3954,1.791686,0.001816,0.003484,0.914104,-1.191677,0.620005,0.008720,8.233e-12
391,-0.042514,-0.039605,0.399304,0.923618,-0.087044,-0.373299,-0.057074,0.931790,-0.358484,0.379040,0.352408,0.855650,-19.0925,-17.2970,-21.9325,-44.8320,-24.3777,-36.5862,37.7596,7.3392,57.7616,36.0786,45.0547,29.0961,1.620823,0.005174,0.002801,0.901885,-0.883086,1.603081,0.026594,8.390e-12
392,0.002487,-0.031516,0.406002,0.997129,0.025023,0.071470,-0.002878,0.955663,-0.294448,-0.075670,0.293397,0.952991,-23.3259,-28.9677,-22.0801,-33.2684,-21.7946,-44.4397,58.0349,19.3459,54.2827,26.8801,8.6603,39.7025,1.062162,-0.002109,-0.000312,0.899284,0.146022,-1.170806,-0.017784,4.161e-12
393,-0.053380,-0.038568,0.395418,0.851150,-0.090303,-0.517097,-0.128463,0.919303,-0.371993,0.508961,0.383049,0.770864,-12.5242,-8.1208,-14.2471,-43.7406,-20.0967,-29.6491,6.8001,6.3129,3.2529,42.5352,45.8652,26.5612,2.336273,0.006890,0.007139,0.929180,-2.434547,2.421790,-0.025766,9.768e-12
394,0.049011,0.112665,0.366835,0.907516,-0.209202,0.364211,-0.214516,0.514650,0.830131,-0.361106,-0.831486,0.422176,-16.0762,-56.7383,-17.7098,-9.3292,-6.0072,-2.6583,15.7392,55.2851,17.9144,7.0980,16.5714,0.5975,3.111854,-0.005216,-0.012423,0.940027,2.787732,-1.175494,-0.007475,3.504e-12
395,-0.021927,0.015409,0.407920,0.960369,0.028294,-0.277291,0.038041,0.972221,0.230954,0.276122,-0.232349,0.932615,-16.9171,-33.1049,-18.8016,-39.6323,-17.1884,-20.7487,16.1504,31.3756,29.0254,39.4575,9.2097,17.4973,1.363346,0.001795,-0.002262,0.920546,1.541283,1.242347,0.005102,3.939e-12
396,-0.046863,-0.004988,0.394775,0.853190,-0.015707,-0.521364,-0.015478,0.998344,-0.055405,0.521370,0.055341,0.851534,-21.6546,-27.2959,-24.9675,-53.5060,-25.3958,-30.3235,37.2308,17.5833,52.7407,46.6046,54.6774,20.9406,1.882744,0.005177,0.000545,0.891766,-0.271414,2.577352,0.000042,5.404e-12
397,0.010275,-0.005156,0.408723,0.998128,-0.001493,0.061137,0.005534,0.997805,-0.065994,-0.060904,0.066209,0.995945,-22.0601,-35.1714,-22.9443,-34.1471,-23.5231,-38.6105,18.3797,28.4286,51.4510,25.2150,57.1811,32.1244,0.557379,0.001754,0.000764,0.897317,-0.417958,0.943870,0.004514,4.206e-12
398,-0.047123,-0.029317,0.388862,0.839658,-0.104952,-0.532879,-0.109764,0.928113,-0.355750,0.531909,0.357199,0.767777,-23.3928,-20.5584,-23.4639,-56.6082,-23.6463,-40.7173,58.6553,10.3763,32.1571,56.5935,10.2243,36.1682,2.025671,0.000247,0.000216,0.894291,-0.990561,1.130192,-0.000760,4.255e-12
399,-0.034303,0.029992,0.398565,0.918459,0.061181,-0.390755,0.034431,0.971845,0.233092,0.394014,-0.227540,0.890493,-23.4202,-38.5951,-23.5707,-50.8400,-23.9925,-26.3288,53.5296,32.9295,3.1889,48.0062,57.5876,16.5411,1.416156,0.000626,0.000547,0.893623,-0.710359,0.903531,-0.008649,1.131e-11
400,-0.040839,-0.041442,0.413932,0.952292,-0.024269,-0.304220,-0.058601,0.963742,-0.260321,0.299508,0.265730,0.916342,-10.9398,-10.2013,-11.1051,-31.1911,-17.8646,-24.3506,19.4879,9.5053,4.2057,27.6762,38.3881,19.0522,1.181923,0.003980,0.006376,0.940179,-1.180398,0.751578,-0.037194,1.327e-11
401,-0.029434,0.000639,0.404108,0.942081,-0.000227,-0.335384,-0.008321,0.999676,-0.024048,0.335281,0.025446,0.941774,-21.8833,-30.8523,-22.2272,-46.9117,-22.5703,-32.2022,44.9768,24.3544,22.8078,44.2132,34.2274,25.6551,1.042230,0.000846,0.000470,0.900091,-0.460284,0.836923,-0.003681,2.245e-11
402,-0.010684,0.008122,0.405073,0.983010,0.011872,-0.183165,0.009417,0.993330,0.114920,0.183308,-0.114692,0.976342,-22.8490,-38.1147,-23.8336,-43.4272,-23.4285,-32.1095,29.9836,31.9657,44.3392,38.0808,41.6809,24.7306,0.872639,0.001260,-0.000572,0.894899,0.565165,1.235772,-0.000961,1.711e-11
403,-0.009771,0.007885,0.396358,0.983413,-0.002627,-0.181362,-0.005791,0.998931,-0.045867,0.181288,0.046157,0.982346,-28.7139,-43.1708,-28.6241,-52.5792,-27.9179,-45.5935,45.2354,34.9544,29.9609,48.1384,52.0281,38.9970,0.857644,-0.000970,-0.001371,0.872251,-0.983818,0.683256,0.004739,7.857e-12
404,0.015384,0.010418,0.415965,0.988528,-0.008151,0.150820,-0.007317,0.994786,0.101720,-0.150863,-0.101656,0.983314,-17.1120,-32.6543,-16.3148,-23.1716,-15.4807,-27.3422,23.4103,30.1689,20.5282,20.0247,19.9413,24.3833,0.570439,-0.001719,-0.001024,0.926733,0.360565,-0.605080,0.000676,1.773e-12
405,-0.091387,0.015194,0.373715,0.529527,0.074682,-0.845000,0.085604,0.986328,0.140817,0.843963,-0.146901,0.515894,-13.5115,-18.6705,-20.1719,-59.7170,-18.6546,-9.5388,32.0963,13.6541,23.1167,59.9868,20.0766,3.8281,3.064817,0.008560,-0.001828,0.921040,0.671330,3.198312,0.010235,6.331e-12
406,0.036116,-0.088352,0.384601,0.947931,0.099093,0.302668,0.143528,0.715456,-0.683756,-0.284301,0.691594,0.663980,-20.4003,-13.8409,-14.1471,-19.4820,-23.2262,-54.3575,30.7164,6.9583,42.8540,10.5932,49.4417,47.5497,2.342904,-0.002214,0.009257,0.913252,-2.237749,-0.558776,0.047215,3.252e-12
407,-0.039200,-0.013978,0.429767,0.967868,0.001768,-0.251453,-0.012735,0.999037,-0.041992,0.251136,0.043845,0.966958,-7.5745,-7.0590,-8.9529,-19.6322,-11.4183,-9.3349,38.0292,2.1853,19.7437,13.4636,28.7336,1.9404,0.608309,0.000923,0.000750,0.958160,0.081549,-0.098930,-0.019997,3.367e-11
408,0.015175,-0.045484,0.386770,0.947493,0.127502,0.293259,0.085813,0.782057,-0.617271,-0.308049,0.610025,0.730052,-21.0005,-21.7987,-18.0809,-23.9042,-20.1467,-56.6280,46.3552,15.9012,9.0654,19.7220,17.6087,58.2024,2.820047,-0.002912,0.003213,0.910379,-3.099605,-2.535919,-0.005362,2.558e-12
409,-0.015992,0.024442,0.388514,0.898425,0.115844,-0.423572,0.100350,0.884891,0.454859,0.427508,-0.451162,0.783383,-20.7200,-42.5941,-20.8301,-50.7820,-20.8924,-17.3618,4.4998,42.4794,33.7212,52.8291,25.8594,9.8200,2.747268,-0.000018,0.000150,0.905633,2.464354,3.028583,0.006609,1.371e-11
410,-0.000379,0.019675,0.403591,0.999376,0.008743,-0.034231,0.004849,0.925782,0.378027,0.034995,-0.377957,0.925162,-19.4567,-43.9589,-20.2181,-35.5105,-19.0613,-23.8162,16.3327,43.9675,36.1887,33.5648,10.3190,19.4417,1.616605,0.000290,-0.001691,0.911677,2.492006,0.405796,-0.000596,8.412e-10
411,0.043687,-0.011151,0.398608,0.884554,0.034546,0.465156,0.045297,0.986177,-0.159380,-0.464233,0.162051,0.870763,-22.2045,-40.0637,-21.8440,-22.6348,-22.1255,-48.8710,4.7231,36.7376,43.4913,14.3292,42.4052,47.7491,1.445795,-0.000376,0.000383,0.900848,-0.695637,-0.680265,0.003180,5.242e-10
412,-0.011057,-0.022162,0.393026,0.992928,-0.017508,-0.117419,-0.018530,0.954087,-0.298955,0.117263,0.299017,0.947016,-29.6294,-38.7603,-29.8261,-52.0374,-29.3267,-54.5793,54.6783,28.1901,53.6067,45.7330,31.9193,49.2709,0.982946,-0.000113,-0.000956,0.867022,-0.667905,0.079209,0.001693,3.414e-12
413,0.005960,-0.057672,0.408868,0.999560,0.029525,0.002796,-0.025444,0.902173,-0.430624,-0.015236,0.430363,0.902527,-18.0844,-14.1578,-11.1573,-25.1142,-18.7521,-37.2843,51.3014,9.6058,2.0151,22.8975,32.5154,29.6709,1.402023,-0.003499,0.007831,0.927978,-1.767335,-0.757480,-0.052574,1.203e-11
414,0.065328,0.013033,0.389333,0.697069,-0.061433,0.714368,-0.075770,0.984432,0.158593,-0.712990,-0.164678,0.681562,-18.3306,-46.9424,-16.5172,-6.1532,-15.5264,-37.3438,0.6620,49.1200,24.5904,0.0854,20.8386,38.0082,2.525196,-0.003802,-0.001326,0.924188,0.829520,-2.429253,-0.009000,4.005e-12
415,-0.040806,0.004185,0.393490,0.865423,0.020619,-0.500618,0.051992,0.990063,0.130657,0.498338,-0.139102,0.855751,-24.2682,-35.5783,-26.1247,-55.3066,-24.7922,-27.9608,51.6987,26.1177,58.7823,50.9211,27.8282,18.0006,1.910282,0.001990,-0.001725,0.887061,1.534196,1.886787,0.012394,9.451e-12
416,-0.012230,0.038307,0.377635,0.927093,0.142555,-0.346664,0.119458,0.764260,0.633748,0.355285,-0.628955,0.691511,-24.5982,-53.5108,-24.2958,-53.2703,-24.7663,-17.0933,21.4041,52.4819,38.6102,51.9545,44.6184,4.8693,3.097713,-0.000498,0.000830,0.888813,3.005741,2.556370,0.012649,2.045e-11
417,0.014180,-0.014176,0.407929,0.987764,0.012011,0.155496,0.012606,0.987619,-0.156365,-0.155449,0.156412,0.975382,-23.5638,-32.6221,-20.2215,-29.6664,-22.7440,-40.8169,57.7071,25.0162,23.4940,22.2566,49.8525,32.3450,0.903124,-0.002927,0.003070,0.900206,-1.244010,-1.187126,0.000597,4.875e-12
418,0.011820,-0.048102,0.397685,0.999817,-0.005930,0.018187,0.014637,0.849267,-0.527761,-0.012317,0.527931,0.849198,-20.4638,-22.3234,-20.4759,-36.1999,-20.3551,-51.1874,1.3287,16.6323,53.9270,34.6935,1.0525,54.0647,1.643501,-0.000207,-0.000199,0.908127,-0.743449,0.953954,-0.003595,2.772e-12
419,0.050870,-0.018760,0.394846,0.813891,0.069516,0.576843,0.064507,0.975868,-0.208618,-0.577425,0.207002,0.789766,-21.1847,-35.5444,-17.3161,-13.3644,-18.5152,-47.1281,32.8887,32.2416,23.2324,7.0461,23.7697,45.6522,2.199987,-0.005080,0.001639,0.914165,-0.872147,-2.682093,-0.002841,6.774e-12
420,-0.007923,-0.034482,0.393916,0.998978,0.013677,0.043069,0.002917,0.931592,-0.363494,-0.045094,0.363248,0.930601,-27.9879,-37.1646,-28.4851,-44.7196,-28.3218,-56.4599,59.7426,27.3668,59.4288,36.6948,17.0585,52.5030,1.214602,0.000920,-0.000263,0.872950,-0.266269,-1.069388,0.008084,3.860e-12
421,-0.004934,0.020737,0.399378,0.984953,0.043485,-0.167263,0.039259,0.886229,0.461580,0.168305,-0.461201,0.871187,-18.1761,-44.5439,-17.4755,-39.9579,-18.2891,-19.5033,0.9931,49.4794,11.3076,43.4107,5.6980,16.0887,2.055147,-0.000735,0.001660,0.918842,2.411522,1.102249,0.002608,1.371e-11
422,-0.020556,0.047909,0.409260,0.982703,0.061984,-0.174508,0.020609,0.899867,0.435678,0.184039,-0.431738,0.883024,-13.6832,-34.9552,-17.4655,-31.8274,-15.3670,-11.5810,9.9380,34.3408,12.6049,28.1257,41.7337,6.8591,1.397600,0.003583,-0.002497,0.930259,0.736340,1.036662,-0.039733,3.130e-12
423,0.047157,0.025418,0.389669,0.828430,-0.092734,0.552363,-0.092299,0.950112,0.297939,-0.552435,-0.297804,0.778542,-24.0548,-51.3949,-20.9643,-16.1562,-18.1458,-34.6632,59.5674,46.9492,35.3719,9.0719,13.0283,28.9808,2.483525,-0.006846,-0.003710,0.904565,1.832595,-3.383341,-0.000271,7.042e-12
424,0.025979,-0.046208,0.394962,0.940914,0.097990,0.324157,0.089536,0.851173,-0.517193,-0.326593,0.515658,0.792107,-19.6628,-25.8498,-19.4073,-24.4449,-19.5849,-54.6638,7.6791,21.8434,45.1134,20.1300,1.2981,58.8193,1.903895,-0.000236,0.000251,0.912053,-1.011580,-0.958652,-0.001134,4.199e-12
425,0.002594,-0.027323,0.389096,0.999976,-0.000375,-0.006876,-0.000666,0.988560,-0.150829,0.006854,0.150830,0.988536,-31.7953,-50.8115,-30.8137,-55.0547,-32.1532,-58.6785,33.8407,46.1487,57.3453,51.1686,17.6618,54.5824,0.555236,-0.000822,0.003064,0.858077,0.620401,0.165306,-0.002653,8.692e-12
426,-0.022100,0.003569,0.414313,0.965128,0.004019,-0.261748,0.013731,0.997728,0.065951,0.261419,-0.067246,0.962880,-13.8427,-25.2804,-15.8018,-35.4194,-14.7328,-21.7411,5.6069,24.6994,19.8416,36.6485,2.4218,21.5078,0.980500,0.002294,-0.001458,0.933431,0.753157,1.199208,0.006430,8.336e-12
427,0.019617,0.018542,0.422576,0.997529,-0.022477,0.066564,0.009309,0.981374,0.191883,-0.069637,-0.190789,0.979158,-16.2148,-26.6171,-11.8062,-18.4814,-12.6314,-16.6089,46.2041,21.9032,3.2487,16.0218,36.0279,7.9067,0.730409,-0.003562,0.000592,0.939130,-0.069186,-0.454047,0.037685,6.566e-10
428,-0.013392,-0.027026,0.380475,0.982681,-0.053308,-0.177470,-0.059720,0.815517,-0.575643,0.175416,0.576272,0.798210,-30.1123,-29.2946,-30.5698,-53.7812,-29.1465,-61.4439,58.5229,14.2799,46.8121,47.1430,49.1160,57.6275,2.498767,-0.000466,-0.002693,0.864989,-2.945577,0.460172,0.007277,2.050e-11
429,0.066896,0.056086,0.373760,0.711719,-0.255232,0.654457,-0.194451,0.823670,0.532688,-0.675015,-0.506384,0.536591,-22.7402,-59.6968,-18.9963,-7.9290,-16.9139,-28.2373,33.5655,59.4006,14.2191,0.1145,47.7637,21.4901,3.047623,-0.006913,-0.003022,0.911578,1.358000,-2.940016,0.047714,6.102e-12
430,0.044253,0.025233,0.390959,0.830639,-0.101017,0.547571,-0.055323,0.963567,0.261683,-0.554056,-0.247657,0.794788,-24.6848,-51.3395,-21.0150,-17.6629,-20.6689,-37.5251,59.4502,47.7047,18.3861,9.4006,38.4667,30.3115,2.341474,-0.005885,-0.000739,0.899960,0.512068,-3.319052,0.021382,7.486e-12
431,-0.004337,0.012898,0.417035,0.999558,-0.000733,-0.029707,0.004920,0.989981,0.141114,0.029305,-0.141198,0.989548,-15.2646,-30.4910,-15.2198,-28.1343,-14.3602,-23.1302,20.8258,30.2075,7.0175,28.3312,6.7752,21.8077,0.494872,-0.000730,-0.001158,0.932822,0.533672,-0.334407,0.004184,2.997e-12
432,-0.090998,0.030597,0.413205,0.866584,0.024227,-0.498443,0.050053,0.989564,0.135120,0.496515,-0.142041,0.856328,-3.4678,-10.2355,-15.0356,-29.9301,-10.3649,-2.5981,19.5686,5.8491,29.3300,22.3817,16.7241,2.0165,1.232576,0.005597,-0.002404,0.956877,0.068650,0.176515,0.035027,1.137e-10
433,0.043430,0.045070,0.384613,0.823655,-0.172826,0.540115,-0.110580,0.885200,0.451877,-0.556206,-0.431916,0.709988,-24.5951,-58.5090,-22.1990,-18.3597,-21.9107,-33.6411,46.3442,57.0334,13.6458,8.6663,58.6733,25.3010,2.553482,-0.003946,-0.000741,0.896624,0.651557,-2.811711,0.030799,4.401e-12
434,-0.001113,-0.025368,0.394311,0.999638,0.004615,0.026509,0.003720,0.952020,-0.306014,-0.026649,0.306002,0.951658,-27.5205,-39.9013,-28.0054,-46.7572,-27.5463,-56.0613,36.1667,33.1820,48.0958,42.0054,17.7569,54.6514,0.890148,0.000606,-0.000936,0.875586,-0.397087,-0.256397,0.003299,3.419e-12
435,-0.106076,0.064373,0.400689,0.878763,0.087311,-0.469204,0.068728,0.949725,0.305448,0.472284,-0.300664,0.828583,-3.4293,-17.9686,-21.8744,-32.1297,-12.8243,-1.2844,12.3331,10.8525,57.6631,17.0102,39.2842,0.9897,1.338378,0.007580,-0.004323,0.943178,0.071938,0.108526,-0.023551,6.913e-11
436,0.019587,0.008392,0.389786,0.990200,-0.013847,0.138966,-0.014682,0.979236,0.202189,-0.138881,-0.202248,0.969437,-32.1276,-60.4471,-31.1626,-48.8395,-32.2522,-49.8278,29.7284,56.2218,52.0534,41.0647,57.5330,41.0949,0.894112,-0.001018,0.002249,0.856891,0.754697,0.346421,0.010298,6.275e-12
437,-0.010017,-0.019557,0.411579,0.996568,-0.004973,-0.082625,-0.011147,0.981038,-0.193493,0.082020,0.193750,0.977616,-19.3936,-25.6818,-18.8719,-34.4730,-19.1362,-35.8223,40.1150,19.8398,30.7343,31.5304,11.1372,32.5996,0.588677,-0.000597,0.000356,0.914032,-0.188355,-0.312830,-0.004325,7.612e-12
438,-0.035629,-0.002466,0.428802,0.978662,-0.004880,-0.205419,-0.000437,0.999666,-0.025831,0.205476,0.025370,0.978333,-5.4825,-10.0321,-9.3068,-20.0128,-9.1948,-11.3669,6.0734,9.3225,13.4352,17.4216,9.1292,11.1920,0.493003,0.002955,-0.000072,0.964096,0.005576,0.246862,0.005680,1.288e-10
439,-0.026921,0.026120,0.398977,0.958364,0.038955,-0.282879,0.036521,0.965793,0.256731,0.283203,-0.256373,0.924159,-24.8484,-43.3959,-24.8774,-49.6371,-24.8688,-29.7268,55.9184,38.1516,13.1098,46.1873,46.0473,20.5056,0.972266,0.000028,-0.000011,0.888287,0.079234,0.285238,-0.000122,2.899e-10
440,0.018051,0.019423,0.394257,0.988850,-0.021562,0.147344,-0.041981,0.908963,0.414757,-0.142873,-0.416318,0.897923,-25.5133,-55.3480,-25.6739,-37.5662,-25.6066,-32.9583,23.5619,52.9182,57.8210,29.8298,40.3426,24.0854,1.830612,0.000087,0.000033,0.884632,2.516816,0.299413,0.003787,5.889e-12
441,0.043450,0.001414,0.392150,0.855929,-0.043165,0.515289,-0.073197,0.976361,0.203374,-0.511887,-0.211791,0.832536,-23.2368,-53.8725,-23.4171,-23.6923,-23.5540,-42.1395,5.9544,54.1515,56.8226,14.7680,28.2160,38.8231,2.051340,0.000379,0.000459,0.894578,1.970439,-1.059575,0.009137,8.081e-12
442,0.023295,0.036739,0.402584,0.968886,-0.043423,0.243667,-0.062155,0.910253,0.409361,-0.239574,-0.411769,0.879233,-19.8109,-46.4731,-20.6192,-24.0874,-16.7997,-24.1784,26.2026,43.5133,42.3821,18.4869,18.4191,19.6486,1.697509,-0.001727,-0.004925,0.913982,2.224722,-0.801489,-0.012823,9.803e-12
443,-0.031346,-0.050535,0.384066,0.918074,-0.133689,-0.373185,-0.135619,0.778681,-0.612588,0.372488,0.613012,0.696756,-21.8486,-13.0105,-21.8278,-49.4578,-23.3548,-48.5391,41.5111,2.2431,38.7942,47.3483,21.3194,46.1355,2.558697,0.001235,0.002164,0.899203,-2.324585,1.333827,-0.001147,7.683e-10
444,-0.061023,-0.009880,0.393680,0.739291,-0.041710,-0.672093,-0.045443,0.992714,-0.111595,0.671851,0.113043,0.732009,-13.0677,-13.9514,-16.3822,-50.4437,-17.2317,-20.4139,9.7542,11.3353,12.8940,53.0772,16.3624,18.5827,2.444171,0.005943,0.001144,0.929581,-0.564671,2.963867,-0.002649,6.088e-12
445,-0.013032,0.027276,0.414095,0.989251,0.024709,-0.144122,0.016930,0.959636,0.280735,0.145241,-0.280157,0.948903,-14.0742,-32.1131,-15.6848,-31.3536,-14.4552,-17.3020,8.4075,32.8633,6.7556,31.3900,18.3828,15.3174,0.967059,0.001524,-0.001650,0.933733,0.731532,0.672562,-0.005861,7.145e-12
446,-0.002286,-0.005002,0.388745,0.999587,-0.005288,-0.028259,-0.005814,0.925445,-0.378837,0.028155,0.378845,0.925032,-29.2233,-38.8458,-30.5175,-50.2313,-27.8290,-59.0388,41.1062,28.5775,31.8867,45.0849,45.5830,58.1330,1.809723,-0.000106,-0.005479,0.868609,-2.286874,0.040305,0.002642,2.165e-11
447,0.012012,-0.050398,0.380747,0.999555,-0.026507,0.013672,0.028422,0.707652,-0.705989,0.009039,0.706064,0.708091,-23.8709,-19.3152,-24.1669,-40.2140,-25.4200,-59.9481,13.9687,8.1201,55.2256,33.0987,52.5252,58.9561,2.843836,0.001133,0.001936,0.889228,-3.321336,1.443143,0.002848,4.669e-12
448,0.006006,0.016030,0.409769,0.999687,0.002126,0.024939,-0.008009,0.971162,0.238284,-0.023713,-0.238409,0.970875,-18.4686,-39.3494,-19.3772,-32.0267,-18.3268,-26.8452,9.0119,38.5351,31.7364,29.2578,21.0957,23.7373,0.944892,0.000610,-0.001520,0.915765,1.322968,0.513601,-0.004481,7.892e-12
449,-0.027844,-0.000117,0.411128,0.959919,-0.000653,-0.280277,0.000523,1.000000,-0.000537,0.280277,0.000369,0.959919,-17.3072,-26.2330,-19.3894,-39.0268,-19.3036,-26.2531,26.9502,21.0722,32.0552,35.0217,30.4632,21.2090,0.897279,0.002907,-0.000104,0.916070,0.039385,1.116250,0.000964,3.483e-12
450,0.032879,-0.070590,0.394383,0.956646,0.112967,0.268453,0.075959,0.793047,-0.604406,-0.281174,0.598593,0.750085,-18.3410,-13.5776,-10.0072,-16.8530,-17.7435,-47.6072,39.1016,10.1936,0.6621,15.1954,24.2159,44.1508,2.254908,-0.005769,0.009030,0.930526,-2.555063,-1.593132,-0.029848,5.710e-12
451,-0.018530,0.045369,0.374287,0.958270,0.115844,-0.261341,0.121258,0.663168,0.738583,0.258873,-0.739452,0.621447,-23.7600,-58.1212,-23.2236,-49.3712,-23.8638,-13.9544,36.7995,59.7964,20.2160,48.3711,33.2042,1.9772,3.200603,-0.000423,0.001362,0.893196,3.429863,0.969468,-0.003599,2.048e-11
452,0.054426,-0.002597,0.388420,0.763600,0.011856,0.645581,-0.033018,0.999240,0.020703,-0.644845,-0.037125,0.763411,-24.4749,-47.7515,-22.3021,-15.1807,-20.7632,-45.6473,43.6123,42.4428,53.3147,5.1783,20.3859,41.7127,2.430655,-0.004697,-0.001827,0.898263,1.069338,-3.012819,-0.021293,4.989e-12
453,0.053342,0.000758,0.396858,0.797372,-0.001943,0.603485,0.051623,0.996549,-0.065000,-0.601276,0.082983,0.794721,-19.1032,-38.7461,-16.4381,-12.0343,-18.2511,-43.3762,9.0520,39.2064,5.7832,5.8132,44.8026,42.8443,2.160366,-0.003025,0.002332,0.919077,-1.467055,-2.051484,0.028077,6.353e-12
454,-0.031055,-0.014950,0.395940,0.898161,-0.051575,-0.436630,-0.053290,0.973004,-0.224552,0.436424,0.224952,0.871166,-23.1717,-26.2453,-23.2804,-52.8830,-23.4063,-38.4703,39.4313,18.0641,30.2306,52.1649,27.2106,33.6906,1.736663,0.000227,0.000137,0.895185,-0.943631,1.618402,-0.000077,2.217e-11
455,0.008975,0.017322,0.397790,0.966681,-0.050134,0.251027,-0.041734,0.936648,0.347776,-0.252560,-0.346665,0.903348,-22.8771,-51.0399,-22.5896,-29.9784,-21.8401,-32.4406,48.3776,49.7952,33.8222,23.9293,11.5151,26.7383,1.925268,-0.001050,-0.001092,0.898655,2.287071,-2.089360,-0.000167,1.751e-11
456,0.007083,0.004714,0.395667,0.973995,-0.002424,0.226558,-0.002812,0.999736,0.022784,-0.226553,-0.022828,0.973731,-23.8155,-51.5041,-25.4123,-40.6241,-25.1532,-50.3142,5.1694,55.0469,7.8607,39.2625,14.6197,53.8443,0.914254,0.004110,-0.000633,0.888594,-0.116054,-0.749386,-0.004336,7.355e-12
457,0.028525,-0.003298,0.393744,0.995857,0.006662,0.090685,0.012607,0.977563,-0.210267,-0.090051,0.210539,0.973429,-29.2169,-43.9411,-28.7199,-45.3997,-27.3424,-54.9465,8.6867,36.0476,49.3978,40.3538,56.8846,52.0456,1.206927,-0.002802,-0.002716,0.872120,-1.259811,1.358855,-0.019991,1.441e-11
458,0.004126,0.072496,0.382690,0.992014,-0.089105,0.089269,-0.011577,0.640445,0.767917,-0.125597,-0.762817,0.634299,-20.0541,-56.1701,-19.5794,-27.1643,-15.7376,-10.9117,48.2968,56.6506,4.8180,24.7819,20.8892,3.1906,2.857725,-0.003292,-0.005465,0.916441,2.922913,-1.607129,0.045779,5.668e-12
459,0.028517,0.011029,0.379477,0.724260,-0.027190,0.688991,-0.014994,0.998365,0.055161,-0.689364,-0.050281,0.722668,-22.6703,-55.0159,-24.7936,-19.4242,-24.6918,-52.3104,27.4198,56.9172,15.4428,8.3676,35.7806,53.5565,3.040973,0.004738,-0.000423,0.891239,-0.426468,-3.624900,-0.021899,3.502e-11
460,0.005333,0.049335,0.400875,0.999521,0.005184,0.030519,-0.020263,0.854894,0.518407,-0.023403,-0.518777,0.854589,-19.3554,-47.2985,-21.1166,-32.0099,-19.0129,-18.9662,17.3188,45.8719,26.1577,26.5682,47.1094,11.9963,1.635378,0.001018,-0.002818,0.910777,1.487296,0.523429,-0.018103,1.394e-11
461,0.000369,-0.003268,0.391970,0.944266,0.013645,-0.328899,0.014272,0.996504,0.082318,0.328873,-0.082424,0.940770,-28.4836,-43.9862,-25.7483,-56.8871,-26.6409,-39.6000,19.0257,39.1701,43.0787,58.2151,31.5427,32.3513,1.763997,-0.005446,0.001858,0.878604,0.791836,2.299237,-0.004014,2.318e-11
462,-0.001781,0.030786,0.399353,0.998654,0.010928,-0.050709,0.007447,0.937232,0.348628,0.051336,-0.348536,0.935889,-24.6747,-49.7619,-24.6025,-42.8731,-24.6743,-31.2563,33.1617,47.2014,19.6613,38.3031,51.7763,23.2032,1.013851,-0.000098,0.000152,0.889233,0.531500,0.337415,0.000628,3.502e-12
463,0.010697,0.011403,0.386048,0.981291,0.060914,-0.182642,0.040660,0.861671,0.505835,0.188190,-0.503798,0.843073,-24.8234,-52.7653,-22.9898,-48.1192,-24.8953,-25.2576,0.7587,53.4622,58.0888,47.3698,28.1891,15.4808,2.808777,-0.002283,0.003577,0.890083,3.521292,2.581534,0.032434,3.477e-11
464,0.038681,0.029164,0.393077,0.908123,-0.074790,0.411970,-0.095766,0.920736,0.378251,-0.407605,-0.382951,0.828979,-24.4588,-55.9994,-24.6327,-25.9952,-23.5624,-34.8816,21.3694,53.2473,49.8346,15.6571,53.1217,27.3577,1.840333,-0.000652,-0.001465,0.891017,1.598864,-0.742751,-0.008918,1.704e-11
465,-0.007466,-0.001775,0.394336,0.982383,-0.032525,-0.184027,-0.032815,0.939414,-0.341209,0.183976,0.341237,0.921797,-23.6602,-31.7635,-24.2486,-49.3472,-21.2412,-49.9862,14.1839,27.1955,4.1509,53.0317,13.8132,54.6171,1.805014,-0.002343,-0.006766,0.896268,-1.929949,0.660179,0.009811,2.169e-11
466,0.039218,-0.027029,0.386779,0.861760,0.106217,0.496073,0.155794,0.875178,-0.458029,-0.482802,0.471997,0.737646,-20.8277,-28.7862,-18.1491,-18.5121,-21.2734,-55.7472,23.5007,25.4065,3.9989,11.5660,51.5341,56.1835,2.822240,-0.002219,0.004298,0.908788,-3.550720,-2.109036,0.006206,8.761e-12
467,-0.063654,-0.004309,0.391615,0.750243,-0.021340,-0.660818,0.024785,0.999684,-0.004144,0.660697,-0.013269,0.750535,-19.3251,-23.3713,-22.0086,-55.4716,-20.6470,-22.6661,52.6569,15.1525,38.4280,54.8921,7.4648,16.0001,2.162135,0.003180,-0.001663,0.906943,0.910849,1.816963,0.031984,5.360e-12
468,-0.014375,-0.057273,0.418680,0.998000,-0.032275,-0.054346,0.006498,0.907642,-0.419695,0.062872,0.418503,0.906037,-8.4233,-5.4436,-9.0354,-19.5171,-13.5651,-27.9216,1.0404,4.2856,28.0472,15.8237,11.0767,27.4716,1.106226,0.002723,0.003810,0.953545,-0.527593,0.370490,0.047507,5.675e-12
469,0.007063,0.007939,0.417142,0.997589,0.000405,0.069394,-0.006677,0.995904,0.090167,-0.069073,-0.090413,0.993506,-15.7644,-30.4833,-16.7723,-25.0161,-14.1812,-25.7763,15.9166,27.6588,35.4951,22.6404,1.8379,24.9250,0.552078,-0.000431,-0.003234,0.929964,1.169065,-0.159715,-0.005715,5.051e-12
470,-0.019785,0.006051,0.386785,0.929638,-0.060980,-0.363393,-0.072925,0.936255,-0.343670,0.361186,0.345989,0.865931,-26.8654,-30.0443,-27.0122,-56.3653,-24.3456,-48.9777,39.2280,19.7649,6.9873,57.0096,47.3781,47.6589,2.456858,-0.002532,-0.005465,0.882279,-3.096462,1.306012,0.036450,3.284e-11
471,0.015986,0.010117,0.426203,0.996771,-0.011536,0.079467,0.000801,0.991007,0.133807,-0.080296,-0.133311,0.987816,-14.4591,-22.6430,-11.9082,-15.5386,-13.2453,-15.6787,39.3528,16.4499,21.8886,8.8392,49.2081,5.7245,0.481119,-0.001129,0.000687,0.940684,-0.023493,-0.040749,0.015811,4.331e-11
472,-0.046436,0.021887,0.388685,0.844644,0.072886,-0.530343,0.105325,0.948698,0.298126,0.524865,-0.307668,0.793635,-23.7326,-39.0022,-26.7670,-55.7798,-24.3531,-21.8162,53.4775,29.6942,58.7397,50.5587,33.4677,10.6181,2.234398,0.002944,-0.003101,0.887428,2.031003,2.013093,0.016721,7.419e-12
473,0.001351,-0.037398,0.404354,0.999789,0.011512,0.017004,-0.004104,0.923397,-0.383824,-0.020120,0.383673,0.923250,-21.1843,-22.4898,-17.3385,-31.7961,-22.9489,-42.9502,48.0014,16.3078,9.0077,26.0507,56.4632,35.4924,1.492668,-0.001391,0.006834,0.907568,-2.571421,-0.505925,-0.010638,6.232e-12
474,-0.056014,-0.006354,0.390033,0.785103,-0.019168,-0.619068,-0.039186,0.995981,-0.080535,0.618124,0.087487,0.781197,-18.7556,-22.2703,-22.6905,-54.7577,-24.1740,-27.1694,22.5604,14.8686,39.8665,49.8264,57.6955,19.2795,2.355672,0.006986,0.001790,0.901071,-0.813146,3.311552,-0.011115,6.621e-12
475,0.041062,0.012617,0.393273,0.849389,-0.054436,0.524953,-0.064284,0.976589,0.205282,-0.523838,-0.208111,0.826004,-23.1867,-52.5006,-22.9514,-21.7156,-22.6018,-40.9916,19.9224,51.5204,40.7369,12.5206,36.9983,37.1093,1.962331,-0.000677,-0.000446,0.896822,1.081950,-1.725717,-0.001702,1.174e-11
476,0.058299,-0.029575,0.387271,0.761957,0.121326,0.636161,0.126491,0.935497,-0.329918,-0.635155,0.331852,0.697462,-21.3839,-34.5332,-18.5663,-12.2856,-20.0060,-53.7628,15.8762,30.8030,38.1801,3.8609,31.2690,53.7691,2.456972,-0.003358,0.001960,0.909854,-1.257673,-2.167521,0.003483,6.043e-12
477,0.029725,-0.017314,0.400327,0.968962,0.024071,0.246035,0.053705,0.950982,-0.304547,-0.241306,0.308307,0.920173,-22.8819,-33.8239,-22.8524,-30.9314,-23.4553,-50.2564,5.5563,27.9245,42.5511,23.4474,54.1919,48.3724,1.466734,0.000341,0.000877,0.896193,-1.756191,0.500138,0.004950,6.055e-12
478,0.009432,0.015307,0.402443,0.999923,0.011948,0.003481,-0.012427,0.944043,0.329590,0.000652,-0.329607,0.944118,-21.2601,-45.2380,-22.6942,-36.6044,-21.3199,-27.8182,7.5230,42.8596,59.8484,31.6288,24.9498,22.1309,1.583011,0.001124,-0.002033,0.901787,2.539781,1.250664,-0.003336,1.418e-11
479,0.012395,0.046911,0.397382,0.995873,0.002954,0.090711,-0.048730,0.860594,0.506955,-0.076567,-0.509283,0.857186,-21.8716,-50.8116,-24.7488,-33.2905,-21.7307,-23.0557,17.9890,46.2909,55.5500,23.8428,56.0600,14.3398,1.793497,0.001842,-0.003957,0.897366,2.004989,0.873483,-0.034372,7.945e-12
480,0.004764,-0.006642,0.400304,0.999071,0.000683,0.043100,-0.000169,0.999929,-0.011918,-0.043105,0.011900,0.999000,-27.8467,-45.0528,-27.8160,-43.4223,-27.8739,-45.6713,43.8853,37.1944,58.5062,35.0526,41.0040,37.9188,0.272715,-0.000007,0.000129,0.874885,0.536689,0.033132,0.000143,2.819e-12
481,-0.014555,-0.022145,0.393727,0.995145,-0.010551,-0.097853,-0.010594,0.976978,-0.213078,0.097848,0.213080,0.972123,-27.8699,-42.4241,-28.2248,-52.4540,-28.2809,-53.6005,41.6685,37.5810,38.2730,50.0083,8.3304,51.9480,0.625653,0.000966,0.000124,0.873642,0.035791,-0.269187,0.003741,2.427e-12
482,0.030577,-0.013104,0.390305,0.872523,0.071273,0.483347,0.079407,0.955461,-0.284233,-0.482077,0.286381,0.828002,-24.0783,-40.6597,-24.4042,-25.5738,-24.2471,-56.4949,27.8748,35.9611,31.7568,16.2622,40.4409,56.6128,2.188868,0.000573,-0.000429,0.890703,-1.665460,-2.006627,-0.002922,8.885e-12
483,0.002464,-0.029790,0.407041,0.999385,-0.023685,-0.025850,0.013869,0.944237,-0.328976,0.032200,0.328415,0.943985,-18.8296,-23.7935,-19.9456,-33.9424,-21.7575,-41.1531,4.6900,18.0261,46.6207,27.3547,45.9749,38.1118,1.281362,0.002971,0.002473,0.909141,-1.258991,1.445703,0.023779,4.560e-12
484,0.020128,0.000914,0.385400,0.816296,-0.029048,0.576903,-0.034034,0.994581,0.098235,-0.576630,-0.099823,0.810884,-24.3077,-53.6376,-24.8305,-23.1355,-24.9161,-48.0542,54.7132,52.6711,31.4360,12.4996,17.9444,45.3508,2.747985,0.001374,0.000272,0.888164,0.933063,-3.978821,0.004286,2.098e-11
485,0.007886,0.003762,0.395478,0.998057,-0.004632,0.062136,-0.004885,0.988347,0.152140,-0.062117,-0.152148,0.986404,-27.6813,-53.4887,-27.0284,-46.7142,-28.0862,-45.5463,22.3570,52.6462,31.9583,43.3704,32.1632,41.0180,0.675630,-0.000313,0.002282,0.875989,0.693639,0.096307,0.003726,1.764e-11
486,0.002405,-0.025650,0.396764,0.999791,-0.003184,-0.020213,-0.001676,0.971762,-0.235956,0.020393,0.235940,0.971554,-27.5471,-39.9176,-27.2461,-47.0336,-27.3422,-52.2929,32.4985,32.9967,55.8462,42.4549,20.6304,48.8607,0.653074,-0.000576,0.000193,0.876994,0.112347,0.327737,-0.003000,1.399e-11
487,0.043379,-0.067299,0.406820,0.948389,0.032202,0.315469,0.093002,0.922839,-0.373790,-0.303164,0.383838,0.872216,-18.0069,-17.8085,-9.8704,-13.7449,-20.1397,-38.5252,31.3437,14.1770,22.7065,6.1723,59.8854,27.6739,1.346112,-0.002858,0.007937,0.928126,-1.077575,-0.410544,0.070057,1.827e-11
488,0.002915,0.000767,0.414400,0.999622,-0.000593,0.027479,0.000401,0.999976,0.006988,-0.027483,-0.006975,0.999598,-19.1128,-31.3162,-19.0651,-29.8981,-19.9893,-30.9536,28.4937,26.2130,30.4379,23.2483,46.3187,24.5503,0.235495,0.000560,0.001083,0.912884,-0.365820,0.188851,0.000863,1.256e-11
489,-0.020764,0.014020,0.385726,0.982216,-0.030068,-0.185330,-0.030237,0.948876,-0.314198,0.185302,0.314214,0.931092,-29.3244,-39.8983,-31.6108,-56.6622,-27.1459,-56.6355,50.7739,29.9624,7.4423,54.4296,43.1911,57.3485,2.040679,0.000287,-0.009765,0.867800,-2.666070,-0.126932,0.043586,3.189e-11
490,-0.003964,0.004726,0.409318,0.999771,0.000283,-0.021404,-0.001201,0.999080,-0.042863,0.021372,0.042879,0.998852,-20.1214,-34.0418,-19.9661,-36.1164,-20.1936,-36.2703,25.6518,31.7598,5.4752,34.3470,30.5804,34.3452,0.426218,-0.000063,0.000310,0.909667,-1.011819,-0.193815,-0.000165,5.654e-11
491,0.051074,0.085469,0.389950,0.896826,-0.088241,0.433493,-0.209511,0.778323,0.591877,-0.389626,-0.621632,0.679533,-14.9897,-47.6923,-19.0573,-9.5721,-7.2767,-11.7209,2.2871,43.5723,49.7412,4.3071,9.7313,12.3342,2.363691,-0.002754,-0.011789,0.937870,2.441692,-0.652788,-0.124544,3.667e-12
492,-0.009640,-0.019990,0.393550,0.924331,-0.079742,-0.373167,-0.061250,0.934237,-0.351354,0.376644,0.347624,0.858660,-21.9378,-22.8292,-22.0345,-50.1052,-21.8423,-41.7084,3.9395,15.4361,35.5948,50.7859,36.3633,40.0663,2.317117,-0.000278,-0.000295,0.900771,-1.691545,3.008587,-0.007837,1.101e-11
493,0.011270,-0.012662,0.384946,0.877487,-0.033022,0.478463,-0.055158,0.984059,0.169074,-0.476418,-0.174752,0.861677,-25.8790,-56.7690,-26.8009,-29.5515,-27.5566,-47.0506,59.4483,55.5017,59.6667,18.1857,2.1325,41.9746,2.719254,0.002692,0.001771,0.878747,2.786303,-3.463223,0.032806,3.059e-11
494,-0.011535,-0.040521,0.412055,0.995723,-0.024483,-0.089088,-0.008490,0.935927,-0.352092,0.092000,0.351342,0.931716,-16.1413,-16.5375,-16.4230,-30.0984,-18.9880,-35.2268,24.7018,10.4357,41.4350,24.2769,26.5601,31.2660,1.015346,0.001915,0.002760,0.922764,-0.712214,0.491378,0.016071,5.385e-12
495,-0.028111,-0.006909,0.379309,0.927371,-0.092714,-0.362473,-0.107503,0.861926,-0.495507,0.358365,0.498486,0.789358,-28.5870,-27.5999,-29.2580,-58.7028,-26.3084,-55.5926,57.3406,14.2158,17.1791,57.3123,42.5157,54.1635,2.806030,-0.001519,-0.005926,0.873356,-3.392032,0.726371,0.045550,3.767e-11
496,0.019572,0.055820,0.394297,0.981744,-0.054561,0.182212,-0.069442,0.789033,0.610413,-0.177076,-0.611923,0.770840,-19.4785,-53.8507,-20.0181,-27.9838,-18.9739,-19.3838,8.2668,56.3181,9.3121,23.5711,51.2444,13.1636,1.965928,-0.000018,-0.001503,0.912315,1.464832,-0.019442,-0.007657,6.055e-12
497,-0.012407,0.002069,0.391606,0.892814,-0.050867,-0.447544,-0.057605,0.972549,-0.225454,0.446726,0.227069,0.865376,-23.4719,-27.2467,-22.4919,-54.4747,-21.2160,-39.6819,11.1833,20.7500,10.3098,58.8260,36.7614,38.4565,2.405816,-0.003695,-0.002666,0.898804,-2.019546,2.686135,0.013581,2.693e-11
498,0.040973,0.022762,0.394353,0.880955,-0.066238,0.468541,-0.066480,0.963010,0.261138,-0.468507,-0.261199,0.843965,-25.6086,-51.5810,-23.7175,-22.1656,-21.8720,-37.2534,53.9450,45.3093,46.2482,12.1431,37.8475,29.1875,1.933322,-0.004215,-0.002390,0.892986,1.287608,-2.273065,-0.000386,6.207e-12
499,-0.026554,0.016424,0.390519,0.971688,0.036560,-0.233421,0.039810,0.948495,0.314282,0.232889,-0.314676,0.920186,-28.7143,-53.7101,-28.2422,-56.0332,-29.4972,-36.8979,59.6626,50.7876,21.0035,52.7770,33.8899,27.4499,1.328058,0.000401,0.002550,0.870477,1.061810,-0.174523,-0.015209,8.003e-12
500,0.045800,0.041805,0.384575,0.831027,-0.153959,0.534500,-0.150550,0.862807,0.482596,-0.535470,-0.481520,0.693838,-22.8358,-59.2588,-22.1719,-18.3916,-20.8787,-31.3178,23.3997,59.4696,29.5211,9.2406,47.5207,25.0699,2.518540,-0.002128,-0.001835,0.900955,1.673329,-1.934534,0.001261,1.139e-11
501,0.010438,-0.018765,0.391934,0.999994,-0.000035,-0.003537,-0.000561,0.985737,-0.168292,0.003493,0.168293,0.985731,-30.1215,-47.5725,-29.0458,-52.1254,-29.2390,-56.3545,20.4519,43.0434,47.8900,50.0661,22.1112,54.1402,0.610902,-0.002569,0.000445,0.867597,0.100281,0.564911,-0.007984,9.753e-12
502,0.001212,0.013828,0.397431,0.999298,-0.005182,0.037100,-0.004550,0.966260,0.257527,-0.037182,-0.257515,0.965559,-27.4479,-52.3218,-27.3200,-43.8596,-27.7122,-38.7855,44.6557,47.8401,42.2917,36.5662,43.8540,29.8455,0.990123,0.000153,0.000750,0.876408,1.145502,-0.235509,-0.000286,1.501e-11
503,0.042570,-0.052226,0.412789,0.943283,0.076629,0.323024,0.067252,0.908718,-0.411957,-0.325105,0.410316,0.852025,-14.0209,-13.7807,-10.1513,-9.6350,-12.9542,-36.2399,9.8740,9.2100,43.0277,5.2331,10.7870,34.5982,1.304859,-0.002381,0.002351,0.944403,-0.341573,-0.345866,-0.011270,9.067e-10
504,-0.017027,0.016923,0.408165,0.974145,0.026166,-0.224404,0.032025,0.967248,0.251804,0.223643,-0.252480,0.941402,-17.3476,-34.8363,-19.1550,-38.4047,-17.4720,-21.4517,15.6859,33.1005,31.4947,37.5497,11.2467,17.9836,1.307348,0.001598,-0.002369,0.918947,1.638352,1.117300,0.003051,1.544e-11
505,0.037899,-0.028628,0.386828,0.864356,0.108791,0.490972,0.128037,0.896535,-0.424066,-0.486307,0.429407,0.760996,-23.9206,-33.3190,-21.5026,-21.6870,-23.5914,-57.6221,38.0963,26.9494,26.0264,12.3552,48.5789,55.6329,2.552435,-0.002344,0.002859,0.895957,-2.617313,-2.245661,0.005284,3.175e-12
506,0.003943,-0.046704,0.407820,0.999321,0.020207,0.030813,-0.005029,0.903190,-0.429211,-0.036503,0.428765,0.902679,-19.7260,-18.8129,-17.6024,-28.6670,-19.2108,-41.8443,44.7424,10.0995,47.0149,23.4938,11.8130,37.7721,1.189275,-0.001712,0.001853,0.915299,-0.575121,-0.527827,-0.024002,1.410e-11
507,0.046103,-0.010802,0.391746,0.832709,0.036614,0.552499,0.055415,0.987291,-0.148948,-0.550931,0.154647,0.820097,-25.6286,-41.1657,-21.1340,-19.0564,-22.9988,-49.7247,59.5485,34.6622,24.0957,9.5043,47.2632,43.3081,2.215475,-0.005463,0.002351,0.894900,-1.271109,-3.050471,0.009251,5.991e-12
508,-0.042627,0.033579,0.377882,0.833125,0.148921,-0.532659,0.168857,0.848602,0.501360,0.526678,-0.507639,0.681845,-25.6615,-47.6191,-26.5573,-59.3310,-25.6100,-17.9878,58.1221,41.4625,40.6769,56.6466,36.6806,4.4377,2.804972,0.000786,-0.001221,0.882855,2.593172,1.867190,0.002142,5.396e-12
509,-0.061873,0.064154,0.399389,0.894410,0.082611,-0.439551,0.121045,0.901402,0.415720,0.430555,-0.425030,0.796223,-10.6147,-28.1891,-21.4025,-37.2905,-11.9874,-4.5784,19.7703,21.6886,48.4644,31.6718,11.6687,3.3522,1.805097,0.006722,-0.008737,0.933990,1.608914,1.263769,0.040888,2.586e-12
510,-0.008978,0.043348,0.415218,0.995525,0.008476,-0.094113,0.024691,0.938034,0.345663,0.091211,-0.346440,0.933627,-16.2809,-32.1847,-17.2090,-27.2065,-14.3747,-13.7807,43.3295,26.3902,18.1304,22.4216,36.8431,6.2763,0.912740,-0.000498,-0.002562,0.928316,0.462885,-0.089167,0.018515,6.477e-12
511,0.009303,0.113309,0.394869,0.992496,-0.001946,0.122263,-0.084621,0.710847,0.698238,-0.088269,-0.703344,0.705348,-10.2695,-40.2455,-18.4549,-15.0937,-4.9787,0.3436,2.4346,35.6719,33.1056,10.0217,19.8853,0.6559,1.976185,0.001031,-0.010738,0.949585,1.372592,0.098819,-0.103752,1.792e-12
512,-0.011081,0.027585,0.393268,0.938488,0.063538,-0.339415,0.044036,0.952879,0.300138,0.342491,-0.296623,0.891468,-26.0494,-45.4759,-25.4287,-53.5364,-25.6471,-29.5743,26.9451,40.6367,26.7193,51.5672,58.9149,19.8161,1.820398,-0.001188,0.000265,0.884213,0.330201,2.252215,0.010217,1.137e-11
513,0.034897,-0.063407,0.381761,0.921145,0.143732,0.361708,0.142264,0.740681,-0.656622,-0.362288,0.656302,0.661827,-23.4787,-22.3000,-20.0054,-23.1570,-23.5428,-60.8607,36.2296,13.0978,50.4086,14.1213,35.6030,58.3089,2.590375,-0.002559,0.004605,0.899197,-2.390132,-1.327639,-0.000345,5.332e-12
514,0.016909,-0.054557,0.412550,0.992364,0.039235,0.116937,0.017879,0.892287,-0.451113,-0.122041,0.449760,0.884773,-15.8231,-12.8477,-12.7682,-19.3442,-15.3899,-37.1749,29.1953,6.0902,43.8755,15.0412,8.0184,34.1272,1.190653,-0.001841,0.002426,0.934129,-0.442212,-0.334832,-0.024690,8.188e-13
515,0.074224,0.011973,0.401947,0.853620,-0.029372,0.520068,-0.020882,0.995677,0.090508,-0.520478,-0.088119,0.849316,-23.5614,-37.7840,-16.0243,-10.6884,-14.8820,-32.9322,55.7208,29.0724,32.6185,5.2828,32.7343,24.2805,1.542402,-0.008721,-0.001092,0.918342,0.220037,-1.728251,0.008738,2.644e-12
516,-0.033651,-0.002141,0.398744,0.874810,-0.007699,-0.484405,-0.007429,0.999543,-0.029302,0.484409,0.029232,0.874353,-20.7420,-28.4410,-20.6761,-51.9937,-20.6710,-30.0266,29.7886,24.2433,15.8660,54.7543,14.5404,26.2978,1.690616,-0.000249,-0.000014,0.906855,-0.093279,1.715075,-0.000025,9.118e-12
517,-0.021183,-0.032504,0.387826,0.922990,-0.118359,-0.366170,-0.117091,0.820033,-0.560211,0.366577,0.559944,0.743023,-19.5334,-13.4420,-19.5596,-47.4497,-19.9224,-45.3212,14.8499,6.2161,15.5013,49.6183,23.1797,46.9043,2.758334,0.000277,0.000421,0.910907,-2.981190,1.956013,-0.000036,9.970e-12
518,0.060663,-0.029488,0.410961,0.901985,0.071374,0.425827,0.038444,0.969049,-0.243858,-0.430052,0.236327,0.871324,-17.6558,-22.3367,-11.6520,-8.6121,-12.9169,-35.2642,26.4539,16.2531,37.1103,4.6458,16.2387,31.3183,1.303454,-0.005406,0.001163,0.936758,-0.194737,-0.878878,-0.038593,1.884e-11
519,0.071207,0.007539,0.397472,0.789128,-0.036493,0.613144,-0.010680,0.997267,0.073101,-0.614136,-0.064235,0.786581,-21.5610,-40.3735,-15.9686,-8.7601,-16.3615,-36.7053,31.6854,36.3003,25.3636,2.1877,39.5424,31.0556,1.910400,-0.006966,0.000347,0.919101,-0.087559,-1.986567,0.024929,1.006e-11
520,-0.010997,0.079451,0.395077,0.995430,0.047386,-0.082903,0.020324,0.743158,0.668807,0.093302,-0.667436,0.738799,-15.0768,-44.1011,-20.1759,-29.5969,-13.3871,-6.0335,18.7452,41.5398,26.4753,24.9920,32.4088,1.1484,2.090880,0.002083,-0.007565,0.926947,2.035371,0.547885,-0.027283,4.842e-12
521,0.042508,0.009601,0.392763,0.839939,-0.043978,0.540896,-0.066426,0.980885,0.182902,-0.538600,-0.189556,0.820962,-23.7227,-51.3683,-23.0442,-20.3408,-21.9376,-40.8589,32.1947,48.4626,48.7364,10.6988,28.4284,36.3197,2.112604,-0.002079,-0.001465,0.896713,1.457546,-2.183063,-0.007689,7.363e-12
522,-0.007377,0.018712,0.389371,0.976217,-0.011360,-0.216498,-0.010113,0.995153,-0.097821,0.216560,0.097684,0.971370,-30.6237,-46.2381,-30.7684,-58.6221,-27.8537,-51.3975,35.8936,38.6203,13.9472,58.1977,47.5969,49.0512,1.353708,-0.003355,-0.006559,0.866239,-1.550004,0.776472,0.021924,1.813e-11
523,-0.126436,-0.010980,0.371887,0.571303,-0.062571,-0.818350,-0.025523,0.995253,-0.093915,0.820342,0.074541,0.566995,-7.9109,-9.1914,-22.0466,-54.9719,-22.2943,-14.0333,17.6639,3.3349,54.3760,43.8753,45.6833,9.2668,2.592960,0.014735,0.000429,0.921611,-0.102669,2.631061,0.038708,3.040e-12
524,0.050895,0.012732,0.396004,0.841071,-0.041674,0.539317,-0.028852,0.992152,0.121660,-0.540155,-0.117885,0.833268,-24.0340,-47.8220,-22.1201,-18.8210,-22.0682,-41.3213,30.1703,43.2511,39.7676,8.3359,54.5756,34.9227,1.735678,-0.002932,-0.000105,0.897681,0.064355,-1.635718,0.008811,7.960e-12
525,0.003126,-0.012990,0.401847,0.987543,0.013436,0.156775,0.009843,0.989121,-0.146774,-0.157042,0.146488,0.976667,-23.2189,-39.9161,-23.7996,-36.6211,-23.6893,-47.5763,30.3254,37.0257,30.1166,32.1610,15.0664,47.0649,0.861846,0.001196,-0.000201,0.894053,-0.167092,-1.045889,0.003439,4.476e-12
526,0.014652,0.016081,0.393864,0.995794,-0.001858,0.091599,-0.001887,0.999166,0.040777,-0.091598,-0.040778,0.994961,-28.9709,-52.9770,-29.1002,-47.7887,-27.9091,-50.8547,17.1985,49.8061,23.0502,44.4744,48.4118,48.6029,0.475662,-0.001200,-0.002647,0.871221,-0.664033,0.303068,-0.003689,1.909e-11
527,-0.095281,-0.065074,0.403010,0.877605,-0.061629,-0.475406,-0.089664,0.953098,-0.289075,0.470924,0.296320,0.830918,-6.2597,-2.2990,-12.2508,-32.9493,-22.0246,-18.4889,29.6133,0.4063,32.9834,19.6366,57.1351,8.6951,1.333652,0.005930,0.004536,0.939503,-0.055522,0.090677,-0.037017,1.107e-10
528,-0.010616,-0.072609,0.385299,0.987355,-0.103573,-0.120009,-0.013322,0.700157,-0.713865,0.157962,0.706437,0.689924,-18.1753,-9.5948,-19.2947,-37.8939,-23.9522,-50.6283,9.2830,1.2785,55.9243,30.3560,44.5729,48.2423,2.594250,0.004551,0.006133,0.907470,-2.565939,1.769652,0.064618,6.408e-12
529,0.009565,-0.020430,0.388212,0.985585,0.032597,0.166008,0.032604,0.926269,-0.375450,-0.166007,0.375450,0.911855,-30.9380,-42.7970,-31.8757,-45.1544,-30.7846,-62.9016,49.4880,31.3365,59.8526,34.5796,49.2930,58.7144,1.529882,0.000857,-0.002071,0.859705,-1.440782,-0.595294,-0.000532,1.049e-11
530,0.062567,0.108544,0.379006,0.892599,-0.131013,0.431396,-0.206391,0.731960,0.649336,-0.400836,-0.668633,0.626307,-18.6166,-49.8902,-21.0403,-9.0017,-4.8929,-10.3084,31.5573,39.6681,55.9772,4.5867,2.2636,9.4039,2.399869,-0.006107,-0.013976,0.933214,2.255379,-1.044846,-0.079059,3.404e-12
531,0.013944,-0.031539,0.404145,0.983618,0.036704,0.176489,0.035722,0.919949,-0.390406,-0.176690,0.390315,0.903568,-18.7822,-26.0711,-18.4884,-28.3345,-18.8062,-47.0308,10.8435,23.0607,28.3995,25.9533,7.6559,49.7236,1.360045,-0.000220,0.000453,0.915941,-1.088277,-0.527820,-0.000145,3.120e-10
532,-0.012016,-0.015758,0.380648,0.918059,-0.112874,-0.380036,-0.112497,0.845034,-0.522744,0.380148,0.522663,0.763093,-24.7040,-20.5235,-24.5824,-53.8825,-23.6814,-50.0616,18.8253,9.4734,21.8064,53.8603,56.3412,48.7702,3.125762,-0.001332,-0.001848,0.889532,-3.775065,2.688817,0.001228,3.172e-11
533,0.009596,0.067928,0.415528,0.990706,-0.003894,0.135964,-0.052240,0.912036,0.406770,-0.125588,-0.410092,0.903356,-13.7478,-32.6194,-18.6604,-15.6377,-11.6787,-10.6210,25.6478,23.6205,47.3255,4.3557,54.7512,4.2212,1.065716,0.000822,-0.003695,0.934020,0.160243,0.028694,-0.063002,1.823e-10
534,-0.020406,0.005197,0.390035,0.978447,-0.028319,-0.204547,-0.024038,0.968197,-0.249030,0.205094,0.248580,0.946649,-26.7493,-40.5553,-28.4134,-56.4819,-24.9848,-53.7324,30.0945,36.4747,0.5816,59.3277,11.2873,57.9256,1.475524,-0.000087,-0.008453,0.879929,-1.367671,0.003704,0.031549,1.301e-11
535,-0.079946,-0.011416,0.406391,0.842790,-0.100704,-0.528738,0.011762,0.985553,-0.168961,0.538114,0.136179,0.831798,-6.7251,-8.3443,-17.1685,-37.9242,-13.9898,-16.2576,4.3474,3.4967,52.2084,32.3212,2.3838,17.8240,1.694421,0.009454,-0.002503,0.943208,0.376239,1.622250,0.122930,5.854e-12
536,0.013358,0.031967,0.419490,0.995562,-0.001675,0.094089,-0.013997,0.986083,0.165662,-0.093057,-0.166244,0.981684,-15.4761,-28.5074,-17.3752,-19.9388,-11.0551,-19.8226,29.5591,20.4819,47.7010,15.1230,8.2703,17.4267,0.605270,-0.001308,-0.005559,0.934236,0.927703,-0.222065,-0.013463,1.877e-11
537,0.006519,-0.012820,0.390791,0.924083,0.001670,0.382188,0.000193,0.999988,-0.004837,-0.382192,0.004544,0.924072,-24.7920,-53.1177,-26.8192,-35.5682,-27.8801,-53.2845,27.6417,54.6048,34.9115,27.9480,12.3405,53.4499,1.797250,0.006389,0.002370,0.880766,0.747675,-1.961028,0.020728,2.172e-11
538,0.052414,0.088698,0.382583,0.888282,-0.166757,0.427958,-0.204799,0.690204,0.694029,-0.411112,-0.704139,0.578944,-14.7410,-50.8330,-15.9381,-7.7186,-5.9256,-8.1477,7.0431,50.6561,21.7664,6.3772,2.1857,8.4765,2.743860,-0.005178,-0.011170,0.944758,2.740302,-1.304337,-0.038327,4.967e-12
539,-0.024316,0.048143,0.407159,0.972289,0.042606,-0.229867,0.069641,0.885829,0.458756,0.223168,-0.462052,0.858315,-14.0977,-34.8436,-16.7596,-32.8198,-12.6178,-9.6528,25.1974,33.8516,11.0544,33.1491,6.4090,6.6640,1.617624,0.000936,-0.005118,0.934728,1.739348,0.331020,0.024037,5.051e-12
540,0.042957,-0.091724,0.381238,0.923109,0.115776,0.366696,0.193467,0.684292,-0.703075,-0.332326,0.719958,0.609278,-17.2101,-10.3552,-9.7761,-14.2976,-20.8231,-53.3930,14.5825,8.0303,17.8673,8.4555,46.7594,49.3329,2.660838,-0.002834,0.011816,0.927994,-2.899688,-0.759610,0.075031,4.230e-12
541,0.001749,-0.010208,0.379871,0.918218,-0.111713,-0.379994,-0.100524,0.862255,-0.496398,0.383107,0.494000,0.780508,-25.2829,-22.3836,-24.6295,-54.9171,-22.2062,-49.9977,1.7684,11.7886,25.6141,57.7604,50.0870,50.5656,3.254099,-0.004486,-0.004731,0.890809,-3.355919,3.364120,-0.024209,5.474e-11
542,0.037423,-0.018252,0.404541,0.893846,0.051322,0.445427,0.062588,0.969419,-0.237294,-0.443984,0.239983,0.863300,-16.9725,-29.2368,-14.1880,-14.8368,-15.8614,-42.3123,13.0793,29.3745,4.0509,12.2106,17.2372,44.1017,1.806842,-0.003212,0.002321,0.929270,-1.365591,-1.918056,0.006509,7.653e-12
543,-0.008545,-0.030880,0.417084,0.997152,-0.006094,-0.075177,-0.012366,0.970035,-0.242650,0.074403,0.242889,0.967197,-15.2588,-17.4329,-13.8949,-27.2032,-17.2234,-30.1915,29.5079,13.2205,21.1062,23.3054,27.6280,25.4041,0.723607,0.000364,0.003410,0.930524,-0.771480,0.083515,-0.006583,1.411e-12
544,-0.007987,-0.020368,0.406068,0.984851,-0.026314,-0.171393,-0.017672,0.968041,-0.250170,0.172499,0.249409,0.952911,-19.8578,-26.1154,-20.0490,-40.5842,-20.1969,-39.2712,14.5498,21.5945,31.0729,39.8483,16.6325,38.3992,1.086242,0.000416,0.000224,0.909898,-0.643268,1.117054,0.001316,4.149e-10
545,0.002396,-0.022624,0.398880,0.999207,-0.007377,-0.039130,-0.003063,0.965542,-0.260230,0.039701,0.260143,0.964753,-26.4608,-36.3066,-26.3584,-44.9556,-26.2183,-49.9796,32.4361,28.1015,54.4445,39.5886,30.0149,45.9468,0.828900,-0.000389,-0.000260,0.881613,-0.375499,0.572447,-0.002159,2.028e-11
546,0.038284,-0.074691,0.381796,0.929444,0.153706,0.335424,0.118515,0.736551,-0.665918,-0.349412,0.658686,0.666366,-25.2940,-21.0112,-19.3038,-22.7075,-24.3669,-59.6941,55.6170,9.3984,57.8654,12.7852,38.2639,52.8027,2.425352,-0.004408,0.005824,0.896409,-1.951850,-1.452601,-0.031903,4.734e-12
547,-0.001413,-0.008564,0.399896,0.989998,-0.003236,-0.141042,-0.003086,0.999001,-0.044584,0.141045,0.044573,0.988999,-23.9090,-40.9767,-22.6611,-48.5060,-23.0432,-43.2951,8.1959,41.3821,16.3472,52.2284,3.6417,43.8837,0.670173,-0.002789,0.000879,0.895730,0.225024,0.709038,-0.004829,5.907e-12
548,-0.015121,-0.053949,0.392267,0.985815,-0.051676,-0.159683,-0.048271,0.823926,-0.564638,0.160745,0.564336,0.809744,-22.6259,-17.8793,-21.6179,-41.2747,-25.9950,-49.2182,44.0356,7.4413,43.2413,33.3049,53.9225,42.2619,2.038729,0.001689,0.005471,0.894431,-2.487201,0.764783,0.002197,7.283e-12
549,0.005123,0.012277,0.392286,0.969758,-0.054050,0.238009,-0.049629,0.911129,0.409122,-0.238970,-0.408561,0.880892,-24.0073,-55.2403,-23.9724,-32.9716,-24.0323,-33.1373,49.6667,54.9385,43.9391,26.1443,7.4199,26.3131,2.305617,0.000152,0.000286,0.891365,3.140368,-2.042666,-0.001866,1.231e-11
550,-0.008979,0.047127,0.390863,0.998379,0.012747,-0.055466,0.021564,0.817192,0.575962,0.052668,-0.576224,0.815593,-24.2689,-56.0923,-24.1819,-42.6325,-24.3937,-24.1677,42.6465,55.9942,7.1372,38.4524,49.7744,14.4965,1.839627,0.000095,0.000440,0.890806,1.351019,-0.295356,-0.002008,1.245e-11
551,-0.013664,-0.007195,0.392444,0.951858,-0.007893,-0.306438,-0.004391,0.999215,-0.039377,0.306509,0.038827,0.951076,-30.7615,-43.0146,-29.9486,-58.0518,-30.0825,-45.0477,50.9162,32.5552,58.4442,52.8582,45.4466,35.0088,1.246252,-0.001613,0.000273,0.863910,0.264535,1.491374,-0.003604,8.756e-12
552,-0.011170,-0.036555,0.391118,0.953136,-0.090848,-0.288579,-0.071394,0.859372,-0.506343,0.293997,0.503216,0.812612,-22.6987,-20.4557,-22.7248,-48.5531,-22.4432,-48.3037,18.5660,11.5660,42.9502,48.1774,19.7268,47.8891,2.224119,-0.000447,-0.000486,0.898008,-1.666178,1.907304,-0.005767,8.180e-12
553,0.030090,-0.000212,0.382495,0.867614,-0.009401,0.497149,-0.009426,0.999331,0.035347,-0.497149,-0.035354,0.866945,-30.5816,-62.1097,-32.1275,-37.7211,-32.4841,-60.1689,25.4015,59.3299,54.5193,25.3766,52.6917,56.3630,1.748444,0.004202,0.000764,0.857373,0.231292,-1.269806,0.004589,1.266e-11
554,0.005261,-0.007768,0.407164,0.995690,0.010001,0.092206,0.011285,0.973719,-0.227473,-0.092058,0.227533,0.969409,-18.3977,-30.7200,-18.7804,-32.5120,-18.2664,-42.6664,6.1850,30.4147,3.9426,32.8993,11.9037,46.5125,1.032723,0.000288,-0.001047,0.916868,-1.333945,-0.360940,-0.000847,7.215e-12
555,-0.023411,-0.018810,0.387929,0.988215,-0.020941,-0.151633,-0.018360,0.967232,-0.253230,0.151967,0.253030,0.955449,-29.2974,-45.1109,-30.5113,-58.7113,-29.7474,-58.4625,43.4054,41.0296,27.4493,58.0184,2.4652,59.2650,0.896420,0.002358,-0.001864,0.865882,-0.284909,-0.363911,0.015279,1.814e-11
556,-0.000051,0.030257,0.396307,0.993505,0.012168,-0.113133,0.010727,0.979820,0.199593,0.113278,-0.199510,0.973326,-26.5530,-50.0327,-26.1065,-49.9546,-25.2415,-39.5895,20.8524,48.3451,2.5390,49.9386,47.4035,35.9705,0.855986,-0.002179,-0.001882,0.883303,-0.611252,0.691490,0.013267,1.133e-11
557,0.011634,0.035241,0.407970,0.986821,-0.040719,0.156607,-0.020891,0.927662,0.372837,-0.160460,-0.371195,0.914586,-18.1473,-42.7714,-17.5062,-25.4206,-16.4189,-22.9210,27.1328,43.1337,4.3725,22.9531,25.5799,18.8961,1.297302,-0.001849,-0.001534,0.921915,0.878343,-1.040116,0.012817,3.726e-12
558,0.003728,-0.013980,0.399774,0.975808,0.004583,0.218579,-0.000738,0.999844,-0.017668,-0.218626,0.017080,0.975659,-23.7342,-45.5388,-24.3318,-36.0655,-24.9822,-46.4040,32.9984,44.4031,37.8112,30.5518,8.4204,44.6806,1.120102,0.002092,0.001328,0.890455,0.938551,-1.429655,0.008321,1.704e-11
559,0.066448,-0.002727,0.378890,0.673942,0.014404,0.738644,0.025971,0.998730,-0.043171,-0.738328,0.048278,0.672712,-27.3294,-50.7384,-24.5109,-14.7491,-25.0071,-53.5599,40.4032,44.1062,52.6111,0.6466,59.3154,47.1078,2.621762,-0.003975,0.000599,0.884455,-0.402603,-2.786052,0.006586,3.326e-12
560,-0.041062,0.030414,0.413568,0.937825,0.044740,-0.344214,0.046804,0.966303,0.253116,0.343939,-0.253488,0.904129,-11.5266,-24.6077,-15.6177,-33.7973,-13.0560,-11.0006,20.0880,22.6487,12.5512,32.5442,15.5729,8.3803,1.196996,0.003508,-0.002764,0.939748,0.662139,0.841140,0.002491,1.489e-11
561,0.005953,-0.002424,0.406557,0.981533,-0.001589,0.191284,-0.007648,0.998840,0.047543,-0.191138,-0.048128,0.980383,-22.0460,-40.0738,-21.3363,-30.1574,-20.6501,-37.5463,50.1614,36.2035,32.6753,25.1950,6.3098,33.8245,1.070597,-0.001754,-0.000960,0.903836,1.025493,-1.922444,-0.001671,1.211e-11
562,0.025642,-0.004555,0.388347,0.820118,0.009282,0.572119,0.000811,0.999849,-0.017384,-0.572193,0.014721,0.819987,-23.8480,-49.4856,-24.1953,-22.4554,-24.1427,-50.2466,44.6431,47.6921,32.3565,12.4075,21.5441,48.7427,2.495708,0.000852,0.000013,0.891225,0.281398,-3.450368,0.004330,1.517e-11
563,-0.026785,-0.042631,0.381379,0.877742,-0.149419,-0.455239,-0.135807,0.833579,-0.535446,0.459484,0.531809,0.711375,-25.1203,-19.2737,-24.7406,-57.5344,-24.0861,-49.8405,38.3506,7.8993,48.4381,58.6211,6.5807,48.1997,2.557159,-0.001662,-0.001164,0.888969,-1.297376,1.919820,-0.010312,1.353e-11
564,0.043695,0.020837,0.393098,0.825825,-0.079080,0.558354,-0.064788,0.970258,0.233241,-0.560192,-0.228791,0.796140,-22.1888,-50.8618,-20.7826,-17.4093,-20.3906,-38.1048,28.6097,50.1581,23.6954,9.2826,37.3856,34.1910,2.161155,-0.002616,-0.000626,0.904753,0.610788,-2.425176,0.005753,7.321e-12
565,0.027585,0.021918,0.388347,0.936080,-0.070642,0.344621,-0.085254,0.904873,0.417058,-0.341300,-0.419780,0.841011,-27.2288,-61.0494,-27.2942,-33.3407,-27.4375,-37.9746,32.9488,58.5852,56.1997,22.5324,49.1894,28.6012,2.062898,0.000220,0.000416,0.876933,2.236350,-0.876236,0.003785,9.905e-12
566,-0.035846,-0.053767,0.390765,0.927801,-0.111752,-0.355945,-0.102704,0.840710,-0.531656,0.358660,0.529828,0.768535,-19.3176,-12.7452,-20.0322,-45.1863,-24.7073,-42.6283,33.0788,3.9904,39.1824,38.9243,49.4888,36.5437,2.222802,0.004289,0.005760,0.903625,-2.285550,1.691549,0.006077,8.771e-12
567,-0.022132,0.034657,0.393827,0.952051,0.079451,-0.295443,0.095703,0.839884,0.534262,0.290585,-0.536919,0.792009,-17.5007,-42.5229,-19.7476,-41.5456,-16.9595,-12.5005,16.3566,42.6476,35.9070,42.0844,1.7277,7.4789,2.505900,0.001558,-0.004029,0.918037,3.426922,1.402568,0.003420,6.078e-12
568,0.003238,0.022292,0.404276,0.999527,-0.002253,0.030667,-0.007285,0.951571,0.307343,-0.029874,-0.307421,0.951104,-22.5166,-44.6007,-23.8340,-35.1175,-21.2654,-28.3615,37.0002,38.7922,55.6884,28.1570,26.3435,21.1309,1.246759,0.000032,-0.003430,0.898495,2.074673,0.012153,-0.002710,5.584e-12
569,-0.006413,-0.025025,0.423322,0.999352,-0.003491,-0.035820,-0.001996,0.988378,-0.152004,0.035935,0.151977,0.987731,-10.7823,-15.5540,-9.6936,-21.1414,-14.1368,-23.4837,8.0705,16.0874,2.6407,18.9725,28.9457,20.5922,0.489406,0.001259,0.004284,0.948147,-0.790588,0.231877,0.001585,2.099e-11
570,0.010882,0.044298,0.392409,0.994726,-0.024218,0.099665,-0.034237,0.837587,0.545231,-0.096682,-0.545768,0.832340,-24.6989,-56.5192,-25.1454,-36.8920,-24.3426,-26.4628,32.7717,54.0385,34.6143,29.1520,57.2224,16.2602,1.838749,0.000036,-0.001125,0.888722,1.762369,0.038721,-0.003178,3.204e-10
571,0.049219,-0.062102,0.388375,0.875582,0.129370,0.465423,0.195741,0.785816,-0.586667,-0.441634,0.604777,0.662724,-16.2200,-16.2139,-10.7733,-11.3556,-17.6051,-51.6195,2.9266,15.4889,8.5665,7.4284,34.3838,52.3792,2.647258,-0.003353,0.008455,0.932660,-2.940261,-1.245583,0.052322,6.382e-12
572,-0.078966,-0.049097,0.398059,0.835527,-0.099796,-0.540311,-0.102992,0.937491,-0.332421,0.539711,0.333394,0.773020,-11.6763,-6.2051,-16.1493,-41.8980,-21.4154,-24.9605,37.6840,0.3046,36.2860,33.8255,37.6072,17.7268,1.728797,0.006882,0.004405,0.926255,-0.696079,1.089386,-0.004509,1.688e-12
573,-0.004307,-0.009335,0.394782,0.987716,-0.013342,-0.155687,-0.011726,0.987210,-0.158996,0.155817,0.158868,0.974927,-30.0851,-41.8008,-29.7447,-53.0345,-29.3766,-50.1206,45.1077,31.5669,53.0381,46.9957,47.7107,42.7913,0.902228,-0.001150,-0.000691,0.866346,-0.562628,0.943506,-0.001719,2.207e-11
574,0.004784,-0.008839,0.415544,0.998610,0.003626,0.052582,0.001308,0.995618,-0.093507,-0.052691,0.093445,0.994229,-18.2027,-26.9317,-15.2647,-26.9881,-17.7862,-31.7963,39.5659,23.7928,1.6092,24.4039,32.3566,26.8202,0.556331,-0.002362,0.003085,0.923145,-1.091568,-0.834083,-0.001760,6.749e-12
575,-0.000958,0.030422,0.413061,0.999945,0.003269,-0.009955,-0.000251,0.957292,0.289122,0.010474,-0.289103,0.957241,-17.2714,-36.3466,-17.9698,-29.2019,-17.0843,-21.1065,24.0526,34.0869,15.0054,25.0983,39.3245,15.5421,0.750185,0.000356,-0.001074,0.921632,0.377920,0.125460,-0.003110,1.418e-12
576,-0.013711,0.013514,0.419203,0.993860,0.010812,-0.110112,0.003887,0.991188,0.132405,0.110573,-0.132020,0.985061,-15.1813,-26.6177,-15.9350,-28.1659,-16.3039,-19.7197,31.1998,22.5976,17.7346,23.1473,39.6233,13.2086,0.462927,0.001053,0.000355,0.928985,-0.072824,0.217035,-0.007420,7.798e-10
577,0.042312,0.062829,0.413025,0.974544,-0.032632,0.221807,-0.039411,0.949009,0.312776,-0.220704,-0.313556,0.923565,-18.8131,-32.9490,-18.3843,-14.3853,-9.0729,-16.2415,50.3212,19.5421,51.8147,8.1421,24.5292,9.9862,0.923995,-0.003589,-0.005666,0.930803,0.435543,-0.278270,-0.008463,1.726e-10
578,0.013195,0.014992,0.394511,0.969868,0.024181,-0.242429,0.016752,0.986089,0.165373,0.243055,-0.164452,0.955971,-27.0073,-45.2780,-24.6116,-52.1046,-24.8471,-36.7040,2.0839,41.7326,30.9905,53.3421,50.2182,30.3521,1.713486,-0.005367,0.000362,0.885122,0.121642,2.704477,0.022104,2.162e-11
579,-0.037209,0.017890,0.405882,0.931978,0.046107,-0.359570,0.010748,0.987928,0.154539,0.362354,-0.147892,0.920232,-20.7598,-31.7877,-20.7827,-44.5445,-22.4223,-23.8525,57.9643,25.6267,6.0021,39.9577,57.0203,13.2585,1.201737,0.001244,0.001974,0.904160,-0.792681,0.520327,-0.028321,1.701e-11
580,-0.023573,0.017328,0.387626,0.999444,0.003469,-0.033153,0.001071,0.990714,0.135957,0.033317,-0.135917,0.990160,-29.8005,-58.9621,-32.1254,-56.9226,-31.6751,-51.8841,48.0571,58.3554,6.3638,53.2984,30.4179,49.7922,0.712007,0.005954,-0.001118,0.859815,-0.168883,-0.874393,-0.013418,7.223e-12
581,-0.029471,0.072515,0.413832,0.986122,0.019068,-0.164924,0.039419,0.938086,0.344153,0.161275,-0.345878,0.924315,-9.9155,-25.6659,-19.7854,-23.9626,-7.2022,-7.2529,17.8597,16.5717,56.9362,17.8768,0.0115,9.0396,1.010872,0.003091,-0.009203,0.944830,1.021003,0.352308,0.023616,9.574e-10
582,-0.004111,0.026250,0.404723,0.996300,0.021413,-0.083238,0.011009,0.928697,0.370677,0.085240,-0.370222,0.925024,-18.8052,-41.4395,-21.2219,-35.5177,-18.3535,-21.7114,15.1508,38.8481,48.9523,31.7816,15.9644,17.0681,1.570132,0.001519,-0.003978,0.912176,2.468459,0.921030,-0.004685,1.333e-11
583,-0.103991,0.008503,0.381989,0.569004,0.067696,-0.819544,0.013426,0.995708,0.091569,0.822225,-0.063106,0.565653,-12.1034,-13.4060,-17.6771,-54.8005,-18.8942,-9.2296,54.7844,8.3023,4.2581,52.9646,28.6008,1.3411,2.506377,0.007344,0.001080,0.926987,-0.236422,1.684087,-0.066165,4.317e-12
584,0.004101,-0.023222,0.394369,0.961784,0.033329,0.271772,0.028482,0.975002,-0.220365,-0.272322,0.219684,0.936792,-24.7356,-43.9370,-26.3375,-37.2050,-26.3386,-55.5365,31.0995,41.5982,39.9714,30.8314,8.3605,56.5806,1.430456,0.003849,0.000065,0.883954,0.046959,-1.576614,0.019373,1.362e-11
585,-0.087851,-0.037373,0.392060,0.802796,-0.086781,-0.589905,-0.082668,0.963597,-0.254256,0.590496,0.252882,0.766398,-15.4606,-12.4447,-21.8844,-48.4384,-25.8630,-26.7349,53.3046,2.2547,57.9581,35.3079,58.7296,15.5730,1.766280,0.007864,0.003232,0.905341,-0.529881,1.286280,0.004134,8.598e-12
586,0.039620,0.118734,0.379349,0.952387,-0.105094,0.286206,-0.155837,0.639042,0.753220,-0.262057,-0.761958,0.592238,-15.6620,-49.5198,-20.3520,-12.5354,-5.1771,-3.5939,20.6083,42.3883,41.7737,8.1707,12.9839,2.6809,2.447936,-0.003215,-0.013355,0.938254,2.164168,-0.552043,-0.058895,1.446e-12
587,-0.046202,-0.041135,0.381040,0.799215,-0.175853,-0.574745,-0.161030,0.858637,-0.486634,0.579073,0.481476,0.657917,-19.7545,-11.3771,-21.1270,-55.0445,-22.8415,-39.7048,28.8901,1.8565,36.8774,54.2380,29.2004,36.2089,2.860961,0.003575,0.002499,0.903884,-2.008714,2.808899,0.005129,2.189e-12
588,-0.058757,0.011836,0.382380,0.721514,0.056343,-0.690104,0.069286,0.985806,0.152924,0.688925,-0.158151,0.707369,-21.4316,-30.5158,-25.3579,-60.3776,-24.0928,-21.3848,38.1318,21.7158,51.9020,56.8339,40.5960,11.5606,2.670974,0.005147,-0.001619,0.893161,1.006431,3.299132,0.006470,9.118e-12
589,0.001564,-0.021154,0.394608,0.970499,0.055932,0.234526,0.037569,0.925755,-0.376252,-0.238158,0.373964,0.896344,-24.2484,-34.5093,-24.4223,-33.3900,-24.1878,-54.5714,54.9974,27.7153,23.3104,26.3479,24.3084,53.9312,1.980611,0.000348,-0.000401,0.890407,-1.800688,-2.312733,0.006773,8.303e-12
590,0.004214,-0.047118,0.398928,0.994142,0.042829,0.099229,0.018702,0.836107,-0.548247,-0.106447,0.546891,0.830409,-19.2897,-19.4024,-17.8190,-29.3769,-19.2055,-49.5262,31.2682,13.7678,26.5190,26.7579,5.2831,50.8801,1.889765,-0.001204,0.002040,0.915436,-1.746746,-0.992058,-0.011312,2.604e-12
591,0.000429,0.019918,0.424124,0.999359,0.000315,-0.035805,0.007856,0.973662,0.227860,0.034934,-0.227995,0.973035,-15.1138,-24.7296,-13.2269,-20.3454,-14.7372,-12.7751,49.1714,18.2429,16.2572,13.0655,57.8146,0.8475,0.685288,-0.000696,0.000796,0.935493,-0.033465,-0.030569,0.009695,2.803e-11
592,0.003451,0.047137,0.380538,0.992635,-0.059992,0.105250,-0.029039,0.725625,0.687478,-0.117615,-0.685470,0.718538,-24.4171,-59.7615,-24.9330,-34.1793,-21.3879,-20.4017,57.4643,56.7590,52.3045,27.6402,12.1419,10.5185,2.994232,-0.001796,-0.005076,0.892847,4.363108,-1.372389,0.001392,1.577e-11
593,0.017993,0.051798,0.393635,0.979484,-0.060463,0.192235,-0.065215,0.807492,0.586263,-0.190675,-0.586772,0.786982,-21.1107,-54.8308,-21.4732,-29.1595,-20.2835,-21.9722,20.1902,55.5936,17.3284,23.5138,49.0646,14.7014,1.970822,-0.000400,-0.001690,0.905688,1.650598,-0.393504,-0.002546,3.834e-12
594,0.008483,0.009344,0.426544,0.986775,-0.004018,0.162049,-0.010655,0.995923,0.089575,-0.161748,-0.090117,0.982709,-11.6482,-22.3249,-13.9005,-12.6481,-14.0380,-17.6185,15.5094,16.7188,43.5825,1.1291,56.6540,10.4606,0.640421,0.001263,0.000060,0.940723,0.000177,0.017476,-0.008690,1.988e-11
595,-0.031708,0.003955,0.387876,0.918830,0.070462,-0.388314,0.096434,0.914022,0.394036,0.382692,-0.399499,0.833035,-25.0211,-47.4262,-23.6692,-54.4159,-25.2007,-25.3445,50.3690,45.9036,38.0041,54.6974,3.0263,15.4116,2.458803,-0.000971,0.003085,0.888772,3.166301,0.729022,-0.034068,2.106e-11
596,0.033881,-0.020329,0.400825,0.902163,0.068753,0.425881,0.014132,0.981978,-0.188464,-0.431163,0.176044,0.884933,-22.7838,-35.2285,-19.4545,-19.8290,-18.7107,-44.7217,57.2830,28.6439,38.3863,14.0136,2.3154,41.8673,1.854689,-0.005684,-0.000697,0.908242,0.258659,-2.898905,-0.028599,9.756e-12
597,-0.097033,0.018703,0.388974,0.656675,0.104858,-0.746848,0.041043,0.983851,0.174221,0.753056,-0.145059,0.641767,-7.0994,-14.0146,-15.5255,-48.1351,-15.8318,-5.1140,11.3957,13.9384,4.0040,46.7176,28.4531,2.0512,2.433481,0.010596,0.000013,0.942160,0.032010,2.413711,-0.067878,3.798e-12
598,0.071724,-0.054224,0.393228,0.836369,0.108460,0.537330,0.131267,0.912083,-0.388425,-0.532218,0.395400,0.748601,-21.8053,-24.3301,-11.8282,-9.2912,-18.6572,-46.7166,40.2906,18.7724,24.0043,3.4154,42.8898,38.8651,2.008576,-0.007488,0.006619,0.921528,-1.404036,-1.606093,0.024253,2.514e-12
599,-0.019535,0.024806,0.407755,0.979221,0.026682,-0.201035,0.025836,0.966816,0.254165,0.201145,-0.254078,0.946037,-20.0273,-36.7510,-21.5216,-39.2454,-20.2991,-23.3054,38.9042,31.4827,29.2823,34.3540,38.1877,15.6918,0.963509,0.001294,-0.001553,0.907334,0.703423,0.585949,-0.000504,5.739e-12
600,0.033772,-0.102429,0.390401,0.971501,0.097308,0.216143,0.081651,0.718668,-0.690543,-0.222531,0.688511,0.690241,-17.5944,-6.8917,-8.4371,-15.7876,-19.4851,-46.9197,35.4932,1.9839,28.2997,11.0303,30.9179,39.4083,2.056427,-0.003552,0.009507,0.931817,-1.528122,-0.564915,-0.018093,1.975e-12
601,-0.007557,-0.001515,0.400429,0.977773,-0.015345,-0.209106,-0.018673,0.986982,-0.159744,0.208835,0.160098,0.964757,-24.6085,-33.6596,-24.5634,-47.3746,-24.4973,-42.0863,27.5896,26.2700,27.6840,44.1322,50.8592,37.2420,1.264003,-0.000227,-0.000221,0.889438,-1.507661,1.409031,0.000855,8.638e-12
602,0.062686,0.039042,0.399635,0.874206,-0.101468,0.474835,-0.063514,0.945622,0.319006,-0.481383,-0.309036,0.820224,-21.5960,-42.4991,-15.5132,-10.8945,-11.5484,-25.3113,55.6735,36.7774,17.3555,8.9320,10.1218,19.6969,1.889665,-0.009884,-0.004410,0.926820,1.105404,-2.407563,0.032707,9.361e-12
603,-0.001932,-0.002490,0.391763,0.996501,0.009950,0.082990,0.009482,0.973025,-0.230505,-0.083045,0.230485,0.969526,-29.1108,-45.6776,-30.8063,-47.9451,-28.9763,-57.7743,42.8777,38.3202,32.7229,41.4234,39.6885,56.3121,1.186138,0.001889,-0.003821,0.866781,-1.315796,-0.652489,0.002440,1.250e-11
604,-0.015440,-0.008807,0.407191,0.972255,-0.003809,-0.233893,0.004841,0.999981,0.003839,0.233874,-0.004864,0.972255,-19.6138,-32.1946,-19.5417,-42.6721,-19.5691,-31.9267,19.2222,30.4739,26.8126,44.0682,0.6053,30.0924,0.930699,-0.000152,0.000128,0.911972,0.899662,0.854548,-0.001276,2.445e-12
605,0.053602,-0.025411,0.399643,0.873293,0.057670,0.483771,0.062271,0.971613,-0.228235,-0.483200,0.229440,0.844911,-23.4192,-34.0621,-19.7604,-17.4025,-21.5304,-46.6342,33.8528,25.9352,54.4640,6.8577,48.4676,39.8871,1.542639,-0.003586,0.001970,0.903009,-0.620626,-1.131602,0.004621,3.985e-12
606,-0.050760,-0.002786,0.404484,0.902470,0.004507,-0.430730,-0.012364,0.999804,-0.015445,0.430576,0.019264,0.902349,-17.5418,-24.1205,-21.6288,-44.6564,-22.8605,-25.1266,35.5160,16.6708,41.3847,36.3289,55.1911,16.3794,1.349183,0.005862,0.001279,0.906968,-0.352584,1.650542,-0.015629,4.645e-12
607,-0.002874,0.033866,0.385060,0.987212,0.046066,-0.152609,0.040700,0.852768,0.520702,0.154127,-0.520255,0.839988,-29.5219,-60.0819,-28.1260,-53.1843,-29.4918,-31.5338,39.3457,57.6702,29.8745,48.8019,59.6840,19.0412,1.981153,-0.001656,0.002639,0.869334,1.537014,0.978110,0.010851,1.452e-11
608,-0.128468,-0.026115,0.384126,0.637562,-0.039333,-0.769395,-0.086571,0.988713,-0.122282,0.765520,0.144570,0.626960,-1.4501,-0.8135,-13.2156,-44.5023,-18.0417,-9.0708,1.2299,2.5886,14.3846,37.5826,34.6542,7.0199,2.240612,0.013264,0.003673,0.951104,-0.450765,1.725458,-0.057420,1.110e-12
609,-0.014854,0.024125,0.383717,0.973110,-0.032640,-0.228015,-0.032629,0.960394,-0.276730,0.228017,0.276728,0.933504,-30.6259,-41.0024,-32.3159,-58.7229,-27.2777,-55.7683,47.0549,29.7646,5.2772,56.9777,58.1939,55.3445,2.221308,-0.001905,-0.010989,0.864488,-3.074504,0.468101,0.048712,4.029e-11
610,0.025373,0.060692,0.402126,0.970850,-0.065646,0.230522,-0.073881,0.832974,0.548357,-0.228016,-0.549404,0.803843,-16.3436,-45.4074,-17.2660,-19.1218,-12.9899,-14.8393,13.9276,44.9673,16.8102,15.3516,30.1401,11.0123,1.786405,-0.001685,-0.005050,0.930076,1.561971,-0.523827,-0.008432,7.392e-12
611,-0.001641,0.010003,0.393093,0.982848,0.035046,-0.181056,0.031912,0.934646,0.354144,0.181635,-0.353847,0.917497,-26.5696,-50.9061,-25.2017,-49.8793,-26.5206,-32.0083,26.0809,48.6714,46.1330,47.4084,32.4549,22.5580,1.847447,-0.001614,0.002547,0.882399,2.170504,1.396308,0.003441,1.575e-11
612,-0.063859,0.031677,0.378369,0.701349,0.154583,-0.695855,0.120482,0.936450,0.329463,0.702563,-0.314907,0.638153,-17.9187,-31.6426,-23.7578,-58.3426,-22.2093,-12.9268,21.9906,26.0614,40.6434,54.9901,48.6643,3.9005,2.947651,0.007600,-0.002267,0.903462,1.177199,3.715270,-0.017006,6.307e-12
613,0.009739,-0.035931,0.392307,0.951095,0.048456,0.305074,0.041589,0.958540,-0.281906,-0.306086,0.280808,0.909647,-25.0150,-43.0629,-26.2699,-36.3249,-26.7437,-58.0165,26.3791,40.4935,53.8052,29.5574,1.4203,59.1965,1.542857,0.003561,0.001072,0.883041,0.463534,-1.426862,0.029873,1.142e-11
614,-0.008614,-0.032335,0.404280,0.987565,-0.034122,-0.153464,-0.014029,0.953139,-0.302207,0.156585,0.300602,0.940808,-21.5655,-26.0957,-22.2379,-41.2315,-22.1220,-42.0153,25.5601,18.3200,58.5886,37.1539,14.0407,39.0351,1.100202,0.001009,-0.000123,0.901209,0.096435,1.057021,0.008090,2.259e-12
615,0.006399,0.003256,0.387541,0.997815,0.021307,-0.062543,0.014893,0.849694,0.527066,0.064373,-0.526846,0.847520,-23.1638,-54.7314,-20.9545,-43.4559,-24.1667,-25.8966,7.7985,59.5664,42.9398,43.7111,6.2771,18.1845,2.764879,-0.001550,0.006561,0.896920,3.877827,0.982357,0.016416,4.242e-11
616,0.072494,-0.009937,0.390448,0.759026,0.004048,0.651048,0.060804,0.995169,-0.077076,-0.648215,0.098089,0.755113,-24.2714,-39.0891,-16.0516,-9.9753,-19.3875,-44.5061,51.8148,34.1031,14.4342,2.8120,48.6214,36.7908,2.283606,-0.008871,0.003569,0.910094,-1.086707,-2.850118,0.044580,7.620e-12
617,0.031590,-0.033625,0.387103,0.870107,0.138906,0.472883,0.137982,0.852442,-0.504286,-0.473153,0.504032,0.722549,-19.6777,-26.3793,-17.0057,-17.3370,-19.0496,-55.3026,30.2363,23.4612,2.8820,12.5982,23.9770,58.1646,2.871628,-0.002811,0.003011,0.915580,-2.988378,-2.792965,-0.000038,6.523e-10
618,0.017815,-0.062083,0.416481,0.988220,-0.001789,0.153030,0.047113,0.954928,-0.293076,-0.145608,0.296833,0.943763,-13.6699,-14.5222,-7.9118,-15.5684,-18.7086,-30.2026,20.3344,14.1302,9.7757,8.9719,58.9646,20.4398,0.950443,-0.000429,0.007839,0.939726,-0.880347,-0.065596,0.056845,9.011e-10
619,-0.008945,-0.045889,0.396610,0.994543,-0.027782,-0.100563,-0.033765,0.826309,-0.562204,0.098715,0.562532,0.820861,-19.3290,-15.9046,-18.0822,-36.1843,-21.1717,-47.0155,28.3962,9.4024,19.8806,33.2132,31.7517,45.5910,2.089515,0.000510,0.004277,0.911840,-2.719690,0.334948,-0.003086,5.199e-12
620,-0.015617,-0.015761,0.387597,0.997045,-0.012150,-0.075858,-0.011261,0.953637,-0.300749,0.075995,0.300715,0.950682,-30.9290,-44.8485,-32.3909,-56.2415,-30.8734,-60.7344,52.1383,36.6486,40.4173,51.4381,23.2579,59.1308,1.127722,0.001820,-0.003357,0.858912,-0.789392,-0.431482,0.015003,8.109e-12
621,0.013129,0.030153,0.390127,0.989143,0.040421,-0.141288,0.028287,0.891081,0.452962,0.144209,-0.452040,0.880263,-26.7733,-54.8486,-24.4630,-49.5418,-25.7845,-30.5006,7.2694,54.8998,23.3991,49.3230,53.5959,21.7475,1.987465,-0.003984,0.002543,0.884399,1.165165,1.954451,0.036665,1.910e-11
622,0.042429,-0.062002,0.398406,0.934047,0.124321,0.334814,0.075603,0.847391,-0.525560,-0.349057,0.516210,0.782104,-19.7047,-17.8041,-12.5733,-15.4752,-17.2436,-46.8456,40.3524,11.6571,27.7877,11.8279,15.4287,43.1320,1.933915,-0.005909,0.005222,0.925643,-1.372294,-1.518154,-0.047769,5.667e-12
623,-0.032750,-0.006064,0.396433,0.906424,0.001470,-0.422367,0.008761,0.999713,0.022282,0.422279,-0.023898,0.906151,-24.4855,-36.0651,-23.8556,-55.0176,-24.2150,-34.7537,46.6328,31.1025,27.0256,55.9323,10.4725,28.9445,1.383833,-0.000993,0.000732,0.891275,0.685547,0.914497,-0.006861,7.858e-12
624,-0.003824,0.056471,0.383229,0.999495,0.004916,-0.031392,0.019204,0.693652,0.720055,0.025315,-0.720294,0.693207,-20.7628,-54.9636,-22.6075,-35.3275,-18.4897,-13.1700,35.2506,53.8710,40.5391,31.4547,15.3283,5.2311,2.874233,-0.000234,-0.005777,0.906450,3.977917,-0.114662,0.004271,8.282e-12
625,0.008508,0.026960,0.420564,0.999708,-0.011435,0.021297,0.007169,0.981653,0.190540,-0.023085,-0.190332,0.981448,-15.6996,-27.7583,-14.6629,-21.7515,-11.4522,-17.8020,40.1526,22.1633,19.4028,19.8901,11.7268,13.4477,0.617499,-0.002824,-0.003016,0.937366,0.555167,-0.514206,0.020326,2.427e-11
626,-0.044020,0.054098,0.408971,0.969637,0.066044,-0.235461,0.023932,0.932593,0.360135,0.243374,-0.354836,0.902697,-12.1826,-30.2911,-21.9836,-31.9525,-15.7101,-11.1481,16.6512,23.4083,54.3493,20.9974,44.6841,6.7820,1.210379,0.006277,-0.005270,0.925310,0.825236,0.959542,-0.046439,1.060e-11
627,0.002348,-0.069821,0.389322,0.995657,0.081569,0.044864,-0.025763,0.704541,-0.709195,-0.089457,0.704959,0.703583,-19.1789,-9.9801,-12.8990,-26.0012,-18.2754,-50.6693,55.2787,3.8551,1.0071,25.7070,7.5818,49.4492,2.665081,-0.004749,0.007343,0.923896,-3.049471,-1.770435,-0.064775,8.548e-12
628,0.035904,-0.010050,0.371094,0.627776,0.016430,0.778220,-0.022761,0.999737,-0.002746,-0.778061,-0.015990,0.627985,-22.9048,-53.0311,-23.0236,-12.3428,-22.3481,-51.7741,52.5894,52.9744,36.1330,1.1854,0.6621,52.2236,3.717858,-0.000203,-0.000508,0.896067,1.168609,-5.314070,0.034738,2.854e-11
629,-0.007772,0.039562,0.391682,0.972396,0.084405,-0.217537,0.064930,0.797585,0.599702,0.224122,-0.597273,0.770087,-18.6770,-47.7026,-18.9125,-41.8946,-18.8291,-14.0930,4.0035,51.2938,13.3070,43.5986,24.0016,8.0076,2.509621,0.000140,-0.000062,0.914998,2.551338,1.628027,0.003355,8.192e-12
630,0.004706,0.015173,0.393923,0.990809,-0.030423,0.131802,-0.030279,0.899773,0.435307,-0.131836,-0.435297,0.890582,-24.0162,-53.2158,-24.3034,-35.3173,-23.1239,-29.7338,45.3660,50.8993,58.1164,28.9328,6.1651,22.0918,2.209053,-0.000492,-0.001654,0.892172,3.656438,-1.092791,0.000107,1.299e-11
631,-0.027148,-0.029364,0.414677,0.972964,-0.043413,-0.226841,-0.018780,0.964051,-0.265053,0.230193,0.262147,0.937171,-12.7459,-14.4446,-15.0305,-31.9704,-16.2932,-28.3788,11.2690,10.8169,32.7780,28.8756,14.3724,27.1871,1.042397,0.003757,0.001461,0.933948,-0.396926,1.003742,0.023999,1.844e-11
632,-0.000308,0.016606,0.384838,0.978424,0.034000,-0.203791,0.034797,0.945159,0.324751,0.203656,-0.324836,0.923583,-32.7568,-59.9326,-30.0155,-60.7178,-31.7670,-42.6377,34.8450,57.3198,29.6576,59.6127,48.1957,32.7181,1.561583,-0.004871,0.003922,0.858359,0.854269,1.067616,0.014808,1.427e-11
633,0.080823,-0.052288,0.414249,0.910859,0.106279,0.398799,0.043080,0.936514,-0.347973,-0.410463,0.334135,0.848454,-14.6116,-10.0065,-3.3374,0.0337,-7.3063,-28.5639,26.6323,4.5327,23.1781,0.9997,2.7180,23.3783,1.304624,-0.005423,0.002115,0.962281,-0.062259,-0.116553,-0.086413,2.626e-10
634,-0.018414,-0.027046,0.417952,0.987006,-0.012915,-0.160161,-0.023379,0.974615,-0.222663,0.158971,0.223514,0.961649,-12.1579,-14.9625,-11.6245,-28.0950,-15.5183,-26.7217,12.5202,14.5192,1.9655,27.1444,24.3569,24.6810,0.885378,0.001874,0.004403,0.941070,-1.157804,0.496766,-0.010219,4.879e-12
635,-0.023519,-0.010170,0.405084,0.968168,-0.015762,-0.249806,-0.004718,0.996689,-0.081173,0.250258,0.079768,0.964888,-23.5829,-31.5217,-24.5461,-45.0109,-24.0344,-35.7194,53.7961,21.4453,54.9486,38.2891,30.9964,27.5293,0.798546,0.001069,-0.000654,0.891903,0.374038,0.619169,0.007232,5.998e-12
636,-0.014137,-0.048358,0.404203,0.988605,-0.054935,-0.140148,-0.018283,0.880318,-0.474032,0.149415,0.471193,0.869283,-14.3993,-12.7666,-14.7182,-32.5739,-20.0278,-38.3789,0.9344,10.2397,18.9538,28.5549,45.2570,36.4655,1.793688,0.004090,0.006662,0.926002,-2.348960,1.397822,0.026381,9.160e-12
637,0.031576,0.024434,0.385980,0.798440,-0.029466,0.601352,-0.012646,0.997761,0.065681,-0.601941,-0.060047,0.796280,-22.7226,-54.0820,-25.1377,-23.5169,-24.1606,-50.9926,10.2836,55.7295,6.1939,14.4099,51.9474,53.0024,2.456364,0.004406,-0.002247,0.891797,-1.275486,-2.284617,-0.045350,2.320e-11
638,0.064946,0.113980,0.381753,0.906861,-0.199933,0.370985,-0.146655,0.675561,0.722571,-0.395089,-0.709679,0.583319,-15.7079,-46.2487,-14.1720,-4.1892,-0.9934,-2.9920,26.6856,41.0829,10.7683,5.7736,1.0147,2.2447,2.400995,-0.007745,-0.011330,0.953792,1.606906,-1.064271,0.064408,7.612e-13
639,0.029882,0.001861,0.397378,0.900011,0.008020,0.435793,0.027249,0.996840,-0.074621,-0.435014,0.079035,0.896948,-24.0883,-43.6368,-23.2205,-25.5285,-23.7684,-47.9266,36.3271,39.4356,23.4020,16.4589,50.2704,44.2690,1.714653,-0.001009,0.000696,0.893258,-1.206289,-1.942151,0.003083,8.394e-10
640,-0.025821,0.013697,0.406610,0.983778,0.008442,-0.179194,0.025139,0.982548,0.184301,0.177622,-0.185816,0.966397,-21.4771,-38.0878,-21.1843,-41.2925,-20.8524,-28.3453,59.0234,34.4830,11.0422,39.4305,14.2013,22.3253,0.956390,-0.000737,-0.000507,0.904807,0.707006,-0.929221,0.004898,2.008e-11
641,-0.000169,0.063282,0.394061,0.999404,-0.029448,0.018005,0.010747,0.761195,0.648434,-0.032800,-0.647854,0.761058,-19.5054,-49.9762,-20.0793,-30.1055,-16.3700,-13.3601,41.4486,48.5675,13.4551,26.9577,26.6504,6.0762,2.178024,-0.001757,-0.004894,0.915888,2.245339,-0.770142,0.029560,6.351e-12
642,0.014088,0.033528,0.391457,0.911747,-0.085850,0.401681,-0.061092,0.938695,0.339294,-0.406184,-0.333890,0.850607,-23.6503,-57.0007,-24.3353,-28.6765,-24.5916,-38.8869,38.5286,58.2270,4.4511,20.4331,47.6640,34.5036,2.091499,0.001856,0.000261,0.890976,0.163810,-2.467434,-0.019027,1.170e-11
643,0.018909,-0.011485,0.388607,0.854715,0.081760,0.512618,0.079296,0.955364,-0.284590,-0.513005,0.283892,0.810081,-21.6934,-39.8119,-22.9073,-23.0170,-22.3266,-55.5654,33.7203,37.8148,14.0291,15.3115,21.6107,58.9060,2.620734,0.002148,-0.001145,0.899081,-1.658339,-3.150761,0.001489,2.137e-11
644,0.014531,-0.086890,0.407747,0.997750,0.046767,0.048045,-0.010115,0.813358,-0.581676,-0.066281,0.579881,0.812001,-12.2642,-2.5275,-4.1893,-15.6539,-13.7084,-34.7427,26.1047,1.7142,0.5367,16.8038,6.5355,31.0303,1.611328,-0.003158,0.008326,0.954828,-1.228753,-0.446109,-0.068017,6.637e-12
645,-0.073977,-0.055482,0.402065,0.874489,-0.086731,-0.477227,-0.097126,0.932646,-0.347475,0.475221,0.350214,0.807165,-6.9426,-3.4253,-11.5327,-36.0383,-19.4363,-22.8560,3.5596,4.0837,14.8420,30.0731,42.0840,18.9739,1.702577,0.008894,0.007069,0.943175,-1.157671,1.465452,-0.011718,3.334e-12
646,0.004910,0.022172,0.380259,0.966954,0.084143,-0.240667,0.067305,0.826234,0.559291,0.245907,-0.557007,0.793267,-28.1098,-57.3067,-25.7729,-53.8757,-27.9169,-26.3276,17.7992,56.0714,51.1649,51.8908,47.0875,13.3071,2.874113,-0.003072,0.004003,0.876711,2.954584,2.469137,0.031291,3.726e-11
647,-0.024629,-0.037704,0.381629,0.975818,-0.066557,-0.208205,-0.099745,0.711976,-0.695083,0.194500,0.699042,0.688120,-21.3740,-14.2867,-21.4390,-44.1652,-20.7700,-54.9193,42.5481,5.2420,9.6715,44.5860,9.9264,58.5505,3.010259,-0.000136,-0.001396,0.904067,-3.575990,-0.237979,0.020760,1.805e-11
648,0.003748,0.023620,0.393362,0.989179,-0.012185,0.146208,-0.010063,0.988564,0.150467,-0.146369,-0.150310,0.977744,-29.1249,-56.0286,-30.2341,-45.4679,-29.5765,-48.1756,41.8001,51.9110,22.3307,37.6834,58.7871,42.6149,0.816421,0.001822,-0.001351,0.866775,-0.558483,-0.738066,-0.009832,2.124e-11
649,-0.003980,-0.007668,0.396566,0.981260,-0.015403,-0.192071,-0.014943,0.987715,-0.155552,0.192107,0.155507,0.968975,-26.1707,-39.1104,-25.3291,-51.9285,-24.5933,-47.2694,19.7039,35.1130,23.9682,53.7108,16.9488,46.6043,1.019254,-0.003064,-0.001607,0.886001,-0.480912,0.919494,-0.003345,1.739e-11
650,0.008461,-0.040409,0.421554,0.999490,0.017503,-0.026700,-0.024783,0.952585,-0.303262,0.020126,0.303769,0.952533,-14.9993,-10.9017,-10.2315,-19.9162,-12.8364,-26.9542,47.4839,3.6933,26.1470,18.1334,6.4576,21.0662,0.873418,-0.002889,0.001939,0.943004,-0.221269,-0.318060,-0.051942,4.773e-10
651,-0.013036,-0.026806,0.390922,0.978797,-0.037692,-0.201336,-0.036140,0.935727,-0.350869,0.201620,0.350705,0.914524,-29.5460,-35.7560,-29.4278,-54.4796,-28.8509,-54.5130,51.1109,24.6179,55.6288,49.7010,27.9358,49.5914,1.285906,-0.000911,-0.001108,0.868434,-0.724342,0.595242,-0.002098,6.287e-12
652,-0.012956,-0.045330,0.406927,0.992012,-0.020791,-0.124418,-0.040072,0.883296,-0.467100,0.119609,0.468354,0.875407,-15.3925,-12.8037,-13.6011,-31.1287,-17.3446,-38.1966,23.6332,9.5986,7.7155,30.7471,15.3709,37.5627,1.600199,0.000192,0.004846,0.930399,-1.944062,0.089975,-0.015097,8.346e-12
653,-0.011199,0.019049,0.401543,0.999739,-0.006038,0.022051,0.002006,0.983939,0.178493,-0.022774,-0.178402,0.983694,-24.9178,-46.9946,-25.1464,-41.3130,-25.1667,-37.6931,55.1605,43.4066,12.6835,35.7445,38.9081,31.3629,0.816381,0.000553,0.000001,0.887251,-0.068064,-1.258239,-0.003089,1.882e-11
654,-0.027450,-0.036128,0.385797,0.843197,-0.146739,-0.517191,-0.123185,0.883697,-0.451559,0.523302,0.444463,0.727054,-21.3976,-16.3798,-21.2341,-55.0489,-20.8586,-41.7117,19.3698,8.0929,37.1861,58.7064,5.0888,41.2784,2.667646,-0.000981,-0.000539,0.904445,-1.169500,2.684585,-0.010055,1.256e-11
655,-0.042820,0.028746,0.380231,0.763758,0.151506,-0.627471,0.140536,0.909720,0.390717,0.630019,-0.386595,0.673514,-21.1440,-37.8588,-22.9743,-58.4764,-22.1863,-15.2704,25.4663,33.8276,32.8989,59.0956,35.5483,5.6877,2.980978,0.002356,-0.001207,0.899873,1.794338,3.352685,-0.000601,4.754e-12
656,0.065906,-0.105355,0.388124,0.882512,0.148693,0.446164,0.200895,0.738593,-0.643522,-0.425221,0.657549,0.621946,-12.9077,-4.5595,-0.9106,-1.8317,-14.0650,-43.6179,3.9623,6.5768,2.4192,1.5601,20.4595,40.0265,2.256558,-0.005496,0.011013,0.958273,-1.495170,-0.772853,0.066931,3.312e-12
657,-0.007493,0.079618,0.391493,0.997210,0.003190,-0.074579,0.051081,0.699383,0.712919,0.054434,-0.714740,0.697269,-15.9556,-46.1292,-18.5994,-28.2825,-11.4305,-4.7382,32.3888,44.5267,15.3928,27.3258,9.8451,0.3396,2.398816,-0.001051,-0.008634,0.930748,2.709280,-0.293124,0.042285,5.289e-12
658,-0.027362,0.017036,0.394569,0.959257,0.042899,-0.279259,0.051557,0.945232,0.322303,0.277791,-0.323569,0.904508,-25.6799,-47.9231,-25.2063,-52.1073,-25.9562,-30.5398,53.7152,45.1091,20.7296,50.1568,26.4904,21.6873,1.470032,-0.000167,0.001457,0.884826,1.354990,0.135452,-0.008623,6.805e-12
659,0.020883,0.085294,0.388619,0.979678,-0.071471,0.187409,-0.094550,0.659475,0.745757,-0.176892,-0.748321,0.639316,-13.4263,-48.8037,-16.4985,-17.4900,-8.3730,-4.4651,4.2957,50.4388,16.1252,16.5356,7.1466,3.6864,2.606435,-0.001526,-0.009823,0.942201,2.918584,-0.472900,-0.021744,5.736e-12
660,0.020729,0.076658,0.380620,0.980336,-0.052693,0.190171,-0.107470,0.665681,0.738457,-0.165505,-0.744373,0.646929,-22.0905,-59.5543,-25.2354,-29.0038,-19.8783,-15.6145,25.9094,55.6202,48.5293,19.0386,58.8264,5.8143,2.606040,0.000383,-0.006592,0.898941,2.724462,0.112217,-0.045448,7.258e-12
661,0.003845,-0.030085,0.397960,0.994648,0.017546,0.101817,0.014238,0.952795,-0.303280,-0.102332,0.303107,0.947446,-24.8849,-37.1106,-25.2548,-40.4301,-25.1826,-53.1353,29.2447,31.9313,48.3465,35.8350,9.3850,52.7260,0.912719,0.000764,-0.000134,0.887189,-0.086599,-0.502568,0.004827,4.076e-12
662,0.048169,-0.021607,0.414666,0.944199,0.054662,0.324808,0.011994,0.979773,-0.199751,-0.329157,0.192501,0.924445,-18.1291,-22.8205,-12.7791,-12.8333,-12.8052,-33.1688,37.1077,15.7821,35.1379,9.7577,9.1930,29.1174,1.088961,-0.005612,0.000112,0.934516,-0.030151,-0.995762,-0.047568,1.644e-12
663,-0.026831,-0.066541,0.423615,0.985649,-0.028762,-0.166339,-0.037109,0.924356,-0.379721,0.164678,0.380445,0.910024,-4.6271,1.4798,-3.0836,-16.3702,-10.7300,-18.8933,6.6648,0.5934,1.9462,15.7697,5.1318,17.0352,0.977273,0.001612,0.004649,0.972434,-0.259881,0.091642,-0.011407,6.828e-11
664,0.030951,0.004168,0.390705,0.987018,-0.008503,0.160383,-0.008459,0.994460,0.104779,-0.160386,-0.104775,0.981478,-31.5396,-57.7140,-29.9751,-47.7215,-30.6091,-52.2385,11.4992,54.0963,50.4831,42.3882,53.8798,46.2029,0.760011,-0.003125,0.001362,0.862007,0.363503,0.852440,0.010658,1.095e-11
665,0.057102,-0.054060,0.412422,0.918148,0.012148,0.396051,0.091793,0.965818,-0.242424,-0.385458,0.258936,0.885649,-15.8016,-18.5369,-7.1433,-7.2058,-16.4753,-32.3107,20.5524,16.7769,16.0958,1.2686,54.4567,22.5151,1.255318,-0.003290,0.006264,0.941035,-0.593236,-0.337354,0.098541,6.946e-10
666,0.036522,-0.017565,0.387521,0.807807,0.077316,0.584354,0.072390,0.970843,-0.228525,-0.584985,0.226906,0.778657,-22.6239,-44.1257,-23.7766,-22.0186,-23.4469,-56.8400,10.7419,42.8103,39.9053,13.2058,22.8779,59.6515,2.298854,0.002259,-0.000607,0.895146,-0.554698,-2.112204,0.004545,1.384e-11
667,-0.079088,-0.024797,0.382264,0.695899,-0.116448,-0.708636,-0.069784,0.971131,-0.228112,0.714741,0.208194,0.667683,-18.6539,-15.7342,-24.1668,-58.1451,-24.4659,-28.0876,49.8082,4.2263,59.2542,51.4770,34.4912,19.7889,2.458887,0.007498,0.000552,0.898886,-0.217894,2.547167,0.041354,7.973e-12
668,-0.016512,-0.022408,0.391243,0.963262,-0.048199,-0.264202,-0.046346,0.939171,-0.340309,0.264533,0.340051,0.902434,-29.5343,-32.8687,-29.5785,-54.3101,-29.7389,-51.1349,57.0260,18.9500,59.0734,46.3809,56.0035,42.3368,1.598869,0.000145,0.000167,0.866729,-1.462947,1.235307,0.000005,1.200e-11
669,0.005393,0.033214,0.395026,0.987093,0.050227,-0.152067,0.025302,0.888707,0.457776,0.158136,-0.455715,0.875966,-23.2127,-49.6565,-22.6085,-44.8457,-23.1006,-25.0483,6.1479,49.5646,24.5121,43.4961,49.9007,17.1467,1.926668,-0.000962,0.000803,0.896474,1.333074,1.965469,0.013399,1.074e-11
670,0.059160,-0.113447,0.363267,0.873209,0.224702,0.432452,0.252811,0.549773,-0.796138,-0.416644,0.804524,0.423260,-20.1379,-8.1997,-9.7131,-10.6577,-21.6301,-60.4047,28.1059,2.4118,40.3169,3.6583,37.2866,54.4041,2.999847,-0.005145,0.011485,0.922673,-2.365755,-1.078332,0.035279,5.816e-12
671,-0.020881,0.032265,0.410064,0.979490,0.036468,-0.198165,0.025255,0.953510,0.300302,0.199903,-0.299148,0.933032,-18.5104,-35.2876,-18.6766,-36.5229,-19.1557,-19.3790,42.2188,32.0870,0.9700,32.8491,50.4141,10.9175,0.930499,0.000574,0.000577,0.915620,-0.210892,0.213621,-0.009543,2.392e-11
672,0.057992,0.007563,0.392579,0.805948,-0.027305,0.591356,-0.021765,0.996894,0.075693,-0.591586,-0.073875,0.802850,-25.4261,-46.2784,-21.0109,-15.6979,-20.5452,-42.1584,54.9254,39.5945,37.7103,6.4036,38.8980,34.8749,2.090479,-0.006619,-0.000601,0.899263,0.256024,-2.759151,0.003850,5.896e-12
673,-0.016226,-0.010027,0.415147,0.989442,-0.001310,-0.144923,-0.013120,0.995044,-0.098569,0.144333,0.099429,0.984521,-18.3006,-24.1561,-16.5707,-33.2788,-17.1535,-29.3395,53.1826,18.8098,12.4928,32.0782,9.6734,24.7537,0.701640,-0.002035,0.000735,0.922057,-0.273877,-0.740141,-0.009735,1.979e-12
674,0.005124,0.037023,0.410388,0.996903,-0.026113,0.074183,-0.004466,0.922944,0.384909,-0.078518,-0.384048,0.919969,-16.6948,-39.6128,-16.3641,-25.7431,-14.5182,-19.1127,27.2168,39.8356,3.7766,24.7304,15.9269,15.7381,1.262220,-0.001877,-0.002486,0.928641,1.128790,-0.838328,0.016039,1.185e-11
675,-0.083715,-0.008706,0.403206,0.788681,-0.037527,-0.613656,-0.014152,0.996763,-0.079144,0.614640,0.071104,0.785597,-6.5830,-8.7674,-14.4834,-40.6178,-14.5325,-12.8399,6.7624,7.2977,21.4699,38.1677,12.0279,12.4943,1.810920,0.009129,0.000135,0.946582,-0.035797,1.792849,0.025611,5.964e-12
676,0.003751,-0.067123,0.388769,0.994570,0.063454,0.082491,0.008731,0.738959,-0.673693,-0.103706,0.670755,0.734393,-23.5400,-18.2871,-21.0771,-32.3667,-22.8584,-56.5642,57.5454,6.7782,56.8747,25.8359,7.0330,53.8969,2.191173,-0.002247,0.002479,0.898740,-1.437112,-1.252917,-0.038229,8.362e-12
677,-0.027910,0.010558,0.390019,0.936404,0.069443,-0.343985,0.071549,0.921855,0.380873,0.343554,-0.381263,0.858260,-24.3381,-49.4265,-22.4177,-55.1364,-24.9617,-28.5641,35.4004,52.4442,3.4003,59.0126,6.6738,22.2176,1.985120,-0.001558,0.005633,0.892459,1.729472,0.461599,-0.029356,1.864e-11
678,-0.062181,0.003582,0.389528,0.779560,0.011692,-0.626218,0.014456,0.999224,0.036652,0.626161,-0.037626,0.778786,-19.8219,-26.4459,-25.0421,-55.8491,-24.5900,-24.3359,36.1491,17.0842,54.6105,48.8987,51.6290,14.9431,2.209414,0.007047,-0.000538,0.895515,0.218740,2.907768,0.002035,6.715e-12
679,-0.023062,-0.042806,0.408616,0.970583,-0.068776,-0.230733,-0.032245,0.912566,-0.407656,0.238597,0.403104,0.883504,-14.1954,-12.6129,-15.8618,-34.6514,-16.9012,-34.4264,10.9575,7.9334,39.6471,32.9046,2.9794,34.7665,1.415654,0.003138,0.001384,0.929590,-0.522471,1.155947,0.031235,3.261e-12
680,0.070537,0.030973,0.413428,0.920842,-0.023691,0.389215,-0.038037,0.987935,0.150124,-0.388075,-0.153045,0.908831,-19.5094,-30.1125,-14.0290,-8.0025,-9.3109,-21.9575,45.9116,19.1068,40.3615,3.7177,25.7774,14.6666,1.007631,-0.005587,-0.002882,0.935912,0.218180,-0.430911,-0.018044,1.793e-10
681,0.000245,0.034851,0.400390,0.995331,0.042639,-0.086597,-0.002386,0.907735,0.419536,0.096496,-0.417371,0.903599,-20.9822,-45.6467,-23.7969,-38.9631,-22.0440,-23.2894,8.7866,42.0113,52.1515,32.0062,52.3636,15.3958,1.697088,0.002901,-0.002538,0.899557,1.736942,1.846429,-0.020700,6.214e-12
682,0.004321,-0.014790,0.391752,0.991059,0.000787,-0.133423,-0.000808,1.000000,-0.000105,0.133423,0.000211,0.991059,-29.1087,-49.9098,-26.4856,-55.9269,-28.1908,-49.9093,12.7377,49.9620,30.3833,58.9220,8.6404,47.7581,0.864171,-0.005056,0.004233,0.874507,0.651549,0.773649,-0.009994,1.358e-11
683,0.028358,-0.007912,0.386070,0.788069,0.038385,0.614388,0.032583,0.994054,-0.103900,-0.614723,0.101899,0.782133,-22.6862,-47.8437,-23.8277,-20.8104,-23.6689,-53.5137,30.4257,47.2686,28.8412,11.0972,21.7008,54.7941,2.635438,0.002432,-0.000240,0.894313,-0.270164,-3.264068,0.005000,2.161e-11
684,0.025371,-0.034521,0.382460,0.919338,0.114916,0.376313,0.129507,0.814734,-0.565187,-0.371544,0.568334,0.734133,-23.2370,-26.5962,-19.9535,-24.4929,-23.4638,-59.0789,47.1011,20.1064,2.1713,17.0979,55.6346,57.5154,3.010923,-0.002648,0.004951,0.898836,-4.200888,-2.355185,-0.000889,9.361e-10
685,0.022639,0.035518,0.406859,0.965235,-0.054106,0.255723,-0.046610,0.927033,0.372073,-0.257194,-0.371057,0.892282,-17.0433,-44.2796,-16.7525,-22.2723,-16.1698,-24.2746,6.3611,47.1097,1.3849,19.8122,32.0568,22.0228,1.315594,-0.000959,-0.000849,0.925122,0.638628,-0.721113,0.004068,8.850e-12
686,0.046242,0.037163,0.391450,0.848105,-0.125197,0.514824,-0.100975,0.915679,0.389020,-0.520118,-0.381913,0.763950,-22.7221,-53.2777,-20.6780,-17.0618,-19.2139,-31.6951,36.5604,51.3409,24.4868,9.1067,41.1907,25.3626,2.227609,-0.004214,-0.002049,0.905863,1.136314,-2.276741,0.015428,4.852e-12
687,0.003505,-0.068017,0.383979,0.999176,0.016070,0.037276,0.015557,0.696586,-0.717305,-0.037493,0.717294,0.695761,-23.3080,-16.4575,-21.5608,-35.3670,-24.7476,-58.0384,42.4446,5.1631,54.9638,27.7164,31.5952,54.7290,2.422935,-0.000232,0.004198,0.895408,-2.420953,-0.133490,-0.000009,5.681e-12
688,-0.062387,-0.088535,0.403326,0.954074,-0.108568,-0.279207,-0.046628,0.866843,-0.496397,0.295921,0.486618,0.821969,-5.8007,0.2930,-9.3396,-27.1859,-20.6168,-26.8078,3.0229,0.7529,28.7854,17.1113,46.9673,21.1947,1.470262,0.006820,0.007543,0.946620,-0.664668,0.565659,0.075917,5.933e-10
689,0.073389,-0.073392,0.378661,0.805996,0.182494,0.563087,0.200895,0.810485,-0.550233,-0.556787,0.556606,0.616585,-22.2524,-20.3770,-10.0384,-8.0911,-19.5765,-53.6096,45.1884,15.8585,9.9524,3.4503,42.4828,46.4531,2.663034,-0.009178,0.009999,0.921855,-2.402244,-2.229225,0.017125,4.604e-12
690,-0.023246,0.023254,0.400211,0.917545,0.065913,-0.392132,0.021151,0.976679,0.213659,0.397070,-0.204336,0.894753,-19.5898,-34.4134,-21.4382,-47.4427,-21.8979,-23.4817,8.3953,31.0624,22.9412,44.9109,59.4380,16.3480,1.852034,0.003415,0.000408,0.905294,-0.194783,2.848600,-0.013536,2.113e-11
691,-0.038125,0.035663,0.386116,0.856336,0.139704,-0.497163,0.087620,0.909449,0.406478,0.508931,-0.391643,0.766553,-20.0720,-39.3195,-25.5547,-53.1352,-23.6606,-17.2473,10.0197,33.6077,59.5332,46.8150,59.4553,7.5510,2.628584,0.006808,-0.002858,0.895267,1.715268,3.724051,-0.016957,7.184e-12
692,-0.074382,0.032951,0.366898,0.591169,0.184069,-0.785263,0.169613,0.923466,0.344155,0.788512,-0.336644,0.514704,-16.5965,-29.9695,-24.0405,-62.0590,-21.4253,-8.9134,17.4462,24.4166,47.1097,59.5975,40.8365,0.6191,3.465293,0.009290,-0.003558,0.905818,1.702391,4.352337,-0.005126,6.876e-12
693,-0.093494,-0.028200,0.368967,0.541761,-0.129654,-0.830473,-0.149745,0.957337,-0.247146,0.827086,0.258254,0.499233,-13.3803,-6.9444,-19.3030,-60.0607,-22.7087,-23.0958,24.7840,0.8648,28.1166,57.3763,40.6210,17.3138,3.203150,0.010673,0.003957,0.916269,-1.304376,3.594068,-0.017039,6.538e-12
694,0.027553,0.034411,0.392741,0.938092,-0.081480,0.336668,-0.092567,0.877622,0.470330,-0.333789,-0.472377,0.815748,-23.0342,-55.7146,-23.1647,-26.6237,-21.6659,-29.5324,28.9802,54.4891,40.2015,18.6886,35.8168,22.6134,2.109005,-0.001067,-0.002099,0.897997,2.248462,-1.179784,-0.004004,1.233e-11
695,0.046893,0.040902,0.391327,0.834268,-0.148851,0.530886,-0.122781,0.888535,0.442075,-0.537514,-0.433992,0.723000,-19.0423,-50.7293,-16.6129,-11.5893,-14.1850,-25.8223,28.9225,52.2206,10.0507,7.9558,13.3857,23.1961,2.543623,-0.005653,-0.003452,0.924752,1.749817,-2.785679,0.014733,6.841e-12
696,0.001837,0.048065,0.400712,0.999971,0.002350,0.007285,-0.005972,0.834846,0.550451,-0.004788,-0.550478,0.834836,-17.6097,-46.4884,-18.7734,-31.1168,-16.8360,-16.1995,14.3721,47.9379,13.0213,29.0852,28.2587,11.3228,1.818130,0.000287,-0.002745,0.920098,1.884526,0.189655,-0.004891,3.791e-12
697,-0.003307,0.064983,0.389508,0.996090,0.060445,-0.064433,0.001024,0.721370,0.692549,0.088342,-0.689907,0.718488,-16.8772,-49.2967,-21.2452,-33.8317,-16.6965,-9.6796,4.5662,49.2358,36.9946,29.5014,33.8080,3.9573,2.543649,0.002871,-0.006191,0.917318,2.960467,1.274256,-0.036774,7.170e-12
698,-0.109248,-0.036145,0.404323,0.862836,-0.080672,-0.499006,-0.033285,0.975973,-0.215333,0.504388,0.202406,0.839419,-2.6899,-3.0695,-14.9373,-32.6835,-18.5994,-14.4543,8.8639,0.9168,46.2710,18.6220,42.6069,10.8939,1.321411,0.008199,0.001970,0.945974,-0.076317,0.231715,0.060881,2.099e-10
699,-0.109516,0.022204,0.407376,0.821637,-0.028242,-0.569311,0.055866,0.997953,0.031121,0.567267,-0.057375,0.821533,-0.1484,-5.8412,-15.5546,-31.7398,-9.6685,-3.1372,1.3743,2.7125,39.0748,23.8709,4.1331,6.8232,1.453627,0.008512,-0.003226,0.962190,0.140274,0.465289,0.110214,5.308e-10
700,0.042248,-0.005658,0.390549,0.799542,-0.005377,0.600586,-0.058954,0.994428,0.087387,-0.597710,-0.105277,0.794770,-22.2755,-49.1412,-21.9711,-17.3465,-20.5681,-43.1485,30.1204,47.4483,55.0322,8.5967,3.9731,41.5214,2.495538,-0.001903,-0.001723,0.902238,2.043600,-2.811341,-0.003491,1.341e-11
701,0.064369,-0.077400,0.395658,0.914485,0.105338,0.390668,0.101719,0.874659,-0.473946,-0.391626,0.473154,0.789148,-22.5768,-18.2991,-10.3101,-12.5796,-20.2553,-44.7860,55.5631,10.6829,29.4292,6.2936,49.6963,32.0503,1.668477,-0.006516,0.007710,0.920466,-1.081514,-0.912362,-0.003593,9.672e-12
702,-0.022867,-0.016302,0.386605,0.948139,-0.067971,-0.310504,-0.086954,0.884141,-0.459058,0.305732,0.462250,0.832378,-26.9223,-26.1854,-26.8632,-53.4089,-26.4086,-51.6839,52.4037,13.9552,24.4049,49.7736,51.7038,47.4698,2.400964,-0.000440,-0.001026,0.879297,-3.146407,0.938555,0.010864,1.434e-11
703,-0.034987,0.009914,0.408455,0.953110,0.021258,-0.301876,0.006736,0.995792,0.091389,0.302549,-0.089137,0.948957,-15.5005,-28.0787,-21.6507,-39.5650,-20.8415,-23.3563,3.7987,22.9884,53.4295,30.9281,52.9221,17.9328,1.218190,0.007530,-0.000978,0.912881,0.309541,2.290261,-0.011304,4.541e-12
704,0.080799,0.043454,0.401592,0.863963,-0.110565,0.491267,-0.059917,0.946094,0.318301,-0.499977,-0.304436,0.810766,-22.0595,-39.9485,-14.9337,-7.4552,-11.7806,-22.8389,48.8286,31.1515,27.2646,2.4572,43.6066,13.1241,1.553042,-0.007542,-0.002496,0.927003,0.336592,-0.971974,0.060900,3.589e-12
705,0.051280,-0.047865,0.411463,0.926485,0.053550,0.372501,0.071557,0.946699,-0.314070,-0.369465,0.317636,0.873271,-17.6240,-19.1090,-12.3238,-10.3033,-16.8553,-36.3029,26.7168,11.7309,51.6017,1.3492,43.2913,28.0874,1.185946,-0.002360,0.003027,0.929933,-0.299649,-0.235368,0.023147,2.819e-10
706,-0.019520,-0.008057,0.391781,0.973308,-0.046701,-0.224702,-0.059694,0.893866,-0.444343,0.221604,0.445896,0.867219,-23.2785,-25.6479,-23.9897,-48.0943,-21.9374,-49.9281,35.3920,17.9435,3.4514,48.6635,26.8166,51.9503,2.269218,-0.000538,-0.004135,0.895888,-2.990298,0.288305,0.023069,2.252e-11
707,-0.006213,-0.006834,0.401510,0.998966,-0.001587,-0.045427,-0.009145,0.971937,-0.235065,0.044526,0.235237,0.970918,-24.9763,-33.4339,-24.4197,-41.6124,-25.3214,-45.7749,48.9244,25.1526,20.0689,35.2730,56.4086,39.9316,1.198972,-0.000140,0.001263,0.887827,-2.194802,-0.196039,-0.001055,9.025e-13
708,0.023311,0.014211,0.392205,0.999967,-0.001421,-0.008048,0.000072,0.986250,-0.165258,0.008172,0.165252,0.986218,-29.2035,-44.5164,-28.7583,-49.2227,-25.9328,-53.1162,6.4418,37.3279,26.6418,47.6340,59.1293,52.0890,1.402961,-0.004657,-0.006044,0.874114,-1.876384,1.475045,-0.016816,2.293e-11
709,0.049589,-0.080969,0.398969,0.914660,0.120232,0.385929,0.144369,0.794608,-0.589708,-0.377564,0.595099,0.709439,-15.0387,-10.1897,-10.0819,-8.3706,-15.8087,-44.4413,7.4082,4.8531,56.0513,1.5100,18.9513,41.6840,1.852213,-0.001974,0.004602,0.938715,-0.639384,-0.275246,0.032885,4.646e-12
710,-0.019798,0.003389,0.400273,0.999451,0.000081,-0.033122,-0.004323,0.991761,-0.128028,0.032839,0.128101,0.991217,-23.9402,-39.2499,-25.2865,-44.0434,-24.2695,-45.9090,48.9573,35.1912,5.5989,40.9590,23.3952,45.1088,0.926574,0.001963,-0.002010,0.889782,-1.223946,-1.229551,0.007954,1.725e-11
711,-0.051648,0.024940,0.412545,0.933537,0.044262,-0.355737,0.025982,0.981384,0.190288,0.357537,-0.186884,0.915009,-10.1156,-22.7332,-17.6466,-34.2618,-15.1973,-12.7003,6.5618,19.8887,33.0157,28.2176,31.8883,10.0914,1.193247,0.007065,-0.002433,0.935595,0.488902,1.398488,-0.018985,7.015e-12
712,-0.038863,-0.026270,0.384957,0.902259,-0.084370,-0.422861,-0.156712,0.849450,-0.503861,0.401710,0.520880,0.753202,-23.2646,-16.7332,-21.8009,-51.0244,-24.3136,-46.2630,59.1930,6.4575,0.8114,49.3773,50.5261,41.3401,2.790050,0.000225,0.003492,0.895160,-3.940651,0.753662,-0.001591,4.393e-12
713,-0.041412,-0.018106,0.388391,0.827314,-0.013914,-0.561568,0.025224,0.999605,0.012393,0.561174,-0.024418,0.827338,-26.2963,-34.6470,-25.8917,-60.5953,-25.9340,-33.1616,57.8882,25.8164,59.6259,59.7924,4.8186,23.8437,2.195327,-0.000633,0.000398,0.882622,1.940657,1.735705,-0.015815,7.565e-12
714,-0.002627,-0.031743,0.407649,0.999320,-0.008091,-0.035970,-0.007279,0.913118,-0.407630,0.036143,0.407614,0.912439,-16.4092,-18.7941,-15.8016,-31.3805,-17.2894,-40.6150,11.5664,16.1636,12.2038,31.2851,12.5098,42.4290,1.426377,0.000226,0.002164,0.925700,-1.731005,0.179978,0.000391,7.308e-12
715,-0.046911,-0.020887,0.382212,0.788720,-0.115174,-0.603867,-0.144117,0.920278,-0.363756,0.597621,0.373930,0.709243,-23.2051,-18.2487,-23.3150,-58.8417,-24.4496,-39.8743,47.2967,7.6246,22.2068,58.4203,41.0980,34.0766,2.742947,0.001259,0.001462,0.893085,-2.370218,2.312728,-0.003553,8.834e-12
716,-0.022626,0.014682,0.387380,0.995022,-0.007776,-0.099349,-0.004090,0.992924,-0.118683,0.099569,0.118498,0.987949,-29.7717,-50.7674,-32.6615,-58.3307,-29.4891,-56.9484,44.5930,46.3766,5.3364,56.5134,28.0301,58.4611,1.035932,0.003748,-0.007829,0.862315,-1.132093,-0.551233,0.021425,9.221e-12
717,-0.004766,-0.033960,0.389702,0.967306,-0.086314,-0.238472,-0.046356,0.864289,-0.500855,0.249340,0.495535,0.832031,-23.8620,-22.4582,-24.6381,-48.0119,-25.3602,-49.6427,13.1694,11.8138,53.7799,42.8797,55.3979,45.9880,2.380524,0.001677,0.001216,0.888662,-2.361430,2.640837,-0.000886,6.361e-12
718,0.005182,0.001883,0.416529,0.999398,0.002420,0.034606,-0.003901,0.999076,0.042790,-0.034471,-0.042899,0.998485,-15.5008,-29.8087,-17.5997,-27.1454,-15.5730,-27.5813,1.9800,27.2855,44.1200,23.7511,10.0012,27.0263,0.530281,0.001599,-0.002614,0.927025,1.060766,0.643205,-0.004682,1.650e-11
719,0.032711,0.074076,0.400469,0.970364,-0.079359,0.228244,-0.060312,0.835107,0.546771,-0.234000,-0.544333,0.805572,-18.0266,-43.4850,-18.3370,-17.1188,-9.6893,-13.1843,37.7492,37.2097,31.6295,13.9224,11.8735,9.2413,1.789965,-0.004544,-0.008639,0.930881,1.819998,-0.946826,0.019030,4.481e-12
720,-0.032883,-0.013562,0.405004,0.942970,-0.026219,-0.331843,-0.012082,0.993541,-0.112830,0.332658,0.110405,0.936562,-21.9531,-27.4982,-22.7907,-45.7206,-22.2726,-33.3693,56.1353,18.2525,45.8655,41.3797,17.5573,26.5062,0.981396,0.000887,-0.000668,0.899618,0.374036,0.500975,0.009544,2.443e-12
721,-0.065626,-0.032901,0.399204,0.808840,-0.102887,-0.578957,-0.088989,0.951817,-0.293471,0.581256,0.288892,0.760712,-9.6080,-6.3779,-13.8496,-43.0134,-16.4915,-22.7485,5.3599,4.6404,16.0302,43.0623,13.8725,22.3697,2.106551,0.007643,0.003212,0.939873,-0.952583,2.244381,0.011980,6.963e-12
722,0.052104,0.031822,0.401131,0.868487,-0.072805,0.490337,-0.091242,0.948778,0.302483,-0.487243,-0.307441,0.817358,-19.0472,-45.7019,-18.3039,-13.8244,-16.0963,-28.7052,8.6299,44.0580,33.6789,6.7008,39.3613,24.9587,1.692952,-0.002638,-0.002667,0.919861,0.964544,-0.958833,-0.017127,3.436e-12
723,-0.079912,-0.015463,0.382003,0.646519,-0.081895,-0.758490,-0.046411,0.988158,-0.146252,0.761485,0.129757,0.635062,-14.2696,-13.3837,-20.4927,-56.4228,-20.6173,-21.1858,21.9446,6.7477,40.7830,54.1150,25.8230,16.6590,2.752925,0.008988,0.000379,0.916461,-0.180561,3.326583,0.026445,6.604e-12
724,0.044983,0.010983,0.392854,0.786106,-0.027238,0.617491,0.008553,0.999412,0.033195,-0.618033,-0.020814,0.785877,-20.4384,-45.3442,-19.2569,-14.8575,-19.8711,-44.2587,16.5766,46.1840,7.3526,7.5512,41.2471,43.9892,2.325794,-0.001541,0.000694,0.910357,-0.952721,-2.601707,0.005894,1.851e-11
725,0.031829,0.040374,0.399699,0.926497,-0.091337,0.365048,-0.085510,0.893615,0.440614,-0.366457,-0.439443,0.820122,-17.9645,-50.1489,-17.7521,-20.4392,-17.2794,-25.8383,0.8734,54.2676,2.9850,16.7865,38.0656,23.4844,1.740866,-0.000753,-0.000707,0.920543,0.881097,-0.939003,0.002104,3.007e-12
726,0.045238,0.045095,0.391044,0.900098,-0.090605,0.426163,-0.145476,0.859500,0.489996,-0.410683,-0.503041,0.760453,-22.2111,-56.2654,-23.4893,-21.9486,-20.8634,-27.8910,7.6373,53.9625,52.2755,11.3936,58.4658,20.7165,2.109319,-0.000254,-0.003442,0.900101,1.918545,-0.183645,-0.038684,7.888e-12
727,-0.013063,-0.015484,0.415456,0.997178,-0.014124,-0.073732,0.004654,0.991884,-0.127059,0.074929,0.126358,0.989151,-14.9203,-23.4609,-18.1477,-30.1338,-20.0777,-30.0537,2.6227,19.4716,43.9963,21.4296,52.5659,25.4961,0.715906,0.005160,0.002113,0.920317,-0.555164,1.330432,0.017239,1.965e-11
728,0.021327,0.023418,0.385463,0.848337,0.016117,0.529212,0.030500,0.996389,-0.079236,-0.528578,0.083360,0.844782,-24.0744,-50.9761,-27.4539,-28.4625,-25.3377,-55.8267,22.4317,49.6095,3.5422,18.9067,56.2235,58.6060,2.531763,0.005287,-0.004621,0.884374,-2.228657,-2.329905,-0.060053,3.419e-11
729,-0.064866,-0.023253,0.379016,0.676778,-0.110688,-0.727819,-0.153859,0.945534,-0.286867,0.719930,0.306127,0.622886,-15.9486,-10.3580,-18.4417,-56.6733,-21.8883,-28.6006,16.9004,4.8158,13.8746,56.9340,46.4390,23.9146,3.104265,0.006842,0.004388,0.914691,-2.198204,3.637536,-0.018325,6.188e-12
730,0.054375,0.028610,0.382007,0.751631,-0.130741,0.646496,-0.161875,0.913617,0.372961,-0.639412,-0.384981,0.665539,-21.5797,-55.1318,-20.0576,-11.3713,-16.8154,-32.5400,33.9881,54.5596,38.4817,4.2177,8.4778,29.5799,2.974089,-0.005216,-0.004307,0.911495,2.543492,-3.230222,-0.010950,5.203e-12
731,0.038766,-0.020805,0.402431,0.898849,0.049029,0.435507,0.020715,0.987859,-0.153967,-0.437768,0.147415,0.886920,-20.5219,-37.1067,-20.1435,-20.6348,-19.5887,-45.0665,10.3981,33.9010,54.6734,13.8307,12.2687,44.8987,1.451188,-0.001121,-0.000732,0.909675,0.662995,-1.073201,-0.012842,6.644e-12
732,0.030429,-0.012914,0.404348,0.949742,0.008354,0.312921,-0.010998,0.999917,0.006686,-0.312840,-0.009792,0.949756,-20.9025,-41.7801,-21.0142,-27.2373,-20.9111,-41.2578,1.1423,40.8739,53.5803,22.0756,12.5697,40.3325,1.170637,0.000058,-0.000071,0.905799,1.407077,-0.206847,0.001415,1.430e-11
733,0.015958,-0.000140,0.400521,0.987890,0.000332,0.155156,0.000370,0.999990,-0.004500,-0.155156,0.004503,0.987880,-24.1388,-46.0538,-24.1386,-39.1610,-24.1135,-46.2888,6.9908,45.7372,25.4152,36.8642,25.4005,46.0733,0.357511,-0.000031,-0.000053,0.891593,-0.020548,0.012066,-0.000171,2.874e-10
734,0.009539,0.038596,0.427987,0.997185,-0.002291,0.074950,-0.011900,0.982032,0.188339,-0.074035,-0.188701,0.979240,-10.4059,-20.4427,-12.6566,-12.1386,-7.4954,-10.5735,21.7737,13.4907,32.8251,6.5220,23.6693,7.4078,0.477249,-0.000187,-0.002442,0.954260,0.022191,-0.002868,-0.012734,3.129e-11
735,0.020675,-0.006343,0.403019,0.990161,0.008123,0.139697,0.031094,0.960585,-0.276243,-0.136435,0.277869,0.950881,-21.0368,-31.7326,-21.1374,-32.8868,-21.2944,-46.3877,0.5868,27.8643,18.7515,29.0224,50.9863,46.5939,1.477602,0.000166,0.000151,0.904619,-2.336783,0.673519,-0.004133,1.909e-11
736,0.025246,0.070048,0.389308,0.958367,-0.124358,0.257037,-0.095135,0.709682,0.698069,-0.269225,-0.693460,0.668305,-16.0686,-51.0856,-16.1746,-17.1473,-10.6037,-10.4352,20.9745,53.3415,8.3779,16.5812,3.5269,8.0524,2.666468,-0.003901,-0.007413,0.935241,2.928442,-1.500444,0.020122,8.627e-12
737,-0.022574,0.043526,0.380858,0.963965,0.078828,-0.254081,0.110715,0.749570,0.652600,0.241895,-0.657215,0.713832,-24.1849,-54.1171,-25.5209,-47.1815,-23.0291,-16.2810,51.4557,50.2363,49.5736,42.7743,23.1240,4.6068,2.872836,0.000401,-0.003492,0.890171,3.889394,0.634391,0.003668,1.670e-12
738,-0.018159,0.002478,0.401238,0.933326,0.010606,-0.358874,0.010701,0.998298,0.057332,0.358871,-0.057349,0.931624,-20.8592,-34.7513,-19.6453,-49.7528,-19.8753,-31.6995,13.5517,35.0353,2.7618,55.6843,3.8147,30.7961,1.352766,-0.002672,0.000486,0.909492,0.237857,1.305616,-0.000504,1.459e-11
739,-0.014647,-0.017315,0.391551,0.996335,-0.001521,0.085528,-0.000681,0.999669,0.025713,-0.085539,-0.025677,0.996004,-26.6887,-53.5475,-27.8289,-49.0258,-30.0470,-52.2048,34.6174,55.8733,27.5414,45.6922,0.8422,51.2727,0.975952,0.006236,0.005338,0.873303,0.940005,-1.093956,0.005591,1.166e-11
740,-0.059384,0.012202,0.388933,0.750629,0.053722,-0.658536,0.064292,0.986021,0.153720,0.657588,-0.157725,0.736682,-20.7110,-29.4851,-22.4172,-57.4764,-21.7765,-20.4801,52.4918,22.8765,23.0411,57.6394,22.5985,12.0778,2.234985,0.002262,-0.000856,0.902560,0.716961,1.921968,0.005974,2.575e-12
741,0.020270,-0.046849,0.393055,0.948725,0.108237,0.296993,0.080429,0.825972,-0.557943,-0.305698,0.553222,0.774916,-20.3706,-22.9446,-18.1911,-23.5914,-19.7417,-54.0373,33.0235,17.4064,26.6742,19.0536,11.4260,55.5525,2.297601,-0.002213,0.002326,0.912261,-2.019345,-1.834384,-0.011238,6.076e-12
742,0.022465,0.001701,0.386810,0.995683,-0.001231,-0.092806,-0.001296,0.999630,-0.027160,0.092805,0.027163,0.995314,-35.0995,-53.9305,-32.4456,-58.8186,-31.9781,-55.3400,22.0056,45.4929,54.8989,55.8413,58.5347,47.9180,1.070057,-0.007339,-0.001025,0.850848,-0.240187,1.731210,-0.002085,1.744e-11
743,-0.010020,0.050641,0.373710,0.939128,0.155748,-0.306238,0.125091,0.675162,0.726986,0.319987,-0.721040,0.614581,-23.6676,-56.2977,-23.1947,-51.5312,-23.8756,-13.2742,18.7517,57.4828,21.3231,51.0639,50.7957,1.0879,3.245353,-0.000700,0.001135,0.893322,2.814465,2.317449,0.017002,2.078e-11
744,-0.006806,0.060890,0.405182,0.997922,0.010135,-0.063631,0.027571,0.825408,0.563863,0.058236,-0.564446,0.823413,-14.1953,-39.7527,-16.0360,-26.9751,-11.8751,-8.5699,20.2764,40.2185,2.9243,26.7125,16.2510,5.3192,1.721730,-0.000285,-0.005087,0.936802,1.645384,-0.086270,0.016280,3.635e-12
745,-0.005259,-0.020597,0.402973,0.997421,-0.013084,-0.070577,-0.017822,0.907315,-0.420075,0.069532,0.420249,0.904741,-18.1621,-20.8487,-17.7162,-35.3474,-18.7035,-43.4076,15.5624,17.3699,0.0349,35.3987,27.3060,45.2341,1.820381,0.000107,0.001440,0.917825,-2.767510,0.246842,-0.000238,1.182e-12
746,0.001247,-0.036710,0.401975,0.999437,-0.014731,-0.030149,-0.002289,0.866475,-0.499214,0.033477,0.499002,0.865954,-17.5073,-18.2470,-17.3134,-33.4146,-18.2561,-45.3925,5.8319,14.4212,20.8330,33.0440,13.6863,48.2636,1.791309,0.000420,0.001407,0.920267,-2.015366,0.561651,0.003352,7.429e-10
747,-0.093359,0.040365,0.405289,0.798974,-0.005980,-0.601336,0.105220,0.985915,0.129998,0.592089,-0.167138,0.788350,-7.2469,-11.9424,-18.3114,-36.4579,-10.2291,-3.1447,44.5148,2.4709,39.5654,30.2833,3.6648,1.5468,1.620364,0.004870,-0.004561,0.946504,0.250650,0.308943,0.149868,5.835e-10
748,-0.026483,-0.061734,0.402177,0.971913,-0.048062,-0.230380,-0.076976,0.860158,-0.504186,0.222396,0.507759,0.832299,-15.0830,-8.9281,-12.9070,-33.5581,-20.4814,-36.8651,29.3722,5.3586,9.8970,30.1996,38.7657,31.6605,1.780782,0.002172,0.008323,0.927169,-2.187375,0.589168,-0.027108,4.295e-12
749,0.017567,0.014001,0.409781,0.985669,-0.002739,0.168667,-0.025571,0.985888,0.165443,-0.166740,-0.167385,0.971689,-20.3897,-39.5446,-21.8049,-27.5896,-19.0182,-30.7766,23.0071,33.7615,58.2452,20.0878,25.9328,26.0337,0.928791,-0.000029,-0.003481,0.908212,1.462790,-0.028767,-0.016834,1.075e-11
750,-0.037001,-0.050427,0.381719,0.851243,-0.184552,-0.491249,-0.165502,0.793931,-0.585049,0.497990,0.579322,0.645285,-20.3961,-10.4826,-20.7575,-53.1136,-21.1544,-44.7092,32.2703,0.8082,39.5032,54.8494,0.3416,44.4691,2.732936,0.000843,0.000641,0.906313,-1.623168,2.000012,0.003162,4.602e-12
751,0.005763,0.005989,0.396916,0.989483,-0.017748,0.143553,-0.019806,0.966470,0.256014,-0.143283,-0.256165,0.955955,-26.8461,-52.6885,-26.8350,-39.3950,-27.0487,-39.1749,48.1784,48.3862,54.7577,30.9509,29.3620,30.6522,1.394224,0.000229,0.000491,0.878824,2.034306,-0.899314,0.000738,1.940e-11
752,-0.024944,0.056449,0.390939,0.950685,0.115139,-0.287993,0.091064,0.783997,0.614049,0.296487,-0.609994,0.734849,-16.7952,-43.6913,-20.9001,-40.9180,-17.1836,-8.8552,14.7265,42.7523,29.4845,38.6699,28.5831,2.5708,2.450832,0.003374,-0.005078,0.917281,2.579846,1.672874,-0.014307,7.879e-12
753,-0.007638,0.002736,0.403294,0.998016,-0.003558,0.062853,-0.002824,0.994865,0.101167,-0.062891,-0.101144,0.992882,-20.5344,-44.5148,-21.2174,-39.0434,-21.8408,-39.2516,16.0051,48.4216,1.5247,39.6645,1.6904,40.8160,0.678341,0.002527,0.001364,0.904724,0.464591,-0.865828,-0.003546,1.734e-11
754,-0.072498,0.008243,0.406472,0.811811,0.022638,-0.583481,0.020875,0.997484,0.067744,0.583547,-0.067175,0.809296,-12.3496,-15.4888,-15.8862,-41.6868,-15.5187,-11.7511,52.6430,9.8022,11.2569,39.5429,17.1750,5.4496,1.509426,0.003532,-0.000337,0.934467,0.060114,0.630882,-0.001971,5.312e-12
755,-0.057321,0.033740,0.425247,0.956772,-0.000005,-0.290840,0.032723,0.993652,0.107634,0.288993,-0.112499,0.950698,-3.4496,-10.7196,-13.1159,-21.0568,-6.6735,-4.8623,7.5857,6.4072,32.3195,15.5978,3.2287,7.1632,0.770533,0.003890,-0.003298,0.965275,0.076101,0.102909,0.043422,1.406e-10
756,0.041944,0.011186,0.399187,0.899201,-0.036938,0.435975,-0.068656,0.972174,0.223971,-0.432116,-0.231327,0.871644,-21.3592,-49.1410,-21.6520,-22.5825,-20.8184,-36.5807,2.3574,48.5202,50.3700,14.9168,32.0287,33.3744,1.660741,-0.000312,-0.001163,0.904247,1.611079,-0.523557,-0.009527,1.327e-11
757,0.036040,-0.014047,0.393870,0.827854,0.078096,0.555480,0.088502,0.959674,-0.266821,-0.553918,0.270050,0.787558,-18.5112,-34.5707,-17.5454,-15.3122,-18.1326,-49.7259,14.7555,34.8120,5.9289,10.4337,19.1697,53.6229,2.452254,-0.001163,0.000787,0.918278,-1.688619,-2.696711,0.000021,4.037e-12
758,-0.006411,-0.009753,0.386353,0.984885,-0.019569,0.172102,-0.019140,0.975218,0.220419,-0.172151,-0.220381,0.960102,-30.6550,-61.5939,-31.0747,-47.9408,-33.9687,-49.9855,58.4587,59.8594,55.2888,37.9413,26.2315,41.1249,1.731472,0.004474,0.006013,0.856400,2.026866,-1.506002,0.001157,2.786e-11
759,-0.007458,0.020338,0.398279,0.995958,0.016005,-0.088386,0.018280,0.927287,0.373905,0.087943,-0.374009,0.923246,-23.4006,-49.5558,-22.9433,-43.6326,-23.7149,-29.6071,29.9205,49.8727,19.3679,41.8156,26.5086,23.1077,1.428520,-0.000147,0.001516,0.894957,1.534177,0.141652,-0.001995,8.521e-12
760,0.008306,0.016364,0.399649,0.993103,0.002968,-0.117210,0.000647,0.999526,0.030787,0.117246,-0.030651,0.992630,-25.3616,-42.8025,-24.5578,-47.2944,-23.6268,-41.2241,9.1122,39.5179,14.7834,47.5629,45.2402,38.6815,0.914157,-0.003010,-0.001943,0.889726,-0.914935,1.391456,0.007442,1.152e-11
761,-0.029874,-0.060744,0.383962,0.953669,-0.058253,-0.295165,-0.150796,0.756392,-0.636500,0.260338,0.651520,0.712563,-21.5633,-10.7569,-17.4707,-42.5405,-25.0524,-48.1833,59.8614,2.1097,3.6332,38.6437,56.1330,40.6457,2.728746,0.000225,0.009517,0.903138,-3.960107,0.267174,-0.047660,7.978e-12
762,0.032511,-0.016868,0.405113,0.934042,0.023976,0.356359,-0.003922,0.998373,-0.056890,-0.357143,0.051740,0.932616,-20.0417,-38.8834,-20.2283,-23.8556,-19.5908,-41.6289,4.1814,37.1140,56.2268,18.2836,6.8016,41.4841,1.288522,-0.000296,-0.000891,0.910233,1.348676,-0.576787,-0.006348,4.610e-12
763,-0.018886,0.040785,0.382775,0.949506,0.103997,-0.296010,0.099634,0.794685,0.598790,0.297507,-0.598047,0.744197,-25.6028,-54.1088,-25.7833,-51.7637,-25.6235,-20.0837,42.1560,51.1071,34.8297,48.0527,46.5784,7.3867,2.554448,0.000077,-0.000115,0.884197,2.536409,1.395143,0.000402,9.732e-12
764,0.013454,-0.005197,0.414427,0.993440,0.006867,0.114147,-0.001238,0.998783,-0.049307,-0.114347,0.048842,0.992240,-20.7365,-29.7873,-17.1031,-25.9019,-17.2207,-32.3320,59.3607,23.0298,20.9580,22.5524,16.4374,26.1657,0.625522,-0.004744,0.000157,0.917434,-0.053538,-1.469737,-0.006863,3.674e-12
765,-0.074850,-0.044043,0.400952,0.856319,-0.121842,-0.501869,-0.067289,0.937165,-0.342336,0.512045,0.326919,0.794314,-9.1215,-5.6849,-15.8062,-39.5774,-18.9851,-24.1378,13.3457,1.5719,41.0738,32.6081,27.0171,21.3001,1.755368,0.008729,0.003102,0.934173,-0.578155,1.563600,0.060204,2.560e-12
766,-0.006540,0.005254,0.400967,0.999982,0.000478,0.005920,-0.000182,0.998757,-0.049852,-0.005936,0.049850,0.998739,-25.4473,-42.5371,-26.0067,-43.5638,-25.4948,-45.1275,42.0559,37.6269,19.7716,38.8919,37.0321,41.6351,0.475522,0.000683,-0.000993,0.884712,-0.831320,-0.574402,0.000663,1.634e-11
767,-0.007903,0.000079,0.390508,0.997803,-0.012427,0.065074,-0.009439,0.945566,0.325293,-0.065575,-0.325193,0.943371,-27.9403,-57.9221,-27.6053,-46.2744,-30.0812,-40.7141,50.5111,57.4287,43.8283,39.6169,21.4719,32.0017,1.769747,0.002144,0.004970,0.871449,2.329329,-1.027068,-0.009498,2.258e-11
768,0.060825,0.015687,0.392858,0.798683,-0.048001,0.599834,-0.059305,0.985682,0.157844,-0.598822,-0.161640,0.784401,-24.1126,-48.2338,-21.3416,-14.6413,-19.8034,-39.1892,37.0954,42.5434,46.7265,4.7274,41.1086,32.8497,2.026088,-0.005046,-0.001850,0.902001,0.755462,-2.082759,-0.009192,7.239e-12
769,0.047782,-0.058860,0.391526,0.907713,0.098944,0.407759,0.123863,0.865305,-0.485701,-0.400893,0.491383,0.773193,-24.5438,-25.9091,-18.6532,-20.1220,-24.5106,-53.5180,45.4891,16.2174,52.5501,8.7866,59.2279,44.3083,1.942694,-0.003666,0.006109,0.898419,-1.686034,-1.024367,0.024843,4.916e-12
770,-0.009558,-0.022018,0.410906,0.998845,0.009657,-0.047058,-0.021311,0.966999,-0.253887,0.043054,0.254596,0.966089,-19.4697,-23.7211,-16.9589,-32.3565,-18.6268,-37.0728,53.6224,18.5280,7.2257,30.7733,13.5541,33.6227,1.071285,-0.002507,0.002290,0.917392,-1.161919,-1.220322,-0.019514,1.462e-11
771,-0.045666,0.028715,0.422403,0.976058,0.022545,-0.216341,0.012493,0.987161,0.159238,0.217153,-0.158128,0.963244,-8.5461,-18.3675,-16.1105,-24.0795,-12.6519,-10.0277,21.3485,12.4149,39.2743,14.4901,35.9882,6.1084,0.629413,0.003733,-0.001930,0.944176,0.097235,0.183951,-0.012735,4.880e-11
772,-0.049271,0.078832,0.411830,0.968728,0.045578,-0.243905,0.051266,0.925010,0.376469,0.242773,-0.377200,0.893746,-9.5051,-24.2398,-20.7907,-25.4319,-9.7152,-3.9285,31.8163,13.4147,53.5128,14.6835,30.2094,1.4823,1.047093,0.003240,-0.005386,0.940219,0.118150,0.073233,0.007594,2.228e-11
773,0.020336,0.008755,0.404940,0.993349,-0.005143,0.115032,-0.014943,0.984795,0.173076,-0.114173,-0.173644,0.978168,-22.0037,-44.5386,-21.9150,-34.8388,-22.0167,-35.4629,1.6797,43.6200,37.6716,31.0713,35.0305,31.7630,0.860739,-0.000153,0.000210,0.901178,0.883941,0.824676,0.001992,1.749e-11
774,-0.036437,-0.009835,0.426716,0.964215,-0.007464,-0.265017,-0.010114,0.997840,-0.064903,0.264929,0.065261,0.962057,-7.4494,-9.3102,-9.2025,-23.1013,-10.1381,-12.7405,21.2102,7.4676,8.4545,21.8116,7.0678,10.6908,0.638817,0.001818,0.000662,0.959886,-0.062927,0.172952,-0.003440,1.315e-10
775,0.023031,0.032390,0.416382,0.976220,-0.017414,0.216080,-0.036295,0.969569,0.242113,-0.213720,-0.244198,0.945881,-16.7564,-34.1219,-18.1096,-17.8521,-15.6727,-21.2193,22.7730,27.4844,43.7436,7.8657,54.9292,13.9638,0.816220,0.000115,-0.001945,0.924318,0.285034,0.016063,-0.022359,5.233e-10
776,0.029162,-0.042119,0.406696,0.958979,0.026881,0.282201,0.083349,0.924754,-0.371326,-0.270948,0.379615,0.884579,-17.9781,-23.4842,-17.8323,-20.9519,-20.7906,-43.9320,2.2123,17.8212,58.3939,10.9176,47.8176,40.4114,1.400778,0.001604,0.003323,0.915180,-0.965332,0.446280,0.054960,1.055e-11
777,-0.068133,-0.023424,0.413960,0.905133,-0.006276,-0.425083,-0.040060,0.994183,-0.099979,0.423237,0.107523,0.899616,-9.2950,-10.5185,-13.5839,-33.0967,-17.8849,-16.1907,31.0360,7.2025,22.0960,25.2738,41.8626,8.9740,1.098427,0.005166,0.002920,0.939001,-0.289215,0.526231,-0.042011,4.883e-10
778,-0.040805,0.035681,0.420268,0.965281,0.028985,-0.259602,0.030790,0.974271,0.223267,0.259395,-0.223508,0.939552,-8.2619,-20.1278,-14.6375,-26.1185,-10.2568,-8.2772,13.1092,17.0000,23.2893,22.1625,15.2529,7.3492,0.872059,0.003890,-0.003522,0.950360,0.460047,0.508690,0.002352,2.122e-11
779,0.047409,-0.106381,0.362740,0.909785,0.231177,0.344744,0.177632,0.533812,-0.826736,-0.375151,0.813389,0.444590,-21.1234,-8.0274,-9.1156,-13.6893,-20.7928,-60.5742,46.9443,2.5212,11.7934,10.2551,31.6632,55.2690,3.261491,-0.007465,0.013023,0.922884,-3.368291,-1.861979,-0.044837,4.796e-12
780,-0.026786,-0.092903,0.387879,0.979126,-0.084262,-0.184964,-0.065277,0.731447,-0.678767,0.192485,0.676672,0.710679,-14.7440,-4.0098,-12.3907,-33.0551,-24.1852,-43.0348,22.8948,0.7205,20.4816,26.0388,57.4074,35.8882,2.258636,0.004030,0.011920,0.922845,-2.637943,0.877485,0.017447,3.288e-12
781,-0.130201,0.023443,0.394819,0.723248,0.020063,-0.690297,0.057904,0.994296,0.089566,0.688157,-0.104750,0.717961,-1.3148,-6.7346,-17.1801,-38.1619,-13.0914,-0.9941,19.8884,2.6298,34.8870,28.0115,21.3743,0.4962,1.746895,0.008456,-0.002068,0.952917,0.059316,0.302568,0.052324,1.938e-10
782,0.023680,0.039199,0.402723,0.971836,-0.051036,0.230066,-0.040310,0.925880,0.375662,-0.232186,-0.374355,0.897746,-23.2768,-48.0079,-22.6863,-27.1246,-21.1084,-27.8573,43.0943,42.1170,34.5731,17.9425,58.2007,18.1264,1.264974,-0.001888,-0.001894,0.899500,0.732562,-0.728047,0.008939,1.065e-11
783,0.036240,-0.033899,0.402940,0.934790,0.053575,0.351137,0.082255,0.929037,-0.360728,-0.345545,0.366088,0.864048,-19.2386,-27.0313,-17.7308,-20.6818,-19.8811,-46.9388,6.8651,22.7935,39.7319,13.7629,36.7237,45.7285,1.544090,-0.000725,0.002798,0.914755,-1.341317,-0.359496,0.021912,1.282e-11
784,-0.012007,0.027819,0.398055,0.978880,0.039130,-0.200655,0.033779,0.937061,0.347529,0.201625,-0.346967,0.915948,-24.3196,-47.0789,-24.1521,-47.1498,-24.2819,-28.5352,34.5026,44.2806,20.3532,44.4208,44.3849,20.1597,1.314581,-0.000270,0.000261,0.890971,0.810870,0.857968,0.001106,2.606e-12
785,0.070099,0.070257,0.369282,0.742430,-0.304153,0.596899,-0.201942,0.747944,0.632297,-0.638762,-0.589975,0.493875,-21.1335,-56.6411,-14.8399,-3.3260,-9.2857,-19.1095,51.0454,56.1365,1.8286,2.6152,1.8974,14.8629,3.377560,-0.012353,-0.007575,0.931153,2.500959,-3.749513,0.060558,7.866e-12
786,-0.042548,0.029456,0.398929,0.862244,0.094931,-0.497517,0.085872,0.940658,0.328311,0.499161,-0.325807,0.802925,-15.8070,-31.4787,-17.9118,-46.4715,-16.9561,-13.3396,20.3788,30.9075,5.0169,48.7846,19.2030,8.7178,2.003347,0.002669,-0.001399,0.923860,0.987280,1.864257,-0.004606,4.836e-12
787,-0.039547,-0.052353,0.385025,0.893705,-0.138779,-0.426651,-0.152155,0.800849,-0.579215,0.422066,0.582564,0.694607,-18.9684,-9.5060,-19.0427,-47.5958,-23.2274,-43.2891,33.3522,1.1119,25.8538,44.7895,39.1553,39.3253,2.646845,0.003406,0.005514,0.907657,-2.831213,1.776273,-0.008562,9.182e-12
788,0.040179,-0.048091,0.385293,0.872830,0.158124,0.461697,0.115674,0.852063,-0.510499,-0.474117,0.498985,0.725415,-25.0681,-29.4778,-20.3971,-20.2850,-22.7774,-58.0854,56.7388,20.4203,40.8221,11.5086,29.1769,54.2842,2.527021,-0.005117,0.003318,0.897208,-1.807053,-2.662567,-0.024146,5.800e-12
789,0.036377,-0.108144,0.408457,0.978153,0.041033,0.203795,0.070197,0.857549,-0.509591,-0.195674,0.512764,0.835934,-11.2724,-2.2949,-0.2839,-6.9102,-15.3472,-30.4453,20.1161,3.3806,6.7396,4.0788,35.4542,20.2879,1.313457,-0.001979,0.007211,0.959902,-0.074468,-0.032080,0.039569,1.250e-10
790,-0.011778,-0.031644,0.400561,0.998621,0.001144,-0.052495,-0.020927,0.925604,-0.377914,0.048157,0.378492,0.924351,-24.2694,-27.9069,-23.4517,-40.1982,-24.0773,-48.0619,59.9476,18.4089,38.5920,34.5347,21.2235,43.6366,1.296553,-0.000771,0.000916,0.892364,-1.101152,-0.872694,-0.008019,1.175e-11
791,0.027500,-0.009687,0.394367,0.994083,0.008695,0.108278,0.020332,0.964280,-0.264103,-0.106707,0.264741,0.958397,-28.5931,-41.2857,-28.3864,-43.4262,-27.3883,-55.1972,11.6492,32.4391,55.5561,36.7609,58.8989,51.7006,1.319293,-0.001640,-0.001853,0.873462,-1.377571,1.316952,-0.017141,1.189e-11
792,-0.031631,0.021426,0.393749,0.848045,0.070357,-0.525233,0.054207,0.974431,0.218052,0.527145,-0.213389,0.822547,-21.2763,-34.9890,-20.8926,-54.3650,-21.0115,-23.2664,24.9801,32.5163,4.6034,57.8789,31.0737,17.2252,2.109177,-0.000816,0.000105,0.905098,0.150934,2.271465,0.005362,7.671e-12
793,0.014986,0.098614,0.402584,0.989791,-0.019001,0.141256,-0.074517,0.775843,0.626510,-0.121497,-0.630640,0.766506,-10.1976,-37.5244,-16.2389,-13.5758,-4.6005,-1.9793,1.9454,34.1875,25.9194,10.4847,12.4219,3.3094,1.764783,0.000030,-0.009716,0.953541,1.334301,-0.015380,-0.068457,4.878e-12
794,-0.049894,-0.034529,0.400003,0.886224,-0.073567,-0.457378,-0.084307,0.945211,-0.315387,0.455520,0.318064,0.831466,-19.3319,-15.7833,-20.0946,-46.2795,-22.0961,-33.2891,59.2179,5.9332,37.7694,41.7489,23.8630,25.9570,1.559821,0.002352,0.002286,0.907807,-0.752825,0.775628,-0.010789,3.715e-12
795,-0.024111,0.009399,0.389698,0.999647,0.001787,-0.026526,0.000217,0.997155,0.075381,0.026585,-0.075360,0.996802,-27.7471,-55.8125,-30.1253,-55.0510,-29.8947,-51.8975,38.4137,57.2545,2.2427,53.4957,15.1998,52.4939,0.602708,0.006659,-0.000595,0.868557,-0.079984,-0.866370,-0.008316,1.798e-11
796,-0.003738,0.021280,0.405153,0.999833,0.001183,-0.018229,0.001725,0.987326,0.158693,0.018186,-0.158698,0.987160,-21.8434,-42.9185,-21.9877,-39.5999,-21.8143,-34.6370,24.5865,42.2837,1.6794,38.0336,35.3058,31.8080,0.499858,0.000131,-0.000344,0.901683,-0.420612,-0.157890,-0.000347,1.572e-11
797,0.008082,0.002615,0.408039,0.995718,-0.001452,0.092428,-0.003192,0.998741,0.050070,-0.092384,-0.050151,0.994460,-22.7469,-39.3638,-22.7421,-33.8939,-22.3520,-36.7530,34.9279,33.7399,42.0895,27.1828,34.7883,30.8708,0.375173,-0.000320,-0.000537,0.898392,0.425859,-0.254242,-0.000920,2.355e-11
798,0.119537,-0.023484,0.402075,0.842908,0.066306,0.533957,0.017390,0.988502,-0.150203,-0.537777,0.135893,0.832063,-21.5386,-20.3815,-4.0563,1.3321,-6.1674,-28.1631,59.0512,11.4998,8.8081,3.3058,4.5489,18.8260,1.374558,-0.010758,0.001364,0.952724,-0.095544,-0.551049,-0.060319,3.341e-10
799,0.027701,0.015455,0.390629,0.912804,-0.074866,0.401478,-0.095771,0.916402,0.388633,-0.397011,-0.393196,0.829325,-23.5329,-56.8313,-23.7138,-27.0892,-23.4136,-35.1016,26.8174,57.0670,49.6026,18.8127,22.3129,29.3932,2.329054,0.000000,-0.000232,0.893614,2.755037,-1.553703,0.004853,7.930e-12
800,0.044021,0.062167,0.390879,0.905949,-0.121076,0.405705,-0.156609,0.794442,0.586801,-0.393356,-0.595149,0.700763,-19.2290,-54.5282,-20.1648,-17.5743,-17.0571,-20.1499,4.4004,54.4018,27.6476,9.4987,58.3857,14.0320,2.160532,-0.000985,-0.003841,0.915327,1.513951,-0.393667,-0.033689,4.802e-12
801,0.055016,0.056179,0.415243,0.965580,-0.072348,0.249842,-0.020459,0.936438,0.350237,-0.259300,-0.343293,0.902725,-17.0734,-30.8433,-12.2147,-9.6137,-6.5127,-12.2670,45.7155,22.4179,16.2011,8.6345,20.7839,5.7853,1.090899,-0.005498,-0.003643,0.946470,0.282433,-0.400878,0.065358,3.430e-10
802,-0.028606,0.037558,0.396830,0.935281,0.087123,-0.343015,0.066607,0.908572,0.412383,0.347582,-0.408542,0.843967,-20.3863,-40.8077,-23.4060,-46.1064,-21.6064,-18.4026,29.1234,36.0793,36.9347,41.3471,45.9034,9.4663,1.869515,0.003205,-0.002462,0.901757,1.423358,1.815235,-0.012086,6.397e-12
803,-0.068851,-0.020994,0.409134,0.851826,-0.069015,-0.519258,-0.034048,0.981891,-0.186360,0.522717,0.176426,0.834051,-8.5837,-7.6862,-13.8788,-37.4830,-14.2220,-17.5049,19.6181,4.3770,24.3706,35.5809,3.1058,16.6159,1.522142,0.006128,0.000412,0.945022,-0.085203,1.162764,0.040015,1.727e-11
804,0.007587,-0.005699,0.403122,0.998269,0.006224,0.058490,0.008927,0.966835,-0.255245,-0.058139,0.255325,0.965106,-20.7179,-33.0332,-21.2603,-37.1132,-20.0416,-46.4567,4.3762,31.2516,9.9212,37.3962,18.4514,50.1678,1.161589,-0.000180,-0.002504,0.907007,-1.505832,0.117515,-0.004651,9.565e-12
805,0.021369,0.004134,0.394021,0.938667,-0.012229,0.344609,-0.012245,0.997559,0.068754,-0.344608,-0.068757,0.936225,-28.5051,-53.3810,-28.8177,-35.7097,-28.9028,-49.7296,43.8015,47.5516,50.7479,24.2102,52.1622,42.7248,1.261877,0.000781,0.000163,0.870773,0.274354,-1.315392,0.000054,1.328e-11
806,0.003133,-0.014706,0.385397,0.993450,-0.027769,-0.110840,-0.023702,0.898842,-0.437632,0.111780,0.437393,0.892296,-31.2830,-36.8245,-31.5104,-53.8673,-29.3737,-60.3837,39.6474,23.5220,51.3337,47.9993,54.8837,56.7092,2.017212,-0.001949,-0.004149,0.861658,-2.249516,1.080453,-0.010156,2.196e-11
807,-0.026203,-0.007034,0.392530,0.877649,0.003679,-0.479289,0.023576,0.998429,0.050834,0.478723,-0.055914,0.876184,-25.3408,-35.8197,-25.3340,-56.7043,-25.2059,-32.7071,35.0606,28.0439,56.6905,55.1918,25.0473,24.1893,2.026426,-0.000223,0.000005,0.885920,1.300722,2.480186,-0.005301,9.803e-12
808,-0.010887,-0.016418,0.396427,0.926041,-0.006881,-0.377361,0.004899,0.999969,-0.006213,0.377392,0.003905,0.926045,-24.2532,-35.6340,-22.5344,-53.0659,-23.2767,-35.7444,16.9542,31.8036,44.5152,55.5821,7.8516,30.9874,1.782899,-0.003037,0.001603,0.894744,1.243726,2.184484,-0.018838,1.621e-11
809,-0.010980,0.035051,0.408138,0.986031,0.041052,-0.161426,0.014723,0.943878,0.329966,0.165912,-0.327733,0.930088,-17.6877,-37.9433,-18.6233,-36.8544,-18.7417,-20.5181,13.7803,37.6915,1.8508,34.9234,48.9708,15.0288,1.166710,0.001610,0.000110,0.917490,-0.049464,1.076398,-0.015054,7.940e-12
810,-0.038188,-0.005019,0.389762,0.992761,-0.016089,-0.119023,-0.012314,0.972131,-0.234114,0.119473,0.233885,0.964896,-26.4505,-43.0685,-29.9117,-54.5823,-27.8547,-55.3370,55.5336,39.3768,7.9159,52.4375,4.3892,57.8840,1.312702,0.006663,-0.004787,0.873802,-0.904484,-1.303654,0.041049,1.313e-11
811,-0.003513,-0.008373,0.392302,0.988112,0.022961,-0.152013,0.023715,0.954185,0.298276,0.151898,-0.298335,0.942297,-26.2049,-51.6694,-23.5959,-50.6961,-26.9564,-35.8483,22.2160,53.5941,37.3407,51.3661,8.2189,28.8167,1.848960,-0.002279,0.007272,0.884768,2.405107,0.739643,-0.010229,2.686e-11
812,0.000779,-0.006678,0.389287,0.992946,-0.033171,-0.113831,-0.031363,0.852387,-0.521970,0.114342,0.521858,0.845334,-22.2752,-24.8308,-23.2477,-44.5838,-19.7357,-53.4308,6.7458,18.3678,4.5125,47.1531,24.0769,59.8329,2.610286,-0.001957,-0.007467,0.901722,-3.253273,0.864394,-0.005341,3.932e-11
813,0.027706,0.061091,0.403930,0.971836,-0.079629,0.221796,-0.048779,0.852825,0.519914,-0.230553,-0.516090,0.824922,-17.2273,-43.2076,-16.5150,-17.9785,-11.5177,-14.6762,30.9077,40.7408,13.7108,15.5294,20.1115,10.3444,1.719650,-0.004028,-0.005601,0.932067,1.473596,-1.044593,0.030258,4.966e-12
814,0.034921,0.000875,0.376637,0.738999,0.060256,0.671006,0.083274,0.980184,-0.179733,-0.668540,0.188700,0.719338,-26.2565,-49.5329,-27.0978,-21.8765,-26.9471,-60.5618,45.6086,44.8778,25.0676,8.2870,56.7420,59.3094,3.085215,0.001600,-0.000655,0.878800,-1.991765,-3.578365,-0.019359,2.494e-11
815,-0.002034,0.082579,0.400510,0.999631,-0.001741,-0.027100,0.016410,0.833854,0.551742,0.021637,-0.551983,0.833575,-16.7846,-40.2265,-22.2745,-26.1229,-10.5258,-9.8412,38.2422,30.7078,54.8210,20.5737,8.8091,6.6330,1.669098,-0.000339,-0.011009,0.925618,2.115348,-0.054804,0.018295,2.112e-12
816,-0.043090,-0.004786,0.414988,0.969773,-0.009461,-0.243826,-0.000682,0.999139,-0.041482,0.244009,0.040394,0.968931,-13.7767,-21.0452,-19.8496,-33.2075,-19.9872,-23.1819,23.9225,13.8601,55.1900,21.5498,51.0739,16.4428,0.701937,0.005852,0.000132,0.919711,-0.023342,0.930075,0.009614,1.933e-11
817,-0.012995,0.007876,0.385558,0.975402,0.047842,-0.215181,0.049295,0.904101,0.424465,0.214852,-0.424632,0.879504,-29.1654,-57.4908,-26.9029,-55.9955,-29.9766,-34.4699,42.9780,57.1485,35.1576,54.1698,27.9600,23.4487,2.118359,-0.001692,0.006455,0.870885,2.297251,0.585168,-0.015507,2.610e-11
818,0.062682,-0.124031,0.346451,0.855370,0.274258,0.439459,0.292911,0.443632,-0.846991,-0.427252,0.853213,0.299137,-20.2198,-4.8233,-5.6444,-8.5341,-21.8592,-63.6032,35.7384,2.0152,6.2225,4.6882,44.0311,56.9406,3.574943,-0.007858,0.016638,0.927899,-3.614472,-1.733740,0.018365,3.256e-12
819,-0.009062,0.020377,0.420599,0.999032,0.011293,-0.042513,-0.002357,0.978840,0.204614,0.043924,-0.204316,0.977919,-14.3591,-27.6566,-15.5705,-24.2864,-16.2537,-16.9562,27.9738,23.6522,20.1822,16.8503,54.0426,8.9450,0.607197,0.001464,0.000548,0.930839,-0.079564,0.216657,-0.015865,4.379e-10
820,0.052892,-0.105222,0.374554,0.910561,0.211882,0.354944,0.157284,0.616485,-0.771497,-0.382284,0.758322,0.528021,-20.2680,-8.5826,-9.5428,-11.9693,-19.1906,-55.8422,39.6945,1.7721,35.7125,7.5343,20.7127,50.3221,2.688937,-0.006381,0.009479,0.926436,-1.941578,-1.274630,-0.063114,4.622e-12
821,0.009861,-0.012509,0.404521,0.996755,-0.002723,-0.080450,0.001145,0.999806,-0.019651,0.080488,0.019495,0.996565,-22.6665,-37.4972,-22.2176,-41.6179,-22.4209,-38.4986,2.9612,34.2791,51.3708,39.9206,20.2617,35.3104,0.824722,-0.000804,0.000441,0.899004,0.967038,1.661946,-0.002039,5.955e-12
822,0.047873,-0.098570,0.384872,0.944745,0.141500,0.295692,0.100418,0.733745,-0.671963,-0.312045,0.664527,0.678993,-22.1988,-12.4363,-10.7123,-16.3056,-21.7382,-51.3232,55.3745,4.5846,32.0067,10.1761,41.7911,40.5643,2.166274,-0.005877,0.009708,0.918095,-1.713424,-1.014227,-0.045132,1.704e-12
823,-0.055905,-0.021627,0.397440,0.825001,-0.060092,-0.561927,-0.106215,0.960123,-0.258616,0.555060,0.273044,0.785720,-17.0379,-14.1015,-17.1515,-48.6458,-19.4569,-29.3469,46.2585,8.5000,2.3125,49.9833,18.3197,25.2095,2.006245,0.002117,0.003011,0.919451,-1.553290,1.131974,-0.033447,1.039e-11
824,0.045938,-0.038509,0.381206,0.816946,0.154374,0.555668,0.144406,0.878058,-0.456246,-0.558342,0.452971,0.695034,-24.9688,-32.4049,-19.9142,-17.5071,-22.9136,-58.6759,56.0619,25.1095,24.6784,8.5292,39.9475,55.1555,2.843738,-0.005488,0.004092,0.897538,-2.422278,-3.210338,-0.003489,5.544e-12
825,-0.004405,0.031442,0.399799,0.990484,0.046154,-0.129660,0.019463,0.885654,0.463938,0.136246,-0.462047,0.876327,-18.1748,-43.3891,-21.1387,-37.3044,-18.3140,-18.3666,3.0807,42.3003,51.5687,34.2610,17.9557,13.6280,2.053239,0.002397,-0.004093,0.913038,2.973443,1.641783,-0.007511,5.520e-12
826,0.005070,0.015448,0.390875,0.999788,-0.000979,0.020556,-0.010413,0.837503,0.546334,-0.017751,-0.546432,0.837315,-21.3133,-53.2534,-21.0448,-37.4531,-21.6933,-23.2175,14.6801,56.3604,45.5220,35.4656,4.1756,16.7357,2.628562,-0.000015,0.001409,0.903174,4.031621,0.296325,0.007568,1.928e-11
827,-0.045612,-0.035558,0.386959,0.819671,-0.144120,-0.554409,-0.157839,0.873546,-0.460439,0.550660,0.464916,0.693272,-17.1559,-9.5471,-17.8135,-50.6983,-19.9921,-36.5403,22.6691,3.1819,13.7944,52.6445,22.7456,35.2161,2.730173,0.002986,0.003068,0.917047,-2.379489,2.373613,-0.005978,2.968e-12
828,-0.016027,-0.008723,0.385334,0.970578,-0.052332,-0.235033,-0.058197,0.896175,-0.439868,0.233650,0.440605,0.866761,-29.0766,-32.4539,-29.7576,-55.3730,-27.2569,-56.4550,49.9505,20.1653,28.3048,52.1132,44.5408,54.3900,2.247387,-0.001193,-0.004974,0.870678,-2.723312,0.608933,0.017705,2.636e-11
829,0.078396,-0.101126,0.377121,0.844551,0.281461,0.455536,0.164963,0.672581,-0.721403,-0.509432,0.684408,0.521598,-20.4529,-9.3351,-8.2337,-4.1631,-15.2111,-52.5798,37.4224,0.4597,53.1313,0.5497,5.2478,47.2730,2.525488,-0.007826,0.005866,0.934287,-0.843166,-1.066886,-0.158833,2.265e-12
830,-0.024493,-0.010923,0.402862,0.932536,-0.043658,-0.358427,-0.057137,0.962314,-0.265871,0.356527,0.268414,0.894898,-17.8462,-20.5358,-17.8246,-44.3774,-18.2229,-35.0191,15.6135,17.2381,0.1260,47.5466,19.3498,35.4310,1.760516,0.000320,0.000499,0.918986,-1.853112,1.419760,-0.000032,3.070e-12
831,0.033252,-0.020716,0.398545,0.908895,0.057638,0.413022,0.022539,0.982166,-0.186662,-0.416415,0.178965,0.891387,-25.1185,-39.0863,-23.2612,-24.4805,-22.8308,-48.7252,51.2998,30.7767,57.3580,14.8656,23.3430,43.7832,1.627362,-0.003213,-0.000442,0.893105,0.237650,-2.078708,-0.019207,6.327e-12
832,0.023251,-0.006542,0.390844,0.896071,0.026083,0.443144,0.025390,0.993627,-0.109823,-0.443184,0.109660,0.889698,-25.9837,-49.9298,-27.4582,-32.1752,-27.1317,-55.8432,25.5289,47.0819,40.5692,22.6682,35.3837,55.1412,1.715618,0.003020,-0.000646,0.879193,-0.352638,-1.652859,0.001102,1.289e-11
833,0.028523,0.029674,0.377197,0.744144,-0.113813,0.658252,-0.067212,0.967623,0.243286,-0.664629,-0.225282,0.712402,-25.3148,-60.0853,-25.7142,-20.6697,-26.2231,-47.4947,52.2443,59.9902,8.1081,7.9398,56.8135,43.0810,3.123224,0.001508,0.000262,0.883332,-0.429625,-4.136545,-0.037155,2.296e-11
834,-0.065036,0.035637,0.406837,0.860907,0.057654,-0.505485,0.082422,0.964628,0.250397,0.502041,-0.257231,0.825704,-12.6118,-22.0774,-17.9566,-39.0546,-14.4194,-7.9527,48.6846,15.5119,20.1121,35.1044,22.4569,1.8374,1.469633,0.003605,-0.003043,0.932622,0.498050,0.593418,0.030487,1.056e-11
835,-0.013632,0.025495,0.395453,0.978563,0.007051,-0.205825,0.004967,0.998315,0.057817,0.205886,-0.057600,0.976879,-27.0997,-45.6074,-27.3735,-53.4286,-25.6902,-42.6139,35.9046,41.2030,1.2295,53.1287,44.4865,39.5103,0.977305,-0.001365,-0.003602,0.879876,-1.220425,0.443380,0.017410,1.729e-11
836,0.016142,-0.059413,0.403547,0.987672,0.017277,0.155580,0.061618,0.870741,-0.487866,-0.143899,0.491438,0.858942,-17.8678,-17.2658,-15.0245,-23.7744,-21.4514,-44.0443,20.2245,12.2832,34.1386,16.0614,49.3446,38.5715,1.589306,0.000313,0.006901,0.918465,-1.807033,0.062087,0.043027,5.186e-12
837,0.075986,-0.040786,0.404888,0.889613,0.115557,0.441854,0.039413,0.944428,-0.326348,-0.455011,0.307738,0.835621,-21.6384,-21.3414,-12.1511,-8.4094,-13.9065,-38.5630,50.7475,10.5398,48.3860,3.8227,19.4530,30.5180,1.470669,-0.007212,0.001446,0.928622,-0.193493,-0.860622,-0.092443,2.025e-12
838,-0.009001,0.043443,0.423866,0.990492,0.002007,-0.137558,0.037015,0.959134,0.280522,0.132499,-0.282946,0.949940,-12.1634,-22.0647,-12.5292,-20.7220,-8.4594,-7.1286,42.7266,15.8259,10.4701,18.8766,18.2462,1.7875,0.822106,-0.001188,-0.002576,0.950368,0.193070,-0.084911,0.045090,1.999e-10
839,0.055500,0.032025,0.388563,0.808936,-0.115069,0.576525,-0.096937,0.941128,0.323854,-0.579849,-0.317864,0.750158,-24.9346,-53.7873,-22.1240,-16.2569,-20.4753,-35.7177,45.6571,49.0404,36.6901,6.3370,46.6947,27.8367,2.270587,-0.005281,-0.002165,0.898468,1.019574,-2.442865,0.012717,5.824e-12
840,-0.056571,-0.010284,0.396465,0.836077,-0.029781,-0.547804,-0.029833,0.994580,-0.099601,0.547801,0.099617,0.830657,-18.2173,-21.7600,-22.4035,-50.6493,-23.3986,-27.2507,32.0381,13.7181,44.8348,44.3392,48.0441,19.5245,1.883024,0.006478,0.001191,0.903803,-0.441402,2.402530,-0.000260,9.537e-12
841,0.010525,0.001875,0.389639,0.931361,0.030730,-0.362799,0.026680,0.987993,0.152177,0.363119,-0.151411,0.919358,-27.5740,-43.1941,-24.4844,-55.9867,-25.4183,-35.1623,0.0389,38.6858,50.2080,57.9939,41.8291,27.1055,2.326280,-0.006112,0.001814,0.883257,1.026244,3.594352,0.010006,3.544e-11
842,0.096542,0.040165,0.399739,0.841658,-0.134010,0.523118,-0.042782,0.949126,0.311977,-0.538313,-0.284958,0.793107,-22.7478,-38.2231,-12.3307,-4.1436,-10.4721,-21.8322,54.4367,29.1763,18.4764,1.0123,45.1708,10.4048,1.613193,-0.008609,-0.001461,0.931903,0.168919,-0.809725,0.113611,7.772e-10
843,0.015822,0.082994,0.371041,0.975424,-0.143214,0.167447,-0.059454,0.560693,0.825887,-0.212165,-0.815545,0.538398,-21.9769,-60.9039,-21.6584,-24.5363,-14.9281,-10.4797,56.4830,58.5164,24.9738,20.6768,14.7637,2.1245,3.292681,-0.004850,-0.008968,0.911274,3.827891,-1.886517,0.045477,9.417e-12
844,-0.027869,0.029043,0.395439,0.922845,0.081130,-0.376531,0.085815,0.909687,0.406331,0.375491,-0.407292,0.832538,-18.9638,-39.2914,-22.2926,-45.9752,-19.5666,-16.8552,17.4925,35.8335,49.0790,43.6875,20.5361,10.3775,2.223914,0.003200,-0.003788,0.908258,2.574098,2.194695,0.001967,4.609e-12
845,0.054533,0.016904,0.383093,0.703747,-0.094678,0.704114,-0.099679,0.968119,0.229805,-0.703423,-0.231910,0.671873,-21.4325,-53.3495,-19.9754,-10.9164,-19.1253,-39.7639,23.6715,54.3061,27.9614,2.5106,24.5978,37.8667,2.847791,-0.003165,-0.001192,0.908669,1.191621,-3.227771,-0.001452,2.379e-10
846,0.016265,0.028965,0.405567,0.984494,-0.027295,0.173279,-0.041919,0.922592,0.383492,-0.170334,-0.384810,0.907143,-18.1934,-44.6134,-18.9368,-26.3943,-16.9893,-23.9770,11.9670,45.0248,29.1169,23.0457,17.3304,20.8835,1.514365,-0.000434,-0.002754,0.918730,1.953402,-0.330134,-0.007543,1.175e-11
847,-0.031817,-0.004735,0.393652,0.893641,-0.016572,-0.448476,-0.017494,0.997272,-0.071710,0.448441,0.071929,0.890913,-26.6538,-33.6976,-27.3589,-56.5855,-27.5310,-37.5797,51.3948,22.5347,50.6163,50.9648,52.0554,27.3266,1.656263,0.001259,0.000233,0.877644,-0.366074,1.998034,-0.000289,2.737e-10
848,0.057096,-0.035508,0.391051,0.823002,0.113923,0.556497,0.104872,0.932369,-0.345963,-0.558274,0.343090,0.755394,-22.5323,-29.9757,-14.9862,-12.3181,-18.6816,-49.4318,50.6043,24.9358,13.1988,7.1056,28.8199,45.2898,2.381443,-0.008088,0.004601,0.915211,-1.688317,-2.946513,-0.005496,7.413e-12
849,-0.097194,0.060225,0.414692,0.899587,0.001897,-0.436738,0.077949,0.983237,0.164829,0.429730,-0.182322,0.884359,0.0026,-7.6753,-16.5531,-23.2437,-5.4775,1.8182,13.2985,0.1060,46.4001,13.1399,5.7613,2.1501,1.198583,0.003511,-0.002883,0.967167,-0.464515,-0.501148,0.106709,2.210e-10
850,0.056119,-0.051813,0.402299,0.884002,0.096333,0.457450,0.112331,0.906097,-0.407886,-0.453787,0.411957,0.790170,-17.6091,-20.6468,-12.5803,-10.1367,-16.6809,-43.6492,12.7589,15.9872,42.4819,3.6126,29.2628,40.3977,1.681712,-0.003424,0.004033,0.929765,-0.851688,-0.725678,0.018874,2.387e-12
851,0.028050,0.067749,0.393151,0.966029,-0.099123,0.238669,-0.065792,0.798763,0.598038,-0.249919,-0.593424,0.765107,-21.2263,-50.6960,-20.9170,-21.7820,-14.4136,-17.1619,48.3167,45.1554,33.4796,16.6125,22.2421,10.2465,2.147739,-0.004569,-0.007525,0.914936,2.305546,-1.370349,0.027868,5.682e-12
852,0.031487,-0.001113,0.389749,0.960281,-0.023865,0.278014,-0.024765,0.985115,0.170102,-0.277935,-0.170230,0.945396,-29.9708,-59.8713,-28.8798,-42.6545,-30.5946,-50.8401,11.7901,58.6899,54.2162,35.6430,45.3564,44.8079,1.200359,-0.000616,0.003656,0.865999,1.097461,0.198086,0.022600,1.088e-11
853,-0.024813,-0.009849,0.398050,0.904637,-0.038159,-0.424471,-0.037920,0.984826,-0.169350,0.424492,0.169297,0.889463,-20.9146,-25.4417,-22.1056,-49.8485,-22.8266,-34.5791,15.0062,18.6330,34.7245,47.6893,46.8577,29.5043,1.922982,0.002565,0.001031,0.900871,-1.119904,2.788122,-0.000034,7.435e-12
854,0.007093,-0.007722,0.394378,0.982997,0.033065,0.180620,0.038363,0.924966,-0.378109,-0.179569,0.378609,0.907970,-24.3492,-33.3485,-24.3258,-35.1920,-24.4181,-53.6593,42.0186,26.1619,8.7943,28.4541,55.6711,52.2781,2.093615,0.000073,-0.000077,0.889833,-3.314692,-1.216103,-0.002551,8.979e-12
855,0.062844,-0.034703,0.392278,0.780730,0.106551,0.615718,0.147011,0.926376,-0.346721,-0.607329,0.361213,0.707585,-17.6337,-26.6037,-11.6590,-6.6210,-15.8658,-47.3830,12.1324,26.4285,4.6645,2.9102,27.4313,47.8267,2.474014,-0.005925,0.005238,0.931879,-1.958677,-2.282096,0.030929,6.783e-12
856,0.006119,0.001925,0.422192,0.999892,0.002878,-0.014410,-0.004343,0.994704,-0.102689,0.014038,0.102741,0.994609,-17.1169,-19.4984,-17.0695,-22.8063,-12.3567,-24.8480,52.3665,7.1460,57.1740,17.5699,3.5657,20.1465,0.752271,-0.002045,-0.003448,0.930315,0.414143,-0.247813,-0.008480,5.412e-10
857,-0.014187,-0.000481,0.388421,0.921554,0.009495,0.388134,0.009445,0.998857,-0.046860,-0.388135,0.046850,0.920411,-21.5963,-51.3447,-26.5402,-34.6402,-26.0923,-53.8284,32.3422,55.4525,3.3068,28.0712,3.7279,59.2388,2.296692,0.012719,-0.001029,0.888530,-0.227582,-2.865781,0.004576,3.905e-11
858,0.010319,-0.002603,0.379899,0.977857,-0.062146,-0.199832,-0.054972,0.845078,-0.531810,0.201924,0.531019,0.822949,-27.5019,-28.1054,-27.6229,-52.5410,-23.5071,-57.3621,9.1647,16.4856,24.1868,53.1917,53.6532,59.5724,3.068211,-0.004819,-0.008460,0.881351,-3.669404,2.185373,-0.031625,6.326e-11
859,-0.045420,0.011949,0.401576,0.845705,0.043130,-0.531905,0.053063,0.984993,0.164236,0.531006,-0.167119,0.830725,-15.6573,-26.4963,-17.0482,-47.2249,-16.4005,-17.2792,23.4795,25.4839,5.6539,51.2937,2.8540,14.4172,1.843617,0.001829,-0.000916,0.926269,0.815816,1.655173,0.004905,1.698e-11
860,-0.045933,-0.018610,0.391048,0.830115,-0.092906,-0.549797,-0.117511,0.934727,-0.335376,0.545069,0.343008,0.765014,-20.2417,-17.3638,-20.1400,-53.6588,-20.4679,-36.7811,42.2676,10.3312,5.9578,56.8999,13.1740,34.9777,2.305031,0.000165,0.000327,0.908564,-1.879110,1.400631,-0.000251,4.466e-12
861,-0.000745,-0.003619,0.412984,0.999932,0.000449,0.011625,-0.000222,0.999810,-0.019472,-0.011632,0.019468,0.999743,-18.7490,-31.8042,-18.5951,-31.7867,-18.3233,-32.8157,27.1555,28.8315,24.7179,29.3587,13.1500,30.4896,0.190343,-0.000471,-0.000381,0.916626,0.268147,-0.331292,-0.000381,2.514e-12
862,0.026114,0.023010,0.386655,0.998586,0.019640,-0.049409,0.006249,0.879485,0.475886,0.052801,-0.475522,0.878118,-28.6039,-58.9741,-25.6062,-48.8378,-27.7701,-33.3737,1.6139,58.9158,41.5244,46.9020,57.3966,23.0590,2.219396,-0.004708,0.004215,0.876841,1.783706,2.169215,0.055324,2.672e-11
863,0.023521,-0.004639,0.394625,0.904807,-0.006850,0.425767,-0.021350,0.997883,0.061426,-0.425287,-0.064669,0.902745,-25.5803,-50.3773,-25.6529,-28.8553,-25.5605,-46.8525,43.5408,46.5011,51.6803,18.7275,25.5160,42.0675,1.785465,0.000143,0.000006,0.884653,1.162056,-2.171685,0.002892,1.156e-11
864,0.081422,0.007993,0.394739,0.752134,-0.030933,0.658284,-0.019652,0.997401,0.069322,-0.658718,-0.065076,0.749571,-20.7988,-38.1332,-12.6988,-3.8754,-12.1785,-34.4000,40.5158,34.7193,12.2502,1.6089,14.4657,30.5698,2.174994,-0.010699,-0.000636,0.931241,0.172287,-2.756876,0.010106,6.264e-12
865,0.036387,-0.036816,0.383067,0.905070,0.107831,0.411364,0.164489,0.803262,-0.572463,-0.392162,0.585784,0.709272,-22.0379,-25.9797,-20.2815,-23.4071,-23.2744,-59.7631,18.0673,19.9930,21.4415,15.0754,59.2827,59.7441,2.895066,-0.000877,0.004157,0.900839,-3.847005,-1.105769,0.008305,1.230e-11
866,0.094138,-0.118244,0.371532,0.849047,0.282473,0.446461,0.146709,0.685768,-0.712881,-0.507539,0.670769,0.540808,-20.9209,-6.1140,-0.7118,-1.0131,-14.0071,-48.4151,51.9444,1.1761,8.3359,3.5165,10.8933,38.6310,2.472218,-0.010894,0.010136,0.946854,-1.150050,-1.113496,-0.168986,1.339e-12
867,0.043875,0.046516,0.421458,0.987410,-0.033838,0.154521,-0.005142,0.969469,0.245158,-0.158099,-0.242866,0.957090,-17.8411,-25.7380,-14.1141,-12.1444,-8.7555,-12.8760,58.9958,12.4637,37.5681,6.6391,37.0903,2.7690,0.720898,-0.002638,-0.001947,0.939095,-0.098922,0.145669,0.037711,6.246e-11
868,-0.030143,0.045457,0.389065,0.939797,0.090912,-0.329419,0.127887,0.800355,0.585727,0.316902,-0.592593,0.740545,-19.3999,-45.1983,-21.7340,-43.9235,-18.2474,-11.4395,37.3787,42.9615,33.3238,42.8035,10.6531,3.8751,2.569462,0.001204,-0.004823,0.910414,3.262688,0.913068,0.015542,5.176e-12
869,-0.014664,0.044980,0.391346,0.973285,0.078950,-0.215600,0.068975,0.795109,0.602531,0.218995,-0.601305,0.768423,-18.7922,-46.9891,-21.0578,-40.7410,-18.5514,-13.0897,16.8055,46.8761,33.6153,39.1192,21.1581,6.3403,2.488308,0.001624,-0.003633,0.911896,3.073512,1.340641,-0.002973,7.112e-12
870,-0.021234,-0.017490,0.406671,0.960129,-0.031371,-0.277792,-0.020217,0.983290,-0.180919,0.278826,0.179321,0.943451,-19.3530,-24.9199,-20.2586,-42.4530,-20.4452,-34.4123,24.4630,19.1907,36.2490,40.4300,19.3844,31.2123,1.118989,0.001620,0.000290,0.909966,-0.238696,1.275710,0.005577,1.454e-11
871,-0.012595,0.022176,0.400644,0.971847,0.049096,-0.230442,0.046405,0.919007,0.391500,0.230999,-0.391172,0.890856,-17.9996,-39.9168,-20.7835,-40.1612,-18.1029,-18.8194,5.4396,38.3521,53.4715,38.5344,8.1258,14.5629,2.038647,0.002388,-0.003867,0.914081,3.041268,1.868700,-0.000410,9.720e-12
872,0.030285,-0.011435,0.391065,0.872117,0.066966,0.484692,0.097129,0.947183,-0.305632,-0.479559,0.313624,0.819550,-22.4528,-35.4617,-20.3129,-21.2616,-22.1786,-52.8819,41.7190,31.7043,0.6028,13.7203,48.8241,51.7921,2.544484,-0.002196,0.002538,0.901796,-2.904924,-2.823561,-0.001314,6.984e-12
873,0.024016,-0.000572,0.415732,0.987100,0.009790,0.159807,-0.005360,0.999590,-0.028127,-0.160017,0.026908,0.986747,-20.5661,-29.1353,-17.1840,-22.6116,-15.5345,-30.5505,56.5964,20.3741,36.3378,18.4462,13.2150,24.3337,0.648918,-0.004943,-0.001640,0.920144,0.376501,-1.153147,-0.014916,1.343e-11
874,0.065158,0.123738,0.352618,0.862119,-0.260076,0.434869,-0.262189,0.505437,0.822065,-0.433599,-0.822736,0.367557,-21.8275,-62.2090,-22.6068,-9.6921,-7.1189,-7.3097,43.4690,53.2887,45.6154,4.4929,19.2770,2.4240,3.244887,-0.007721,-0.014817,0.922452,2.937132,-1.533949,-0.003594,2.943e-12
875,0.003713,0.026396,0.402993,0.992005,0.025101,-0.123680,0.008831,0.963813,0.266433,0.125893,-0.265395,0.955885,-22.0805,-43.4156,-21.8798,-42.1942,-21.9699,-29.4648,7.1994,42.1835,16.4699,40.7484,49.8226,24.0441,1.188718,-0.000420,0.000090,0.901125,0.106330,1.590456,0.004383,4.488e-12
876,0.023494,0.004737,0.385283,0.837746,-0.071190,0.541400,-0.086428,0.961681,0.260191,-0.539177,-0.264766,0.799492,-23.9997,-56.5489,-24.1498,-23.1518,-23.9597,-41.6992,50.0828,56.4321,43.6962,13.3600,8.5965,37.5027,2.812050,0.000233,-0.000011,0.890970,2.423973,-3.535938,0.009791,1.696e-11
877,0.003988,-0.038661,0.416006,0.999311,0.009107,0.035976,0.004302,0.934456,-0.356051,-0.036861,0.355961,0.933774,-12.7215,-14.1826,-10.2831,-21.9483,-13.9760,-33.0986,10.1139,14.0399,1.4528,22.4518,9.4956,33.7066,1.120811,-0.000817,0.004481,0.944523,-1.357955,-0.245726,-0.004335,8.932e-12
878,-0.014414,-0.001644,0.397625,0.999977,-0.000225,-0.006818,-0.000324,0.996765,-0.080374,0.006814,0.080374,0.996741,-24.7202,-44.6809,-26.1816,-47.0734,-25.5540,-48.8579,31.5274,43.8106,11.1739,45.8245,10.9867,50.0184,0.541519,0.002996,-0.001413,0.885477,-0.356411,-0.761180,0.004841,2.169e-11
879,-0.003389,0.007653,0.416395,0.999111,-0.002767,-0.042076,0.003481,0.999851,0.016909,0.042023,-0.017041,0.998971,-19.3097,-28.2101,-20.5515,-29.6602,-16.8981,-27.3254,48.8900,17.7776,57.2940,22.7671,17.3504,21.3550,0.480233,-0.000652,-0.003584,0.914976,0.802416,-0.144059,0.006298,1.743e-11
880,0.035727,-0.001299,0.388189,0.947245,-0.024857,0.319545,-0.024838,0.988297,0.150507,-0.319547,-0.150504,0.935542,-30.5864,-61.0222,-29.5327,-42.3501,-31.1402,-53.0019,9.3624,59.6710,56.1272,34.8353,48.5221,47.2339,1.209416,-0.000658,0.003469,0.863296,0.957078,0.193335,0.023844,1.721e-11
881,-0.019294,-0.021417,0.391099,0.997576,-0.008164,-0.069098,-0.024673,0.887051,-0.461011,0.065057,0.461599,0.884700,-26.0132,-30.8709,-27.0425,-46.2636,-25.7454,-55.7822,58.5648,21.2407,25.6677,41.4668,24.2000,55.0901,1.945285,0.001006,-0.002437,0.881678,-2.190943,-1.014857,0.019212,1.400e-11
882,-0.016379,-0.008132,0.412275,0.981672,-0.004669,-0.190522,-0.020897,0.991035,-0.131959,0.189431,0.133522,0.972773,-16.3327,-23.3546,-16.3273,-35.4496,-19.0938,-30.3568,14.9208,21.2983,2.8304,33.3577,45.4762,26.7708,1.024641,0.002157,0.003630,0.922283,-1.669537,1.013906,-0.010541,1.514e-11
883,-0.006667,-0.017579,0.421073,0.994265,0.002878,-0.106905,-0.017022,0.991153,-0.131625,0.105581,0.132690,0.985518,-15.5728,-17.8341,-12.4431,-26.0799,-14.3016,-24.7547,47.2181,12.8413,10.0407,25.1373,12.3886,19.3816,0.649168,-0.002434,0.001815,0.936617,-0.358597,-0.473503,-0.021495,1.860e-11
884,-0.014679,-0.024356,0.409813,0.977440,-0.034766,-0.208332,-0.025860,0.959240,-0.281407,0.209624,0.280446,0.936700,-15.9212,-19.6843,-16.3267,-36.7639,-16.8595,-34.5672,7.8970,17.2782,19.1621,38.1300,4.5633,35.8160,1.162244,0.001127,0.000802,0.926368,-0.742931,1.029906,0.003910,1.266e-11
885,-0.001578,0.006857,0.398597,0.989328,0.002923,0.145679,0.004228,0.998802,-0.048752,-0.145647,0.048848,0.988130,-25.5468,-45.8155,-26.7889,-40.5172,-26.0681,-48.3711,41.2324,41.9459,18.2495,34.4270,37.1320,46.1790,0.917116,0.002010,-0.001437,0.882469,-0.886450,-1.229598,-0.002661,9.099e-12
886,-0.019359,0.013495,0.386873,0.938441,0.092257,-0.332893,0.100923,0.848409,0.519631,0.330369,-0.521240,0.786871,-22.1463,-49.1869,-20.0127,-50.4595,-22.4319,-19.9342,22.8295,53.1055,17.5403,54.3797,3.2629,12.2156,2.742306,-0.002026,0.005030,0.902701,3.119278,1.179576,-0.021244,3.237e-11
887,-0.014905,-0.058939,0.386466,0.987720,-0.051492,-0.147506,-0.060183,0.745873,-0.663364,0.144179,0.664095,0.733615,-23.7195,-17.2582,-23.2372,-43.3532,-24.3092,-55.1978,48.5973,5.4790,54.5518,38.4066,13.7584,53.0755,2.198265,0.000122,0.001506,0.893087,-1.803633,0.151277,-0.003787,9.506e-12
888,0.033493,-0.104895,0.395858,0.972028,0.082958,0.219726,0.089252,0.734884,-0.672294,-0.217245,0.673100,0.706924,-12.2404,-1.9166,-2.6153,-10.4490,-15.2719,-40.7564,12.8201,3.0447,0.7720,10.1491,19.0705,36.8603,2.005182,-0.003348,0.011035,0.954878,-1.626139,-0.496424,0.008113,5.012e-12
889,-0.035877,-0.016928,0.399643,0.869606,-0.055397,-0.490628,-0.030758,0.985678,-0.165809,0.492787,0.159279,0.855448,-17.9869,-21.1241,-19.8005,-48.7622,-19.7305,-29.7958,15.8343,15.6825,36.4743,49.1266,15.6390,26.9729,1.920042,0.002944,0.000022,0.913508,-0.075353,2.493959,0.009663,7.028e-12
890,0.007440,-0.003014,0.387263,0.980278,0.044423,-0.192567,0.043180,0.902719,0.428059,0.192850,-0.427931,0.882997,-25.5199,-53.7147,-21.0601,-51.2357,-25.5555,-30.5973,2.1584,58.9798,28.6658,55.7326,9.0393,23.3217,2.518767,-0.005855,0.010191,0.891577,2.681819,1.558420,0.013632,4.455e-11
891,0.043775,0.026946,0.412804,0.928928,-0.066087,0.364314,-0.033345,0.965011,0.260079,-0.368755,-0.253743,0.894223,-16.5528,-36.7692,-14.1388,-12.7331,-14.8619,-23.0361,12.6417,35.4254,12.4493,6.5624,55.8401,16.7525,1.175766,-0.002329,0.000682,0.931773,-0.139032,-0.481133,0.036346,1.267e-11
892,0.024692,0.057684,0.391093,0.956735,-0.105141,0.271299,-0.087649,0.784969,0.613304,-0.277444,-0.610549,0.741792,-20.1220,-53.2110,-20.0754,-22.1541,-15.7290,-18.4323,35.1664,52.0543,26.2330,17.6244,19.1272,12.7584,2.409471,-0.003287,-0.005767,0.915715,2.684135,-1.503579,0.010685,7.268e-12
893,0.022837,0.026148,0.397343,0.968762,-0.043433,0.244160,-0.063233,0.908739,0.412548,-0.239796,-0.415100,0.877605,-22.6470,-52.7713,-23.0653,-30.3067,-22.1478,-30.2745,19.2739,51.7564,44.0940,23.3859,34.8271,23.8846,1.776261,-0.000154,-0.001290,0.898101,2.162996,-0.347299,-0.004210,5.957e-10
894,0.063212,-0.030253,0.393108,0.748472,0.123382,0.651588,0.112757,0.944557,-0.308379,-0.653510,0.304284,0.693063,-15.9489,-27.1336,-10.4377,-3.1374,-12.5158,-44.8097,9.6014,28.3876,3.0062,1.8389,1.2393,48.5263,2.560515,-0.006949,0.002865,0.941207,-1.198842,-2.876664,-0.007287,6.366e-12
895,0.008693,-0.001123,0.380245,0.846420,-0.018693,0.532187,-0.019312,0.997649,0.065758,-0.532165,-0.065936,0.844069,-27.9530,-60.6518,-30.8677,-33.5576,-31.4800,-57.0065,52.9573,59.2120,41.6771,19.6725,35.1718,53.7145,2.593378,0.007540,0.001270,0.864258,0.548670,-3.201824,0.004896,4.083e-11
896,-0.013310,-0.003063,0.396089,0.992017,0.017339,0.124908,0.014087,0.969067,-0.246397,-0.125316,0.246189,0.961086,-23.2472,-39.7399,-25.9310,-40.4547,-24.1269,-52.6632,38.6407,36.9400,7.2739,36.7270,14.8230,55.9656,1.538575,0.004409,-0.003790,0.889992,-1.425308,-1.692221,0.014513,1.970e-11
897,0.007722,0.029117,0.390837,0.999131,-0.007069,0.041077,-0.019099,0.798310,0.601944,-0.037047,-0.602206,0.797481,-20.3684,-54.4043,-20.0322,-35.8967,-20.7727,-20.8204,7.9838,59.1547,25.1363,34.7358,17.4367,14.8354,2.532771,-0.000077,0.001531,0.907815,3.218000,0.324186,0.007604,1.533e-11
898,0.009952,-0.039766,0.402014,0.989143,0.040162,0.141361,0.035120,0.869451,-0.492769,-0.142697,0.492383,0.858601,-17.7188,-21.1383,-17.1695,-27.8231,-17.7995,-47.9996,11.8002,17.9886,23.7698,26.5178,1.5093,51.8665,1.692904,-0.000382,0.000933,0.920947,-1.516431,-0.612348,-0.001336,3.092e-10
899,-0.004174,-0.062558,0.409101,0.997189,0.008283,-0.074465,-0.035848,0.925476,-0.377106,0.065792,0.378715,0.923172,-19.1437,-15.2009,-12.9210,-28.4375,-22.4676,-35.3907,58.1881,8.9222,16.7448,21.7289,56.7968,22.6727,1.136417,-0.001287,0.008086,0.918319,-1.347569,-0.196994,-0.047063,1.092e-11
900,-0.064805,-0.004604,0.403666,0.851120,-0.044727,-0.523062,0.007880,0.997340,-0.072461,0.524912,0.057551,0.849209,-15.4965,-18.2047,-21.1008,-44.7257,-19.0159,-21.5007,45.7813,8.6902,51.8936,38.3998,19.5511,15.6403,1.527230,0.005310,-0.001971,0.916647,0.440849,1.226561,0.055568,5.130e-12
901,0.008475,-0.000885,0.392284,0.952141,-0.027498,0.304420,-0.028798,0.983444,0.178907,-0.304299,-0.179112,0.935586,-26.2484,-56.4059,-27.0288,-37.6579,-28.4640,-46.8720,34.6974,56.7007,38.8069,29.6212,25.3784,42.5315,1.629941,0.003514,0.002951,0.877386,1.320740,-1.558486,0.006269,1.741e-11
902,-0.058239,0.029661,0.408850,0.899045,0.084800,-0.429567,0.033413,0.964919,0.260414,0.436580,-0.248477,0.864671,-9.9110,-23.1876,-16.5246,-36.8900,-15.5780,-9.5383,9.8465,22.0375,15.1671,32.4174,38.5481,5.6291,1.489481,0.007144,-0.001110,0.936993,0.253079,1.511653,-0.054071,5.306e-12
903,-0.040386,0.002072,0.401314,0.863598,0.007448,-0.504126,0.029339,0.997454,0.064998,0.503327,-0.070923,0.861181,-16.7222,-25.7055,-19.4897,-47.5149,-18.3826,-21.8270,15.4711,21.8706,34.4134,47.8952,12.8883,18.2911,1.883820,0.003634,-0.001453,0.917869,0.913137,2.391200,0.010920,9.695e-12
904,-0.001769,0.025511,0.425345,0.999970,0.002213,0.007457,-0.003791,0.975785,0.218699,-0.006793,-0.218720,0.975764,-11.7271,-23.8113,-12.7258,-17.7677,-12.1732,-12.3531,23.8056,20.0485,17.4680,11.6640,42.8417,5.9587,0.521319,0.000534,-0.000355,0.945152,0.028677,0.043188,-0.007612,3.864e-11
905,-0.004868,0.019670,0.391872,0.995668,-0.011980,0.092203,-0.011922,0.967029,0.254388,-0.092211,-0.254385,0.962697,-27.8939,-58.5628,-28.7951,-47.6611,-29.4004,-45.1933,36.6210,58.7626,14.6882,42.7324,39.2285,40.7086,1.000753,0.003083,0.001323,0.871049,0.337385,-0.794521,-0.012765,2.022e-11
906,0.030904,0.009607,0.384901,0.817510,-0.052998,0.573470,-0.050086,0.985441,0.162470,-0.573732,-0.161544,0.802954,-26.9729,-56.7992,-26.6813,-24.6456,-26.6064,-47.8152,56.2198,53.0703,41.9592,12.0246,39.8804,41.5662,2.503724,-0.000401,-0.000089,0.879132,0.842233,-3.318666,-0.000493,9.289e-12
907,0.011261,0.000026,0.411928,0.987739,-0.001608,0.156108,0.005544,0.999678,-0.024780,-0.156017,0.025341,0.987429,-20.2829,-33.2183,-17.6391,-26.8330,-18.8927,-34.5436,45.8750,29.5333,6.6530,23.0794,30.8815,29.6259,0.771179,-0.003057,0.001620,0.914767,-0.760767,-1.450678,0.004829,5.346e-12
908,0.004843,0.041865,0.392469,0.993214,0.046955,-0.106403,0.019408,0.835138,0.549698,0.114672,-0.548033,0.828559,-22.8805,-52.5157,-22.6897,-42.9928,-22.9748,-22.3717,10.1625,53.0353,21.2773,40.6160,53.0133,13.7407,2.066729,-0.000328,0.000463,0.897069,1.582864,1.584995,0.007572,6.690e-12
909,-0.004859,0.054728,0.405385,0.998966,0.006193,-0.045050,0.017536,0.861596,0.507292,0.041956,-0.507557,0.860596,-17.9292,-42.1409,-18.6908,-30.3050,-16.5859,-14.4718,34.8663,39.9844,6.3393,26.4324,43.8312,6.9663,1.388251,-0.000384,-0.002497,0.920285,0.832225,-0.128080,0.010744,1.298e-11
910,-0.029521,-0.030237,0.427337,0.991951,-0.008273,-0.126349,-0.008216,0.991555,-0.129424,0.126353,0.129420,0.983507,-5.8891,-9.3378,-7.7097,-18.4361,-12.9771,-16.0999,0.5032,11.0416,8.5051,13.6390,31.6487,12.9728,0.441659,0.003421,0.003503,0.960240,-0.283830,0.277148,0.000019,1.780e-10
911,-0.033535,0.035871,0.381124,0.904682,0.121430,-0.408417,0.166962,0.780849,0.601996,0.392012,-0.612805,0.686146,-21.0405,-47.4125,-22.5261,-49.1874,-20.0986,-11.7234,39.0876,45.5468,41.8918,49.0539,4.9399,2.6104,3.074539,0.000849,-0.003407,0.903600,4.054864,1.372541,-0.000731,3.735e-12
912,-0.030854,0.022990,0.392152,0.887550,0.054855,-0.457435,0.048440,0.976272,0.211060,0.458158,-0.209485,0.863833,-25.2944,-41.7804,-24.4078,-57.7131,-24.3765,-30.4196,43.0140,38.1361,2.5580,59.8983,34.1186,23.5044,1.655859,-0.002081,-0.000108,0.888983,-0.069605,1.254686,0.011101,7.965e-12
913,-0.009763,0.023063,0.395576,0.999041,-0.021622,0.038064,0.000483,0.874897,0.484308,-0.043773,-0.483826,0.874069,-21.6824,-51.9528,-21.4778,-36.7033,-21.8852,-25.7547,43.2840,53.9257,18.6532,33.9682,7.7865,19.5636,2.119298,0.000256,0.000801,0.902091,2.671233,-1.355559,-0.010072,1.097e-11
914,-0.044206,-0.018954,0.397616,0.872720,-0.063516,-0.484071,-0.029299,0.982901,-0.181791,0.487341,0.172835,0.855936,-19.9725,-22.5614,-23.3199,-50.3180,-23.2404,-32.0155,32.2138,13.1873,57.5784,44.8173,33.9640,25.5010,1.806511,0.004873,0.000039,0.900056,-0.053482,2.325859,0.022713,8.385e-12
915,0.003974,-0.044358,0.408389,0.999421,0.013842,0.031075,-0.000245,0.916377,-0.400316,-0.034018,0.400077,0.915850,-19.7068,-19.6960,-17.5280,-28.8359,-20.0498,-41.0890,42.3421,11.5491,42.6372,22.9129,23.8494,35.9270,1.124184,-0.001165,0.002824,0.914173,-0.838789,-0.344019,-0.013452,1.519e-11
916,-0.022312,0.036641,0.413751,0.983935,0.037853,-0.174468,0.021766,0.944538,0.327681,0.177195,-0.326214,0.928540,-16.3356,-31.8819,-18.0736,-31.3368,-17.4951,-14.4998,41.9119,26.7002,16.4001,24.4982,55.3113,4.9932,0.925046,0.001517,-0.000531,0.922269,0.099782,0.285031,-0.017929,8.778e-10
917,-0.110062,-0.040594,0.409333,0.907051,-0.043403,-0.418777,-0.030817,0.985160,-0.168851,0.419891,0.166062,0.892253,-0.3712,-2.8464,-12.6583,-26.9393,-18.7252,-11.8668,1.7060,3.4382,39.6658,10.8531,54.4434,7.2542,1.055535,0.006367,0.002214,0.952693,0.118746,-0.361971,0.016368,6.244e-11
918,-0.033520,-0.031835,0.406855,0.947254,-0.041615,-0.317769,-0.061616,0.949387,-0.308005,0.314504,0.311339,0.896747,-17.9852,-16.8488,-17.5836,-39.8912,-19.7919,-33.5870,46.4891,9.9716,23.5066,37.4021,19.0442,28.7401,1.282296,0.001024,0.002681,0.917035,-0.986047,0.380346,-0.017777,7.563e-12
919,0.017494,0.028986,0.397327,0.999068,-0.003811,0.043006,-0.004054,0.983415,0.181325,-0.042983,-0.181330,0.982482,-25.5900,-51.2906,-25.0134,-44.6090,-24.0230,-41.8183,0.7114,51.6342,3.5771,45.0261,46.1093,40.6755,0.740815,-0.002764,-0.002225,0.888206,-0.609845,0.747121,0.008099,2.088e-11
920,0.007280,0.004424,0.404124,0.999087,0.000850,0.042704,0.003405,0.995035,-0.099464,-0.042577,0.099518,0.994124,-22.9168,-38.1362,-23.0908,-38.8130,-22.5907,-43.3163,17.1087,34.6108,16.7888,35.9066,40.0812,41.9498,0.684274,-0.000185,-0.000982,0.897182,-1.261267,0.251208,-0.001629,1.410e-11
921,-0.026537,0.050805,0.421998,0.976266,0.028398,-0.214707,0.048134,0.938122,0.342942,0.211160,-0.345137,0.914490,-8.5587,-21.2510,-11.6912,-21.8547,-7.1998,-2.8125,25.2285,18.5614,1.1785,21.0968,12.8110,0.5439,0.980059,0.000743,-0.003190,0.958906,0.307413,0.072841,0.025793,2.637e-10
922,0.052586,-0.036440,0.417280,0.939561,0.051216,0.338528,0.040105,0.965479,-0.257376,-0.340024,0.255397,0.905072,-16.5959,-17.2276,-11.3911,-8.3100,-13.8240,-30.9650,30.9531,8.4386,52.7630,0.4995,34.4440,23.0422,0.993994,-0.002430,0.001289,0.937409,-0.053971,-0.100486,-0.014342,3.996e-11
923,0.015411,0.092876,0.373525,0.989751,-0.085560,0.114331,-0.037044,0.619397,0.784204,-0.137913,-0.780402,0.609879,-22.8617,-57.7024,-25.4826,-27.2932,-13.8696,-10.8532,59.8279,48.7880,59.7623,21.1350,9.3203,3.2932,2.929731,-0.003827,-0.013258,0.905964,3.980522,-1.079035,0.030856,6.462e-12
924,-0.036569,-0.008841,0.397905,0.957551,-0.000627,-0.288262,0.002881,0.999969,0.007394,0.288248,-0.007911,0.957523,-24.6914,-39.7918,-24.7598,-52.7314,-25.4223,-39.3725,56.9509,36.5832,19.5827,52.3556,1.3020,35.1856,0.931135,0.000950,0.001335,0.887839,0.676668,-0.501856,-0.008758,5.575e-12
925,-0.009816,0.061805,0.384020,0.974184,0.110922,-0.196625,0.068047,0.686187,0.724236,0.215255,-0.718919,0.660924,-18.7553,-51.4157,-20.5312,-41.3066,-19.1735,-9.2263,9.5214,53.6522,12.1917,40.0642,44.9735,0.9492,2.758229,0.001616,-0.002139,0.911953,2.428666,1.671334,-0.014398,1.319e-11
926,-0.052391,-0.019574,0.405921,0.904909,-0.016387,-0.425290,-0.044910,0.990003,-0.133703,0.423229,0.140088,0.895127,-17.8393,-19.3802,-19.7512,-42.8807,-22.9150,-26.8631,53.4208,10.9719,34.4779,34.7729,51.3639,16.5513,1.257959,0.003953,0.003029,0.909342,-0.678415,0.895404,-0.030129,1.215e-11
927,-0.001378,-0.055895,0.392336,0.999426,-0.018274,-0.028537,-0.003027,0.790618,-0.612302,0.033751,0.612037,0.790109,-21.6771,-17.6324,-20.6108,-36.3751,-23.8972,-51.8622,32.6543,8.3631,44.2824,29.6997,39.5931,48.3220,2.104413,0.000811,0.004347,0.900546,-2.394951,0.430515,0.009932,6.120e-12
928,-0.059137,0.011640,0.401306,0.831014,0.044832,-0.554442,0.019982,0.993697,0.110301,0.555892,-0.102740,0.824881,-13.3307,-21.9312,-18.2570,-45.6503,-18.2376,-16.2163,15.3041,19.0031,20.8723,43.3006,34.0880,11.6469,1.866863,0.006871,-0.000129,0.925103,0.060160,2.302649,-0.020666,9.696e-12
929,-0.046725,-0.016547,0.412613,0.922674,0.007668,-0.385505,-0.039512,0.996419,-0.074749,0.383551,0.084200,0.919673,-15.7130,-17.4082,-15.7667,-37.3718,-19.7374,-21.8066,54.1794,11.3601,14.9315,31.9508,43.6721,11.9127,1.106123,0.002167,0.003516,0.923287,-0.633788,0.400123,-0.053012,1.705e-11
930,-0.060560,0.033625,0.401494,0.840886,0.064726,-0.537329,0.108877,0.952295,0.285098,0.530148,-0.298238,0.793724,-11.0968,-24.3084,-17.7783,-41.7086,-12.9586,-7.7402,16.6002,21.5317,27.1484,41.5999,0.7942,6.3586,1.975013,0.005934,-0.005517,0.937077,1.569506,1.729727,0.041074,7.069e-12
931,-0.031329,-0.046217,0.405482,0.956205,-0.042292,-0.289627,-0.095012,0.891076,-0.443798,0.276849,0.451879,0.848033,-16.5724,-10.9153,-14.4549,-36.4399,-17.4354,-35.5973,49.5866,5.0658,11.2403,36.9169,0.4378,33.0939,1.616776,-0.000765,0.003731,0.927320,-1.356558,-0.257997,-0.046599,1.001e-11
932,0.023040,0.026775,0.401020,0.979540,-0.015039,0.200688,-0.009625,0.992562,0.121360,-0.201021,-0.120808,0.972109,-23.8075,-47.8609,-24.0805,-35.5746,-23.3792,-41.5258,6.4684,46.4928,10.5504,31.1726,59.7054,39.2141,0.899609,-0.000202,-0.001377,0.893204,-1.138154,0.199287,-0.006382,9.608e-12
933,-0.008897,-0.004184,0.401358,0.978721,-0.012889,-0.204789,-0.013068,0.992084,-0.124893,0.204778,0.124911,0.970805,-23.0964,-35.1051,-22.6753,-47.6880,-22.0896,-41.6616,18.5131,32.1357,15.2267,49.6925,15.4938,41.3628,0.947409,-0.001705,-0.001214,0.898323,-0.599431,0.840828,0.000798,7.413e-12
934,-0.034208,-0.048603,0.395256,0.932542,-0.095669,-0.348157,-0.096825,0.862677,-0.496401,0.347837,0.496625,0.795219,-19.4875,-13.6923,-19.7137,-44.3706,-22.4476,-41.4190,40.6976,4.7616,38.0756,40.5562,25.6984,37.0367,1.942937,0.002366,0.003504,0.907462,-1.625059,1.098243,-0.001423,8.062e-12
935,-0.016963,0.027462,0.395983,0.985925,0.026505,-0.165074,0.030628,0.942012,0.334179,0.164359,-0.334531,0.927941,-27.3471,-50.4551,-27.3139,-49.1214,-27.3684,-32.6416,58.9011,44.6936,27.8543,42.9433,51.9543,21.6123,1.096263,-0.000004,0.000136,0.877127,0.738130,0.023781,-0.000505,1.402e-11
936,0.057482,-0.045644,0.398663,0.858754,0.108403,0.500790,0.115084,0.911587,-0.394671,-0.499297,0.396558,0.770353,-19.0882,-24.8078,-15.3124,-11.6013,-17.9374,-47.1390,11.2313,19.3529,51.5412,3.7852,29.5823,44.7996,1.788233,-0.003133,0.002873,0.921557,-0.786626,-0.858390,0.007662,6.764e-12
937,0.076479,-0.005907,0.425386,0.959114,-0.021681,0.282189,0.011687,0.999245,0.037051,-0.282779,-0.032238,0.958643,-15.6221,-16.1616,-4.2055,-2.3432,-6.8143,-14.3449,46.5509,8.5682,11.4215,2.0944,31.1373,2.8503,0.754040,-0.002728,0.000570,0.960174,0.128640,0.546167,0.045990,1.448e-10
938,0.045675,-0.005810,0.383329,0.741030,-0.002953,0.671466,-0.047653,0.997238,0.056976,-0.669779,-0.074219,0.738842,-24.6379,-52.4712,-24.0936,-17.2906,-23.0633,-48.1071,40.7691,49.3282,57.0850,5.9412,16.4820,45.0240,2.768178,-0.001882,-0.001158,0.891686,1.592235,-3.348335,-0.000030,5.075e-12
939,0.018613,0.104083,0.371158,0.987334,-0.101457,0.121978,-0.042555,0.571297,0.819639,-0.152844,-0.814448,0.559743,-22.0615,-57.7671,-24.4158,-24.9739,-12.4847,-7.8215,57.2156,49.2787,47.6130,19.3064,18.0344,0.2027,2.912711,-0.004109,-0.012952,0.911100,3.424007,-1.022797,0.048741,5.233e-12
940,0.060352,-0.047150,0.407825,0.932016,0.080839,0.353286,0.043690,0.942635,-0.330954,-0.359774,0.323890,0.875019,-21.6357,-20.7147,-12.9447,-12.7288,-16.8546,-38.3932,53.5540,10.2545,47.4474,6.1144,34.6029,28.0410,1.236435,-0.005485,0.002831,0.923016,-0.337396,-0.636409,-0.044656,7.400e-10
941,-0.011869,-0.004733,0.392174,0.944274,-0.001012,-0.329158,0.002512,0.999988,0.004132,0.329150,-0.004729,0.944266,-30.3503,-43.1609,-29.3797,-58.1148,-29.5900,-42.8894,45.0392,33.2360,58.9168,53.5358,46.7448,32.6135,1.434096,-0.001873,0.000423,0.866039,0.440571,1.869838,-0.003553,1.035e-11
942,-0.010929,-0.000609,0.387932,0.965470,-0.031804,-0.258565,-0.031350,0.971123,-0.236511,0.258620,0.236451,0.936593,-30.8911,-41.6484,-30.7184,-59.8039,-28.4273,-54.2223,41.0786,32.3474,29.1836,58.9821,36.4742,51.5490,1.542215,-0.003306,-0.005022,0.865064,-1.334649,0.872502,0.010445,1.672e-11
943,-0.001751,-0.004602,0.380599,0.851380,-0.002147,0.524545,-0.003092,0.999954,0.009111,-0.524541,-0.009379,0.851334,-25.3290,-57.5583,-29.3850,-32.4255,-29.8248,-56.9818,49.8539,58.4861,28.9679,20.2291,19.8146,57.1738,2.775328,0.010495,0.000995,0.872815,0.357384,-3.562617,0.011998,5.346e-11
944,-0.021655,0.007865,0.393835,0.999509,-0.000520,0.031341,-0.000843,0.999056,0.043439,-0.031334,-0.043444,0.998564,-26.1524,-51.5556,-28.5597,-49.0194,-28.2025,-49.3044,43.6989,51.3799,7.3057,45.4541,18.8075,48.9328,0.735344,0.005919,-0.000830,0.875771,-0.185149,-1.296003,-0.005514,2.164e-11
945,-0.010813,-0.014819,0.400524,0.999054,0.013152,0.041459,-0.000502,0.956610,-0.291372,-0.043492,0.291076,0.955711,-23.5015,-33.3336,-23.8220,-38.9718,-23.5133,-48.6496,51.5555,27.2139,18.3013,34.4826,21.0232,47.3991,1.343888,0.000481,-0.000571,0.893687,-1.445837,-1.441646,0.005260,1.925e-11
946,-0.031571,0.033421,0.410526,0.970085,0.033495,-0.240445,0.030426,0.965852,0.257302,0.240853,-0.256921,0.935939,-13.6530,-29.9924,-20.9955,-34.2426,-15.5789,-16.3468,8.4746,24.5677,57.0440,27.5706,22.2696,13.9360,1.215685,0.005749,-0.005835,0.924586,1.480014,1.455807,-0.002621,1.202e-11
947,0.068177,0.041526,0.393408,0.838865,-0.124151,0.529992,-0.082407,0.933457,0.349095,-0.538065,-0.336519,0.772813,-24.9786,-49.0159,-19.9581,-13.3170,-17.4977,-29.9416,53.1015,40.9515,35.7790,4.5089,54.1380,19.4951,1.905481,-0.007203,-0.002598,0.906355,0.644639,-1.740485,0.042664,3.502e-12
948,0.010123,-0.004169,0.398999,0.988049,-0.000524,0.154139,-0.000566,0.999975,0.007030,-0.154139,-0.007033,0.988024,-23.7988,-47.8208,-24.0172,-40.6727,-24.4845,-47.4511,5.7203,49.9136,19.5296,39.7922,12.4692,48.8322,0.529096,0.001189,0.001067,0.891721,0.268705,-0.299033,0.002984,9.712e-12
949,0.026177,-0.002504,0.402635,0.911458,0.009228,0.411289,0.009812,0.998976,-0.044158,-0.411275,0.044283,0.910435,-19.9929,-40.3855,-19.6392,-22.4923,-19.6898,-42.7597,18.9746,40.1794,18.6070,17.4580,19.6236,43.1808,1.535732,-0.000509,0.000066,0.910964,-0.234285,-1.864898,0.000050,2.220e-12
950,0.067513,0.024001,0.412434,0.891703,-0.069533,0.447249,-0.028495,0.977545,0.208790,-0.451724,-0.198923,0.869698,-17.0294,-32.6266,-11.2162,-5.9369,-10.7984,-21.6830,24.4428,28.7260,14.6156,2.2983,38.9785,15.1291,1.273320,-0.005416,-0.000391,0.941547,0.056692,-0.695635,0.050521,9.944e-10
951,-0.067006,0.013105,0.391832,0.724968,0.058713,-0.686275,0.042259,0.990692,0.129398,0.687485,-0.122811,0.715739,-12.8294,-20.3411,-17.8746,-51.0386,-17.4006,-13.2517,11.3339,18.1062,16.8864,51.8402,24.1170,9.5645,2.468281,0.007271,-0.000717,0.927448,0.317968,3.027848,-0.011275,6.166e-12
952,0.023802,-0.006283,0.386166,0.807000,0.050019,0.588429,0.049235,0.987239,-0.151442,-0.588496,0.151185,0.794239,-22.7092,-46.4179,-24.2037,-22.1768,-23.8202,-54.8611,33.1176,45.3673,22.3693,12.6345,24.8160,56.7638,2.656769,0.002968,-0.000753,0.893444,-0.837165,-3.307074,0.000344,2.419e-11
953,-0.029692,-0.014968,0.401883,0.913665,-0.048849,-0.403521,-0.067337,0.960844,-0.268782,0.400851,0.272749,0.874601,-17.1324,-18.3417,-17.5034,-44.5583,-19.1046,-33.1582,14.4592,14.5776,4.8742,45.8923,31.7161,31.6467,1.909328,0.002051,0.002264,0.919091,-1.995827,1.888348,-0.006136,1.069e-11
954,-0.069570,0.012861,0.404664,0.837783,0.070786,-0.541395,0.014155,0.988412,0.151136,0.545820,-0.134282,0.827073,-14.6359,-20.9657,-17.8806,-43.2173,-19.6248,-13.3650,55.8023,15.0263,11.9608,37.3216,48.9345,2.9572,1.519791,0.004273,0.001481,0.921900,-0.263329,0.780375,-0.065962,1.061e-12
955,0.002645,-0.027350,0.391744,0.996594,0.001388,0.082448,0.001663,0.999317,-0.036923,-0.082443,0.036934,0.995911,-29.4704,-52.1350,-28.7886,-49.3874,-31.1519,-54.0508,32.8164,50.1069,56.6033,44.3843,12.1727,49.5287,0.746648,0.001261,0.005229,0.866033,1.317136,-0.310239,0.009279,1.230e-11
956,-0.046383,0.010280,0.406970,0.912333,-0.006124,-0.409404,0.037405,0.996954,0.068441,0.407738,-0.077755,0.909782,-18.0654,-26.0198,-22.2369,-42.9013,-19.0034,-21.9265,49.4031,16.3915,52.4259,36.9875,19.5286,15.2808,1.276827,0.003263,-0.003427,0.911102,0.944468,0.919560,0.041757,1.263e-11
957,0.025509,0.036025,0.396394,0.916947,-0.104772,0.385008,-0.046978,0.929852,0.364924,-0.396234,-0.352702,0.847702,-23.3033,-51.4860,-20.9471,-23.1031,-20.9133,-32.2381,54.6088,49.6929,4.9900,16.1224,44.0991,24.8773,2.028030,-0.003758,-0.000345,0.901977,0.387965,-2.713921,0.024086,1.496e-11
958,0.025702,0.050234,0.382728,0.937221,-0.120024,0.327430,-0.103515,0.800844,0.589859,-0.333018,-0.586722,0.738144,-27.3337,-62.8955,-26.9385,-29.7202,-24.7207,-29.4380,57.9325,57.8429,46.1519,18.3830,53.9616,17.5083,2.465388,-0.002270,-0.003041,0.881194,2.384535,-1.739353,0.007224,5.882e-12
959,-0.015483,-0.001837,0.396751,0.999994,-0.000213,0.003364,0.000718,0.988548,-0.150905,-0.003293,0.150907,0.988543,-23.2748,-43.0472,-25.4730,-46.8188,-24.0282,-50.9105,20.5101,44.0319,0.4572,47.9314,0.0534,56.0580,0.834847,0.004169,-0.003516,0.890986,-0.629837,-0.752702,0.011368,1.747e-11
960,-0.030588,0.001818,0.385452,0.954884,0.067368,-0.289237,0.069072,0.896843,0.436923,0.288835,-0.437189,0.851728,-25.7281,-54.2592,-23.5973,-55.7258,-27.6700,-30.2833,44.9187,58.1881,14.1445,57.5742,1.9117,21.9688,2.354688,-0.000016,0.009062,0.884428,2.514451,-0.052407,-0.060589,3.109e-11
961,0.003833,0.034259,0.385782,0.996231,-0.001019,-0.086734,0.002290,0.999891,0.014560,0.086710,-0.014704,0.996125,-32.2431,-55.7002,-32.9195,-59.2170,-28.8998,-54.9469,23.1504,50.6395,3.7388,59.5030,53.2851,54.8599,1.012315,-0.003842,-0.010099,0.859114,-1.346981,0.504600,0.016517,1.737e-11
962,-0.114908,0.009138,0.381341,0.621008,0.070441,-0.780633,0.013347,0.994859,0.100389,0.783691,-0.072761,0.616875,-10.6158,-14.7343,-20.6040,-52.9380,-21.5484,-9.9917,42.4956,8.7749,30.0392,43.9861,50.3877,1.4323,2.317065,0.010429,0.000604,0.920935,-0.080318,1.775378,-0.068573,3.526e-12
963,0.060049,0.059572,0.414351,0.953336,-0.061568,0.295565,-0.040657,0.943887,0.327757,-0.299160,-0.324480,0.897338,-16.3055,-30.2299,-12.3448,-7.5777,-4.6444,-12.7079,39.2920,21.4583,22.4947,7.2581,8.8595,8.7691,1.081200,-0.005740,-0.004964,0.950243,0.391857,-0.443238,0.025911,2.536e-10
964,0.012018,-0.000866,0.387467,0.999388,0.004551,0.034686,0.004902,0.963502,-0.267658,-0.034638,0.267664,0.962889,-32.6320,-47.4352,-33.2050,-52.9274,-30.6893,-61.5126,34.0047,37.0696,46.3404,46.6743,55.9192,58.5055,1.346932,-0.001707,-0.005322,0.855334,-1.560499,0.510119,-0.013083,1.530e-11
965,-0.026035,0.004321,0.414857,0.976924,0.022166,-0.212435,-0.008585,0.997872,0.064639,0.213416,-0.061323,0.975035,-15.2974,-26.0351,-17.1627,-34.0921,-19.6853,-22.7990,19.8342,23.2341,16.1654,27.9747,57.4713,15.7938,0.856277,0.003961,0.002676,0.921834,-0.699330,1.058747,-0.028698,1.130e-11
966,0.017163,0.049394,0.398194,0.978161,-0.062781,0.198139,-0.058508,0.831571,0.552329,-0.199442,-0.551859,0.809737,-18.8130,-50.4726,-19.0491,-25.5613,-17.2669,-19.8270,18.6246,52.0370,11.8291,21.8638,32.8707,14.7637,1.913954,-0.001052,-0.002516,0.917240,1.739540,-0.724064,0.002213,4.085e-12
967,0.030048,-0.029808,0.406577,0.960382,0.031161,0.276941,0.057054,0.950698,-0.304825,-0.272786,0.308549,0.911255,-19.3080,-27.9175,-18.9115,-23.5030,-20.3524,-44.4149,4.8911,22.9056,49.7989,15.8541,38.2354,42.3545,1.197621,0.000441,0.001861,0.912243,-0.851500,0.193847,0.020216,1.613e-11
968,-0.019274,0.020967,0.387993,0.979396,-0.003577,-0.201916,-0.002906,0.999490,-0.031804,0.201927,0.031735,0.978886,-32.3630,-50.6799,-33.4603,-60.6433,-31.0322,-52.3586,58.6089,41.8558,17.9649,56.4477,54.5486,47.1617,1.034401,-0.000256,-0.005265,0.854881,-1.368333,0.051761,0.020766,1.236e-11
969,0.063889,-0.078727,0.380929,0.854041,0.210193,0.475850,0.160290,0.763898,-0.625113,-0.494895,0.610146,0.618709,-23.8175,-19.7872,-15.0553,-12.6822,-20.7661,-56.4361,46.9590,9.6668,56.3289,4.4337,30.3608,49.6075,2.419192,-0.006662,0.005819,0.910516,-1.367288,-1.536550,-0.055101,3.300e-12
970,0.062649,0.089560,0.377099,0.870725,-0.177365,0.458671,-0.188426,0.741185,0.644314,-0.454240,-0.647446,0.611948,-23.4978,-56.3274,-22.8088,-13.3216,-12.2545,-17.5574,49.0977,46.5991,51.7384,5.5881,31.9738,10.1675,2.523974,-0.006749,-0.010226,0.912040,2.224354,-1.477369,-0.012196,2.587e-12
971,-0.001107,-0.012274,0.385882,0.997416,0.003110,-0.071770,0.002538,0.996914,0.078464,0.071792,-0.078443,0.994330,-34.9199,-59.0792,-33.2327,-60.2681,-35.4456,-54.9929,47.7604,53.7570,58.6310,54.6137,36.9242,45.6182,0.788028,-0.001494,0.004951,0.844820,1.037366,0.311292,-0.004349,2.208e-11
972,0.016858,0.053656,0.396801,0.986673,-0.033805,0.159166,-0.063095,0.822162,0.565745,-0.149986,-0.568248,0.809072,-19.6438,-50.4976,-21.5668,-27.4918,-17.8881,-18.9513,18.6717,48.6022,37.2290,21.1589,37.6589,12.6128,1.968393,0.000003,-0.004775,0.911216,2.234128,-0.023082,-0.021521,9.469e-12
973,0.005369,0.003272,0.388373,0.963441,0.017978,-0.267317,0.017011,0.991628,0.128001,0.267380,-0.127869,0.955069,-32.4188,-51.0233,-29.5144,-59.8833,-30.3859,-44.2992,29.2584,44.2101,50.1206,58.2817,49.6258,34.3981,1.601650,-0.005919,0.001787,0.861534,0.618375,2.074217,0.006202,2.106e-11
974,-0.004854,-0.056527,0.413887,0.999627,-0.005161,-0.026816,-0.004088,0.942620,-0.333841,0.027000,0.333826,0.942248,-18.3303,-15.4080,-15.5753,-25.4886,-22.1834,-33.0962,54.8162,5.5373,53.3801,13.5829,58.2612,19.8525,0.793931,0.000385,0.004021,0.916039,-0.338731,0.032250,0.001289,1.404e-10
975,-0.045408,-0.011356,0.395919,0.848994,-0.029034,-0.527605,-0.019820,0.996037,-0.086704,0.528031,0.084069,0.845054,-22.0997,-27.4237,-22.1680,-54.7880,-22.1389,-32.0186,51.2165,20.9471,24.3108,56.2357,5.5790,26.9188,1.620173,0.000039,-0.000006,0.900483,0.223567,1.096520,0.000209,9.593e-12
976,0.027878,-0.001014,0.385604,0.999260,-0.004478,0.038195,-0.002291,0.984500,0.175371,-0.038388,-0.175329,0.983761,-34.8145,-61.8124,-31.5314,-55.5379,-33.5837,-52.6750,18.1304,57.8517,59.1115,51.3354,53.2154,43.3949,1.143652,-0.005890,0.004585,0.850270,0.955014,1.249915,0.023092,1.586e-11
977,-0.126275,-0.028268,0.377643,0.577598,-0.043375,-0.815168,-0.115698,0.984157,-0.134346,0.808081,0.171911,0.563429,-4.1775,-1.4368,-14.1898,-49.3279,-19.8419,-11.3906,13.0265,1.6538,12.5051,43.2640,39.0657,7.2081,2.519643,0.013110,0.004594,0.942741,-0.679687,2.066954,-0.086158,2.116e-12
978,0.056316,-0.052531,0.402224,0.920430,0.098565,0.378277,0.063756,0.916880,-0.394039,-0.385673,0.386802,0.837640,-22.4226,-22.2865,-14.2576,-14.6801,-18.6409,-43.6427,51.8978,12.6878,45.3328,7.7474,34.2741,34.6117,1.506496,-0.005963,0.003889,0.917127,-0.697227,-1.052004,-0.038849,5.407e-12
979,-0.010752,0.000023,0.392607,0.967242,-0.031843,-0.251850,-0.032190,0.968708,-0.246109,0.251806,0.246154,0.935950,-26.8768,-36.5792,-26.8194,-54.6796,-24.5374,-49.6726,27.7404,30.0717,15.2686,56.4744,25.1972,49.9325,1.575629,-0.003003,-0.005013,0.882713,-1.489525,0.883517,0.011137,1.709e-11
980,0.010995,-0.065432,0.389273,0.989169,0.064174,0.132006,0.053985,0.677252,-0.733768,-0.136490,0.732947,0.666453,-15.2923,-8.6342,-12.6365,-23.1981,-16.3165,-51.6133,10.5372,5.7074,10.1445,23.1855,3.0942,56.4381,2.704163,-0.001279,0.005259,0.933191,-3.037062,-0.721720,-0.005350,4.819e-12
981,0.010066,-0.068218,0.384967,0.993261,0.048053,0.105469,0.037596,0.727203,-0.685392,-0.109632,0.684738,0.720496,-24.8092,-19.2532,-22.0201,-33.4776,-25.9489,-58.5715,52.1648,7.0909,57.6056,23.9850,40.5335,52.7831,2.300631,-0.001147,0.004912,0.890691,-2.313233,-0.532417,-0.007539,4.864e-12
982,0.053890,-0.018713,0.383545,0.730840,0.088835,0.676743,0.042869,0.983562,-0.175406,-0.681201,0.157206,0.715019,-24.9544,-43.5542,-21.9215,-14.1435,-21.4997,-52.5712,50.5651,37.5059,47.3512,3.9951,19.7996,49.6921,2.715146,-0.005159,-0.000259,0.896848,0.054662,-3.607106,-0.017623,6.423e-12
983,-0.019803,0.003216,0.391040,0.925133,0.011680,-0.379464,0.011380,0.998224,0.058472,0.379473,-0.058413,0.923357,-30.5472,-43.6287,-30.0143,-59.5978,-30.0978,-40.5140,54.3729,32.8229,54.7126,54.0312,55.0673,28.6915,1.505407,-0.001071,0.000157,0.864047,0.263486,1.809953,0.000086,7.780e-12
984,-0.027561,-0.027288,0.406720,0.961891,-0.045777,-0.269576,-0.028901,0.963343,-0.266711,0.271903,0.264337,0.925308,-15.5792,-18.8281,-18.2033,-38.4172,-21.7597,-32.9215,3.6147,14.8115,32.4675,32.1342,56.5519,28.4243,1.460087,0.006084,0.004350,0.916464,-1.520429,2.097577,0.011956,1.289e-11
985,0.009335,0.023569,0.393948,0.996595,-0.012607,0.081482,-0.013596,0.949584,0.313218,-0.081323,-0.313260,0.946179,-28.0337,-57.0525,-27.6672,-45.0440,-28.2817,-40.4758,29.3093,55.1927,27.8338,39.3592,53.4678,32.9845,0.976081,-0.000142,0.001231,0.874215,0.599262,0.068744,0.003048,1.112e-11
986,0.043241,0.003430,0.392564,0.835173,0.023776,0.549474,0.067051,0.987211,-0.144632,-0.545886,0.157635,0.822897,-22.4740,-42.3262,-22.0743,-20.7108,-22.6966,-51.1213,13.4098,39.9222,16.3632,11.7217,59.9726,50.4762,2.202654,-0.000303,0.000693,0.898876,-2.140512,-1.660025,-0.001559,3.491e-12
987,0.006355,-0.058537,0.421179,0.999116,0.010043,0.040823,0.007538,0.912518,-0.408967,-0.041359,0.408913,0.911636,-9.4747,-5.3555,-6.4188,-14.3921,-11.3597,-27.2528,10.9190,3.9471,18.5453,13.1859,3.3743,25.8522,0.998493,-0.000512,0.003762,0.959200,-0.420950,-0.057129,-0.003120,4.493e-10
988,0.054444,-0.009252,0.380392,0.726942,0.089969,0.680780,0.139532,0.951346,-0.274719,-0.672374,0.294696,0.679020,-23.2580,-41.2661,-22.4991,-16.0897,-23.4697,-58.5816,14.1168,37.7837,26.2860,5.0140,59.5415,58.8815,2.884970,-0.000699,0.001103,0.895674,-2.482934,-2.275201,-0.000669,7.808e-12
989,-0.015135,-0.036613,0.383831,0.959812,-0.092386,-0.265002,-0.086807,0.800224,-0.593386,0.266881,0.592543,0.760044,-24.3531,-19.1851,-24.3088,-49.0230,-25.4915,-52.6948,33.4971,7.6568,35.8493,44.7115,52.3156,49.3952,2.701050,0.000855,0.001674,0.888151,-3.336301,1.649752,-0.000156,7.357e-12
990,-0.015832,-0.002306,0.387056,0.972685,0.035063,-0.229464,0.033288,0.957239,0.287378,0.229728,-0.287167,0.929925,-29.8852,-56.0746,-27.5420,-58.9484,-30.8155,-40.7631,41.6303,56.1741,30.1983,58.6844,18.9259,32.1680,1.677652,-0.001797,0.007444,0.867748,1.664330,0.390111,-0.023598,1.830e-11
991,0.018350,-0.017589,0.387797,0.990467,-0.014299,-0.137009,-0.018468,0.971836,-0.234935,0.136509,0.235226,0.962307,-31.4799,-44.8279,-28.6980,-57.2412,-27.9771,-57.1453,7.7435,39.0917,45.2405,59.6529,22.0429,55.9352,1.412227,-0.008717,-0.001669,0.867922,-0.271914,1.500998,-0.033744,1.366e-11
992,-0.000834,-0.069258,0.414730,0.997310,0.008765,-0.072774,-0.039724,0.899012,-0.436118,0.061602,0.437836,0.896942,-15.0654,-6.9476,-9.4342,-21.7413,-16.5575,-30.5107,49.2049,0.3570,27.9443,17.5406,22.9091,21.5945,1.121351,-0.001510,0.004710,0.938554,-0.428319,-0.128742,-0.061325,3.757e-10
993,0.010677,-0.012755,0.407033,0.995216,0.003339,0.097638,0.019381,0.972804,-0.230818,-0.095754,0.231606,0.968086,-20.8518,-30.0129,-19.9205,-31.7527,-22.1160,-42.1718,22.1020,25.2891,18.0168,25.9035,55.7455,38.1616,1.132065,0.000203,0.003028,0.905578,-2.057115,0.107827,0.007519,1.091e-11
994,0.078538,-0.004987,0.397186,0.807429,0.011095,0.589861,0.012809,0.999258,-0.036330,-0.589826,0.036889,0.806687,-24.1954,-36.9904,-16.0305,-9.6160,-16.6785,-39.0355,53.0917,28.7999,34.3702,3.1511,36.5569,30.6044,1.783023,-0.008932,0.000633,0.914628,-0.140937,-2.001572,0.001793,3.918e-12
995,-0.003150,0.036651,0.425137,0.997809,-0.001412,-0.066146,0.017848,0.968451,0.248563,0.063708,-0.249199,0.966355,-11.1148,-22.3877,-11.5886,-18.7679,-8.1796,-9.2951,28.2719,18.6634,7.7907,17.7789,13.2846,6.1524,0.660442,-0.001043,-0.002543,0.953759,0.280070,-0.113037,0.024004,3.285e-10
996,0.021239,0.014532,0.396016,0.978157,-0.021697,0.206732,-0.022558,0.977584,0.209334,-0.206640,-0.209425,0.955741,-26.1292,-54.8024,-25.8450,-39.8457,-26.3985,-43.7524,10.2275,55.1091,26.9235,35.4389,42.7475,40.1188,0.846746,-0.000023,0.001161,0.882625,0.440832,0.008647,0.005002,1.876e-11
997,-0.021775,-0.007898,0.397085,0.948618,-0.003549,-0.316405,-0.000432,0.999922,-0.012513,0.316425,0.012006,0.948542,-25.8913,-39.2131,-25.0765,-54.0057,-25.4940,-39.8308,40.9136,34.4324,30.6198,54.0553,15.1304,34.6909,1.069574,-0.001393,0.000851,0.885453,0.481922,0.781818,-0.006305,1.736e-11
998,0.018087,-0.004449,0.391908,0.930657,-0.017247,0.365487,-0.020142,0.994959,0.098239,-0.365339,-0.098788,0.925618,-26.6528,-55.5471,-27.4084,-36.0533,-28.4865,-50.2426,26.8717,54.9553,44.9544,27.4063,29.8842,46.7108,1.535014,0.003021,0.002231,0.876248,0.995425,-1.328108,0.011518,1.396e-11
999,-0.004781,0.070474,0.419490,0.995914,-0.002677,-0.090265,0.039471,0.911924,0.408457,0.081221,-0.410351,0.908303,-11.1260,-25.1260,-13.7014,-18.0259,-5.7646,-3.1373,35.1066,18.1896,15.6657,15.9435,14.3384,0.0362,1.030807,-0.000898,-0.004712,0.954238,0.279817,-0.045753,0.055393,2.166e-10
1000,0.000301,-0.019114,0.383746,0.998637,-0.018652,-0.048752,-0.015037,0.791586,-0.610872,0.049985,0.610772,0.790227,-24.2501,-23.6926,-24.8663,-43.2212,-23.4055,-57.8491,26.0496,13.8090,16.9120,40.1129,48.1121,59.7952,2.892523,-0.000315,-0.002890,0.890459,-4.098982,0.497674,-0.003940,2.925e-11
1001,-0.012475,-0.020547,0.391481,0.956271,0.040848,0.289615,0.028073,0.972809,-0.229901,-0.291131,0.227978,0.929123,-24.4803,-43.6100,-27.0615,-36.1421,-26.6735,-55.5680,59.6275,40.2786,30.0695,27.7995,3.8550,56.2261,2.030732,0.005560,-0.000567,0.882372,-0.199593,-3.112923,0.034983,2.591e-11
1002,0.004028,-0.015966,0.387686,0.996385,-0.021376,-0.082219,-0.016846,0.898886,-0.437859,0.083265,0.437662,0.895276,-29.6354,-35.3942,-29.9321,-51.0982,-27.9784,-58.9459,34.4049,23.5514,46.9351,45.9742,48.7218,56.4931,1.946214,-0.001592,-0.003804,0.868605,-2.187195,0.939773,-0.009987,1.944e-11
1003,-0.026327,0.003349,0.391718,0.857523,0.036629,-0.513140,0.051006,0.986493,0.155657,0.511911,-0.159653,0.844073,-22.4289,-34.8517,-23.6181,-54.7355,-22.9842,-26.0411,16.2426,29.0097,55.3888,53.9722,28.3290,18.4498,2.382552,0.001462,-0.000800,0.895842,1.593029,3.325580,-0.001998,4.741e-12
1004,-0.006019,-0.040435,0.384582,0.990049,-0.047888,-0.132327,-0.044285,0.786528,-0.615965,0.133576,0.615696,0.776580,-25.9717,-24.4886,-26.2782,-48.3165,-24.9851,-59.0911,33.4215,13.5348,48.6232,45.5720,16.9635,59.8785,2.294872,-0.000798,-0.002510,0.884102,-2.006910,0.645679,-0.004235,1.524e-11
1005,0.020464,0.014491,0.386893,0.809218,-0.096470,0.579533,-0.081377,0.958514,0.273184,-0.581845,-0.268226,0.767796,-19.7978,-52.5419,-19.4524,-16.5780,-19.5145,-37.5020,44.1818,56.5805,6.2590,10.5127,0.5522,37.0815,3.020143,-0.000279,0.000046,0.910791,1.516517,-4.377275,-0.009242,1.702e-11
1006,-0.015636,-0.020498,0.414203,0.990344,-0.001603,-0.138623,-0.018955,0.988977,-0.146849,0.137331,0.148059,0.979397,-18.1319,-22.6851,-16.7754,-32.7845,-20.8377,-30.4218,42.1079,17.1071,19.1065,26.6598,50.5919,21.8546,0.710740,0.000850,0.004242,0.916466,-1.069923,0.220175,-0.016873,2.051e-11
1007,0.000160,0.015990,0.394956,0.999470,-0.006478,0.031913,-0.004450,0.943647,0.330923,-0.032258,-0.330889,0.943118,-28.5258,-54.4366,-28.5232,-44.1887,-28.5061,-36.9105,55.0698,48.2095,56.4585,34.9964,43.9876,25.5907,1.385902,0.000009,0.000091,0.871658,1.931254,-0.333227,-0.000244,1.666e-11
1008,-0.003142,-0.024082,0.429539,0.994338,0.003454,-0.106204,-0.019104,0.988996,-0.146701,0.104529,0.147900,0.983463,-9.8568,-8.6319,-6.1569,-17.2439,-8.8061,-16.3548,31.2249,6.2867,0.2055,18.7710,0.8973,12.8419,0.602195,-0.001844,0.001811,0.962841,-0.153906,-0.152181,-0.028816,1.775e-10
1009,0.035844,0.013871,0.383413,0.729622,-0.083629,0.678718,-0.059313,0.981015,0.184638,-0.681274,-0.174973,0.710810,-20.3427,-50.0110,-18.0906,-11.0043,-17.9917,-40.0195,50.2749,52.3999,0.4429,5.0778,5.0077,39.6281,3.207860,-0.003941,-0.000380,0.914064,0.732450,-4.957390,-0.007072,5.955e-12
1010,0.047856,0.081313,0.401414,0.954135,-0.083967,0.287361,-0.076107,0.860297,0.504081,-0.289542,-0.502831,0.814448,-20.8331,-42.4813,-20.4468,-14.6639,-11.8308,-14.5865,50.8410,29.9132,47.6647,5.6097,52.2017,5.0107,1.444283,-0.003453,-0.005513,0.920540,0.515663,-0.321089,0.009486,3.229e-10
1011,0.018415,-0.035212,0.394319,0.915192,0.099419,0.390562,0.052274,0.931625,-0.359641,-0.399613,0.349557,0.847420,-23.2136,-34.6099,-22.3445,-25.1684,-22.1337,-53.6211,50.4248,28.4897,44.4252,17.6910,2.2369,53.3144,2.120175,-0.001574,-0.000040,0.898162,-0.289627,-2.825147,-0.003597,1.252e-11
1012,0.002000,0.030337,0.376646,0.979458,0.086956,-0.181937,0.062562,0.726682,0.684119,0.191698,-0.681448,0.706314,-24.6560,-58.0887,-23.8593,-48.2387,-25.0502,-18.8531,13.6151,59.2528,51.0057,46.0298,34.3433,7.0723,3.294292,-0.000851,0.002216,0.888676,4.056566,2.077189,0.025453,3.285e-11
1013,0.028469,0.017769,0.379154,0.787535,-0.070103,0.612270,-0.050736,0.982761,0.177784,-0.614178,-0.171075,0.770402,-28.4894,-61.1905,-29.1131,-26.4710,-29.3348,-51.6990,58.8134,57.5236,35.0935,11.6071,58.4111,44.9832,2.730456,0.001665,0.000172,0.869107,0.082878,-3.520460,-0.013440,1.963e-11
1014,0.021608,0.044650,0.415417,0.989031,-0.037088,0.142978,-0.017849,0.930862,0.364934,-0.146627,-0.363483,0.919990,-17.1468,-35.0637,-16.0834,-18.6057,-14.2073,-15.6367,37.3154,29.2462,20.2513,11.7829,53.8189,6.5738,0.964036,-0.001794,-0.001468,0.928963,0.201125,-0.245086,0.023050,5.060e-10
1015,0.023814,-0.025195,0.391187,0.904955,0.102028,0.413095,0.101786,0.890736,-0.442978,-0.413155,0.442922,0.795690,-20.9132,-30.7475,-20.4539,-23.1453,-20.8143,-55.4758,26.4236,26.9799,15.9066,17.2914,24.6924,58.4449,2.471956,-0.000401,0.000443,0.906282,-2.399287,-2.201731,-0.000129,7.340e-12
1016,-0.030716,0.040006,0.423848,0.978319,0.025843,-0.205485,0.029024,0.965285,0.259583,0.205060,-0.259919,0.943606,-6.2329,-19.0712,-11.4124,-21.6001,-6.7714,-5.3097,3.2632,18.7175,7.8166,21.2889,1.6006,6.9342,0.843227,0.002790,-0.003914,0.963441,0.523744,0.374059,0.004048,1.737e-11
1017,0.074795,-0.065092,0.412215,0.934997,0.082269,0.344983,0.049088,0.933341,-0.355618,-0.351243,0.349436,0.868633,-17.7365,-11.3269,-5.3327,-4.4477,-12.4672,-30.4503,45.4015,3.2860,33.4406,1.2061,29.6634,18.7745,1.179415,-0.003942,0.002810,0.946898,0.091111,0.143904,-0.044789,8.648e-11
1018,0.034960,-0.052253,0.376544,0.888389,0.168378,0.427099,0.157175,0.762542,-0.627555,-0.431347,0.624643,0.650969,-23.9619,-24.0242,-17.8758,-20.4215,-23.1377,-60.8831,57.3600,16.8785,6.8157,13.2916,47.6065,57.6707,3.169711,-0.005320,0.007160,0.901351,-3.901712,-2.859074,-0.002044,7.500e-12
1019,-0.041771,-0.047585,0.390972,0.868602,-0.150373,-0.472143,-0.155217,0.822317,-0.547451,0.470573,0.548802,0.690925,-14.0791,-4.6765,-14.5331,-44.2778,-17.1195,-36.5565,14.2789,0.5252,8.9143,47.7238,4.2974,38.3420,2.591252,0.002924,0.003687,0.931028,-2.292878,1.830335,-0.003499,4.197e-12
1020,0.011642,0.009622,0.402129,0.998506,0.002830,0.054561,-0.021595,0.937779,0.346559,-0.050185,-0.347220,0.936440,-20.0398,-45.3446,-21.1717,-33.9045,-19.8296,-26.9349,5.1135,44.9406,59.9044,30.4332,6.1022,22.8921,1.805932,0.000628,-0.001989,0.907944,3.264749,0.781086,0.001850,8.164e-10
1021,-0.016661,0.017625,0.391605,0.954416,-0.014266,-0.298137,-0.017238,0.994556,-0.102771,0.297980,0.103226,0.948974,-28.4552,-41.0586,-28.5702,-57.3989,-26.1668,-46.5756,40.5666,33.4390,7.9681,57.5037,45.1266,43.6706,1.532102,-0.002578,-0.005133,0.875242,-1.763756,0.849704,0.028354,1.772e-11
1022,-0.027086,-0.028280,0.386494,0.881982,-0.117060,-0.456513,-0.106510,0.894089,-0.435041,0.459089,0.432322,0.776102,-22.1802,-18.6035,-23.0476,-53.1131,-24.4304,-42.8924,19.9629,8.8721,37.0847,50.5269,53.1851,38.4492,2.660721,0.002531,0.002036,0.894795,-2.502930,3.013130,0.000437,6.261e-12
1023,-0.040832,0.030343,0.396869,0.907514,0.081561,-0.412027,0.113251,0.897119,0.427027,0.404466,-0.434196,0.804911,-18.5413,-38.9759,-18.9654,-46.3319,-18.1697,-14.8236,43.5548,38.9834,0.9411,48.9621,4.9738,8.8233,2.002364,0.000177,-0.001135,0.916413,1.871550,0.386421,0.008496,1.988e-11
1024,-0.007810,0.007906,0.385626,0.972126,0.034661,-0.231883,0.034485,0.957118,0.287638,0.231909,-0.287617,0.929244,-33.6763,-57.7426,-31.6429,-60.7713,-33.4225,-42.4307,53.8090,51.0794,54.0393,55.3195,51.8131,29.0022,1.594846,-0.002636,0.003561,0.851975,1.447852,1.070136,-0.001503,1.624e-11
1025,0.016197,-0.006482,0.402055,0.935170,0.031650,0.352782,0.032262,0.984248,-0.173825,-0.352727,0.173937,0.919418,-18.0333,-37.4298,-19.3739,-25.7681,-18.7185,-46.7261,0.3127,40.0669,4.9377,24.1184,5.3665,52.9213,1.552184,0.002427,-0.001370,0.915798,-0.850227,-1.500752,-0.001474,1.085e-11
1026,-0.120309,0.006129,0.395164,0.776575,0.011919,-0.629912,0.011217,0.999401,0.032739,0.629925,-0.032489,0.775976,-7.8819,-12.2481,-21.4828,-42.0052,-20.7276,-10.4165,43.1420,3.7590,56.4016,25.6047,55.8612,2.3686,1.539979,0.007622,-0.000378,0.925182,0.013387,0.265075,-0.000857,1.340e-11
1027,-0.047177,0.121003,0.410855,0.988159,0.042472,-0.147440,0.025277,0.902736,0.429452,0.151339,-0.428094,0.890972,-3.2718,-18.5397,-19.4381,-13.9567,-0.7537,4.5896,14.3111,6.0277,56.7853,3.3597,11.9927,0.2846,1.069190,0.001275,-0.003099,0.965015,-1.104366,-0.470879,-0.023826,3.023e-10
1028,-0.022572,0.035356,0.383106,0.865898,0.130300,-0.482951,0.110806,0.891529,0.439202,0.487793,-0.433818,0.757536,-26.0717,-47.3046,-24.8882,-59.0639,-25.4656,-22.8806,33.3414,43.7662,17.6712,59.7298,52.9501,11.4894,2.539932,-0.002082,0.000917,0.885146,0.991807,2.528564,0.016106,1.648e-11
1029,-0.006121,0.009243,0.386015,0.950597,-0.049417,-0.306470,-0.050894,0.949081,-0.310895,0.306228,0.311133,0.899678,-28.9217,-35.1438,-28.7219,-57.7269,-25.1853,-51.9351,28.6872,24.8882,15.5621,58.8798,48.2563,51.1416,2.321058,-0.004747,-0.007572,0.875532,-2.611819,1.598155,0.021998,3.852e-11
1030,-0.017701,-0.027581,0.410788,0.983305,-0.023420,-0.180449,-0.034354,0.949953,-0.310497,0.178690,0.311512,0.933290,-15.9572,-17.8178,-15.3909,-34.3193,-17.3364,-34.3710,23.2987,14.6422,10.3955,34.1779,13.9433,33.5132,1.167120,0.000663,0.002626,0.926992,-1.302526,0.334739,-0.007836,5.434e-12
1031,0.004952,-0.003856,0.409744,0.999728,-0.002151,-0.023216,0.001340,0.999390,-0.034895,0.023277,0.034855,0.999121,-20.4591,-33.6889,-21.7971,-35.6402,-21.7361,-35.4968,8.9377,28.5330,49.2325,29.4043,42.9991,30.9478,0.509967,0.002061,-0.000074,0.904062,0.043963,1.362907,0.001825,8.475e-12
1032,-0.038726,-0.034004,0.409920,0.955379,-0.056828,-0.289863,-0.031933,0.955697,-0.292616,0.293650,0.288816,0.911238,-16.9717,-15.3862,-19.4787,-36.7276,-20.5996,-30.8969,47.5558,5.0131,58.1914,27.8954,29.7721,23.6020,1.075509,0.003152,0.001024,0.914556,-0.194788,0.593008,0.027567,9.282e-12
1033,0.003108,0.049920,0.404031,0.999834,0.004135,0.017748,-0.012680,0.857329,0.514612,-0.013088,-0.514752,0.857239,-16.9428,-44.0904,-18.5161,-29.4133,-16.3465,-15.9975,12.3970,44.5744,13.5033,26.3881,35.9387,11.0929,1.577866,0.000708,-0.002901,0.922303,1.401272,0.336006,-0.012780,1.499e-11
1034,0.030684,0.013941,0.397158,0.975872,-0.022959,0.217132,-0.030325,0.970567,0.238916,-0.216227,-0.239736,0.946453,-25.7956,-53.5775,-25.0979,-37.3564,-25.7227,-40.8987,3.3421,52.7468,40.2576,31.8859,49.7443,35.5607,1.097472,-0.000905,0.001206,0.885208,0.814136,0.642746,0.011250,1.851e-11
1035,-0.026788,-0.023151,0.394239,0.884405,-0.076453,-0.460416,-0.065292,0.956524,-0.284251,0.462131,0.281455,0.840963,-22.1334,-23.5070,-21.8924,-53.1972,-21.7107,-38.9161,26.2722,16.5215,32.4457,55.4092,11.0411,36.6554,1.994288,-0.000829,-0.000291,0.901303,-0.638353,2.046298,-0.003815,7.442e-12
1036,0.005841,0.008241,0.401042,0.999593,0.002190,-0.028434,0.001246,0.992742,0.120258,0.028491,-0.120244,0.992335,-24.3796,-46.1445,-23.6585,-44.3017,-23.9625,-39.8835,12.4217,45.7645,19.2963,43.9224,27.8710,37.2823,0.525886,-0.001377,0.000632,0.892157,0.264975,0.581299,0.003088,5.600e-12
1037,-0.004516,0.055580,0.389352,0.983127,0.089885,-0.159316,0.036003,0.758825,0.650299,0.179345,-0.645062,0.742785,-19.6562,-50.3202,-21.6039,-40.8696,-20.3893,-13.6824,6.6015,50.9896,22.8683,37.8417,52.1440,5.2555,2.460546,0.001993,-0.001963,0.907219,2.085327,1.884663,-0.018261,1.594e-11
1038,0.043173,0.040622,0.404589,0.919334,-0.085353,0.384109,-0.067143,0.927843,0.366877,-0.387707,-0.363073,0.847267,-18.0180,-41.8205,-15.3135,-13.4915,-11.3103,-21.9082,33.5109,39.7980,15.1304,11.8698,5.3229,19.2482,1.776244,-0.006392,-0.004809,0.932851,1.458071,-1.916757,0.014996,5.299e-12
1039,0.017033,-0.013925,0.405587,0.947210,0.024407,0.319685,0.008406,0.994865,-0.100861,-0.320505,0.098224,0.942140,-19.5684,-36.7950,-19.2223,-24.6819,-19.0380,-41.9659,25.3857,35.7789,27.2030,20.8157,1.1846,42.6968,1.347825,-0.000728,-0.000204,0.913196,0.397526,-1.854217,-0.001687,8.831e-10
1040,0.003189,0.020425,0.396978,0.995979,-0.001797,0.089566,-0.000016,0.999795,0.020243,-0.089584,-0.020163,0.995775,-27.2176,-48.9195,-28.2741,-44.3700,-26.9346,-47.8759,34.2555,44.3306,14.8790,38.8180,54.2993,44.7128,0.693408,0.000888,-0.002713,0.876475,-1.277791,-0.407605,-0.005779,1.809e-11
1041,0.016695,0.000667,0.395612,0.998823,0.004983,-0.048256,0.002573,0.987869,0.155266,0.048444,-0.155208,0.986693,-28.2955,-50.5538,-26.2484,-48.7194,-27.4495,-42.4736,12.0996,47.7790,46.6563,46.5020,38.6175,35.7877,1.072568,-0.003456,0.002446,0.877062,1.008489,1.450305,0.009581,1.310e-11
1042,-0.000197,0.066882,0.403278,0.999809,-0.018594,-0.006070,0.018436,0.792188,0.609998,-0.006534,-0.609994,0.792379,-13.5747,-40.7331,-14.9930,-23.4412,-9.6147,-6.6482,20.4011,41.7804,0.7243,24.5629,4.0689,4.7073,1.942374,-0.001645,-0.006606,0.942591,2.046902,-0.489406,0.033922,1.065e-11
1043,-0.028109,-0.019295,0.375996,0.853807,-0.152436,-0.497772,-0.173073,0.818665,-0.547571,0.490978,0.553671,0.672599,-23.2485,-15.1849,-22.9071,-56.1530,-22.4556,-47.6917,28.7495,4.4387,10.4018,58.3364,43.5869,46.9751,3.400828,-0.001045,-0.001226,0.896042,-3.934622,2.483921,0.020742,2.976e-11
1044,-0.073326,-0.016832,0.395863,0.832141,-0.050270,-0.552281,-0.031533,0.989983,-0.137622,0.553667,0.131936,0.822220,-14.0279,-17.5044,-22.1368,-47.6728,-23.6958,-24.8540,16.4148,10.5713,56.9881,37.0526,57.9878,18.0512,1.854306,0.010496,0.001682,0.910066,-0.423153,2.556945,0.016295,6.295e-12
1045,0.000486,0.003453,0.389757,0.943780,-0.050259,0.326731,-0.047462,0.957534,0.284386,-0.327149,-0.283905,0.901316,-25.3070,-57.4485,-26.1281,-34.5907,-27.5293,-42.2092,53.2730,58.0756,36.0693,25.6825,15.6543,36.5827,2.242172,0.003461,0.002722,0.881138,2.081302,-2.676014,-0.003461,2.641e-11
1046,0.015660,-0.053420,0.410061,0.996771,0.033669,0.072903,-0.001332,0.914662,-0.404216,-0.080292,0.402814,0.911753,-20.7219,-17.3122,-15.7812,-24.4593,-19.8968,-38.9051,58.7273,6.6560,48.7965,16.9548,32.6107,29.2340,1.093775,-0.002739,0.003464,0.915535,-0.576938,-0.449542,-0.039789,2.027e-11
1047,0.065055,0.089823,0.368404,0.812446,-0.276245,0.513441,-0.241505,0.642082,0.727603,-0.530667,-0.715136,0.454942,-21.0011,-60.5971,-18.9487,-8.3183,-12.0456,-14.6154,29.4145,58.3256,19.2040,2.4219,42.6703,7.8991,3.041825,-0.006898,-0.007774,0.921750,2.125274,-1.858459,0.036995,4.317e-12
1048,0.024559,0.011531,0.405828,0.953253,-0.026513,0.301009,-0.047211,0.970843,0.235023,-0.298464,-0.238247,0.924207,-18.7679,-43.5438,-18.9317,-23.4344,-17.5325,-30.8325,12.9610,43.8927,35.5462,19.5113,7.3707,29.2798,1.488597,-0.000980,-0.001994,0.917029,1.886118,-0.988331,-0.007382,1.302e-11
1049,-0.073332,-0.058522,0.388514,0.818520,-0.117022,-0.562434,-0.159972,0.893880,-0.418794,0.551756,0.432765,0.712938,-12.9928,-5.6839,-15.6684,-45.6892,-23.9972,-30.4586,27.4525,1.6042,21.6516,39.0570,55.5064,22.8429,2.246727,0.008200,0.008323,0.920852,-1.878603,1.893225,-0.042106,3.243e-12
1050,0.059867,-0.022314,0.387287,0.713225,0.108735,0.692450,0.067264,0.972717,-0.222028,-0.697700,0.204933,0.686452,-20.1006,-36.5267,-16.3137,-7.3605,-16.4027,-48.4586,27.0412,34.5454,27.5953,1.6662,5.4074,49.8347,2.716493,-0.005978,0.000407,0.920246,-0.311096,-3.384008,-0.021698,5.302e-12
1051,-0.032571,0.006299,0.414040,0.972293,-0.005130,-0.233709,0.011027,0.999653,0.023936,0.233505,-0.025850,0.972012,-15.3513,-24.8292,-20.7788,-34.7694,-18.4033,-23.4915,23.0986,17.3069,57.2325,26.2066,33.2646,18.6478,0.778346,0.004878,-0.002325,0.918276,0.518570,1.101065,0.016090,7.716e-12
1052,-0.021029,-0.049422,0.421268,0.998747,-0.031595,0.038819,0.040996,0.961337,-0.272305,-0.028715,0.273555,0.961428,-8.5895,-11.3907,-12.3177,-17.1703,-18.2804,-25.8546,0.4563,9.0727,49.1797,4.0195,55.0381,20.0557,0.989106,0.004208,0.003408,0.941390,-0.189480,0.198716,0.090871,3.356e-10
1053,-0.002760,-0.022725,0.394311,0.989955,0.001674,0.141372,-0.000436,0.999961,-0.008790,-0.141381,0.008640,0.989917,-27.5210,-50.4610,-27.8691,-44.3097,-29.6168,-50.8880,43.1930,48.1289,53.1601,37.4736,10.2751,46.4225,1.043398,0.002881,0.003629,0.872540,1.444425,-1.122239,0.012155,1.567e-11
1054,-0.060653,-0.011362,0.413730,0.917356,0.007565,-0.397995,-0.024615,0.998984,-0.037747,0.397305,0.044424,0.916611,-9.6251,-14.6760,-14.6357,-34.2272,-17.7723,-16.9665,16.1360,12.7490,19.9960,27.4821,43.7620,11.6559,1.115328,0.006615,0.002643,0.937043,-0.413671,1.061569,-0.036263,9.882e-12
1055,0.002765,-0.008943,0.400899,0.999982,0.000002,0.006081,0.000263,0.999049,-0.043600,-0.006076,0.043601,0.999031,-27.5408,-43.0935,-27.5342,-43.9529,-27.5409,-45.3597,43.3875,34.7840,59.5526,35.8943,40.0099,37.7034,0.261326,-0.000020,0.000040,0.876266,0.458440,0.220034,-0.000019,7.782e-10
1056,0.002919,0.057877,0.392629,0.998671,0.042798,-0.028704,-0.013274,0.751864,0.659185,0.049793,-0.657928,0.751433,-17.2867,-49.4983,-20.2418,-33.2980,-17.4093,-12.2141,0.2194,50.9297,28.1920,29.8537,37.8532,6.4461,2.394111,0.002189,-0.004097,0.917254,2.579164,1.265032,-0.029918,6.393e-12
1057,0.007228,-0.005881,0.396198,0.905198,0.043253,0.422784,0.041048,0.981258,-0.188275,-0.423004,0.187780,0.886457,-18.5031,-39.9305,-21.0269,-25.1951,-20.1149,-50.0537,15.4029,42.5820,1.1494,21.4696,2.6228,56.8342,2.150901,0.005039,-0.001896,0.910295,-0.967228,-2.601116,0.004325,2.500e-11
1058,-0.097102,0.031289,0.384238,0.675055,0.102418,-0.730624,0.105876,0.966618,0.233323,0.730131,-0.234861,0.641677,-9.7282,-20.0754,-20.8657,-50.5772,-17.2501,-6.1808,18.4345,15.5681,36.5179,45.2399,29.4493,2.2958,2.453068,0.011120,-0.003709,0.928065,0.837048,2.517263,0.004355,3.797e-12
1059,-0.005666,0.038534,0.393368,0.999809,-0.018673,0.005737,0.011747,0.809383,0.587164,-0.015608,-0.586985,0.809448,-20.5749,-51.3120,-20.8600,-34.2155,-18.9339,-18.7433,40.7481,51.6985,26.3335,31.7394,6.6136,12.1273,2.392171,-0.000940,-0.002862,0.908928,3.282112,-0.911448,0.004401,9.062e-10
1060,-0.019533,0.025192,0.398082,0.939822,0.070241,-0.334365,0.047037,0.942721,0.330250,0.338410,-0.326104,0.882686,-20.4172,-39.4628,-23.1393,-46.5221,-21.8825,-21.8551,11.5329,35.3973,47.4930,42.6230,42.9315,14.2773,1.933975,0.003324,-0.001874,0.901472,1.547100,2.604569,-0.007331,3.935e-12
1061,-0.061124,0.019739,0.397559,0.804077,0.063827,-0.591089,0.062499,0.979637,0.190802,0.591231,-0.190362,0.783714,-13.5901,-24.0838,-19.0242,-47.4505,-17.3492,-13.4068,17.3617,20.8140,25.7276,46.1360,23.5732,9.1885,2.081774,0.006611,-0.002091,0.924835,0.760104,2.400963,-0.000576,7.431e-12
1062,-0.060468,-0.057487,0.405976,0.920331,-0.108228,-0.375870,-0.062863,0.907537,-0.415240,0.386056,0.405786,0.828431,-9.5890,-4.2751,-13.9043,-33.8624,-18.7183,-26.7902,19.1768,0.0528,40.0009,26.4782,26.4274,22.9172,1.505864,0.006333,0.004058,0.936795,-0.601600,0.917171,0.053820,1.646e-11
1063,-0.036270,-0.016012,0.412739,0.940286,-0.020607,-0.339762,-0.032700,0.988080,-0.150425,0.338812,0.152553,0.928404,-15.4672,-17.7523,-15.5286,-37.4314,-16.6539,-25.8597,40.8561,13.2609,12.0124,37.1495,9.2612,22.2804,0.982172,0.000875,0.001349,0.928628,-0.445101,0.288772,-0.011332,8.542e-12
1064,0.021504,-0.011905,0.407397,0.979409,0.014524,0.201365,0.031916,0.973728,-0.225466,-0.199350,0.227250,0.953214,-19.1232,-30.9054,-18.8443,-27.8082,-19.5656,-42.8949,2.5359,28.6526,20.6806,24.0798,35.7386,43.2098,1.130885,0.000086,0.001054,0.913719,-1.468106,0.067713,0.004964,1.897e-11
1065,-0.098051,0.023056,0.376204,0.590666,0.119602,-0.798003,0.076410,0.976220,0.202869,0.803290,-0.180803,0.567481,-9.1471,-18.0009,-19.8321,-54.8015,-18.6048,-6.7494,3.1336,15.7430,29.8079,51.0420,38.6871,2.8023,2.931190,0.013257,-0.001710,0.928080,0.516403,3.631752,-0.034308,6.260e-12
1066,0.053016,0.034160,0.418485,0.956023,-0.023820,0.292321,-0.029860,0.983612,0.177807,-0.291766,-0.178717,0.939645,-16.4719,-27.8116,-12.6787,-9.6718,-7.5502,-18.3481,36.9223,19.7178,28.5536,7.8081,11.4881,14.1171,0.851459,-0.005185,-0.003608,0.945088,0.368343,-0.532163,-0.007532,4.922e-10
1067,-0.030418,-0.036321,0.405574,0.950727,-0.050281,-0.305926,-0.069915,0.926571,-0.369564,0.302044,0.372744,0.877400,-13.6429,-12.2592,-13.6805,-36.5371,-19.0418,-32.4499,8.7004,10.7948,0.2995,35.1822,42.7786,29.9510,1.777042,0.004053,0.006713,0.930135,-2.408003,1.480803,-0.013949,8.928e-12
1068,0.018614,-0.061017,0.395122,0.981206,0.057250,0.184274,0.068946,0.787916,-0.611911,-0.180224,0.613115,0.769161,-17.9255,-14.8537,-14.0554,-23.3228,-19.6954,-49.4099,22.0530,10.7251,15.6000,19.3762,32.7543,48.0673,2.227631,-0.001604,0.007150,0.922165,-2.785137,-0.637704,0.009008,6.886e-12
1069,0.079548,-0.044511,0.388301,0.776939,0.171248,0.605839,0.092535,0.920783,-0.378940,-0.622739,0.350474,0.699546,-21.8701,-25.2587,-9.8381,-4.4566,-13.2757,-45.8249,57.0841,20.0530,6.5513,4.2880,2.5910,42.1738,2.482909,-0.012980,0.004278,0.932096,-1.144515,-3.212785,-0.061546,5.419e-12
1070,-0.040351,-0.002633,0.428231,0.993994,-0.005687,-0.109286,0.002416,0.999546,-0.030042,0.109407,0.029597,0.993556,-5.5982,-11.9829,-12.7233,-17.6936,-12.5327,-13.5382,4.1346,8.7438,40.9044,7.1624,35.6507,10.9996,0.479442,0.003752,-0.000077,0.953847,-0.001749,0.015185,0.010560,2.626e-11
1071,-0.013328,0.008206,0.403213,0.983525,-0.004242,-0.180724,-0.013699,0.995101,-0.097909,0.180254,0.098772,0.978648,-22.8705,-34.1959,-22.9082,-44.9283,-22.5689,-39.3754,32.5288,29.2611,5.1852,43.5167,42.0121,36.3912,1.050715,-0.000250,-0.000718,0.897473,-1.703866,0.485304,0.004030,1.606e-11
1072,-0.010176,-0.004061,0.391075,0.999352,0.005083,0.035633,0.003154,0.973802,-0.227374,-0.035855,0.227339,0.973155,-30.2336,-45.8650,-31.9597,-50.1709,-30.4089,-57.7724,58.4114,36.8361,36.3504,42.1725,42.3704,54.2230,1.164381,0.002236,-0.003114,0.861205,-1.278680,-0.930399,0.008549,2.154e-11
1073,-0.023909,-0.025809,0.392082,0.928844,-0.053146,-0.366639,-0.047650,0.964298,-0.260497,0.367394,0.259431,0.893150,-27.3089,-32.8124,-26.6254,-56.9444,-26.5329,-46.7640,47.1832,23.9017,46.3822,56.0731,12.9153,42.0413,1.447598,-0.001654,-0.000150,0.879437,-0.094939,1.077259,-0.008400,9.477e-12
1074,0.030116,0.096019,0.406855,0.976504,-0.051048,0.209364,-0.080155,0.815793,0.572763,-0.200036,-0.576087,0.792533,-10.8737,-35.0121,-14.3771,-9.1328,-3.3321,-2.8633,8.9553,30.3511,20.4436,6.6648,15.5250,3.0919,1.550773,-0.001700,-0.007724,0.957277,0.725430,-0.167480,-0.038644,5.152e-10
1075,0.079058,0.096018,0.370140,0.789323,-0.282449,0.545153,-0.239151,0.676341,0.696684,-0.565487,-0.680283,0.466304,-19.0436,-54.8857,-15.5265,-2.0845,-6.1344,-11.2705,27.3814,51.8671,13.2452,0.3786,19.4185,7.6955,2.923217,-0.009353,-0.009619,0.938776,1.980115,-1.887568,0.048796,2.859e-12
1076,0.034823,0.022843,0.400042,0.882792,-0.074828,0.463766,-0.066228,0.957547,0.280565,-0.465072,-0.278395,0.840360,-18.7677,-46.8703,-17.6908,-17.1096,-16.9300,-31.5880,18.9286,48.8773,12.3052,12.8150,18.5666,30.1229,1.955221,-0.002433,-0.001144,0.919722,1.033248,-2.157535,0.003353,2.948e-12
1077,-0.013343,0.057605,0.406529,0.990452,0.011300,-0.137397,0.059573,0.863697,0.500478,0.124325,-0.503884,0.854777,-17.4340,-38.5317,-17.8746,-30.7565,-14.3551,-11.0343,49.3678,34.5910,5.0622,28.5253,28.6632,3.6214,1.491408,-0.001580,-0.003891,0.925566,1.039717,-0.411903,0.049518,8.296e-12
1078,0.018756,-0.001697,0.392996,0.988262,-0.017703,0.151737,-0.017675,0.973342,0.228675,-0.151740,-0.228673,0.961605,-27.1851,-56.8958,-25.7124,-43.9969,-28.1376,-44.8513,8.5610,59.1478,36.5586,41.2536,26.3536,40.4548,1.256327,-0.000713,0.005420,0.878569,1.386719,0.193261,0.019755,1.416e-11
1079,-0.008337,-0.019063,0.389855,0.992315,-0.001112,-0.123736,-0.003106,0.999421,-0.033892,0.123702,0.034016,0.991736,-29.6781,-51.4911,-28.3182,-57.9523,-30.2099,-53.2569,26.3362,51.5525,30.3292,59.2135,3.1717,51.3899,0.626151,-0.001200,0.004780,0.867902,0.646063,0.159687,-0.010758,3.865e-12
1080,0.044234,-0.004216,0.410207,0.917983,-0.001484,0.396618,0.015651,0.999350,-0.032487,-0.396312,0.036030,0.917409,-18.9811,-32.7330,-15.0541,-15.3418,-16.4252,-34.6354,26.7590,29.5596,19.0920,10.3947,33.9016,30.2459,1.212242,-0.004302,0.001532,0.924341,-0.448899,-1.277472,0.016070,3.061e-12
1081,0.033756,-0.001097,0.386196,0.924849,-0.014829,0.380046,-0.013947,0.997245,0.072853,-0.380079,-0.072678,0.922094,-30.9203,-61.5220,-30.9165,-42.0175,-31.7912,-57.6202,12.1579,59.8302,52.6581,33.5107,48.8542,53.6602,1.132915,0.001102,0.001949,0.859779,0.457125,-0.258766,0.012346,1.807e-11
1082,-0.012547,-0.036933,0.385366,0.930706,-0.108631,-0.349264,-0.096665,0.847878,-0.521305,0.352763,0.518943,0.778625,-25.2887,-22.6302,-24.6923,-54.3923,-23.5659,-51.6862,25.0816,12.6256,45.4716,55.8567,10.4090,51.5930,2.395114,-0.002747,-0.002125,0.889570,-1.411352,1.890460,-0.018498,1.860e-11
1083,0.004314,0.038235,0.389100,0.997379,-0.020724,0.069319,-0.019718,0.843969,0.536030,-0.069612,-0.535992,0.841348,-26.6780,-60.2928,-26.4238,-42.2684,-27.1257,-30.8692,37.9830,59.5230,24.8189,35.6685,55.2660,20.6194,1.836528,0.000219,0.001342,0.879718,1.571182,-0.257805,-0.000560,8.199e-12
1084,0.008984,-0.014935,0.392380,0.993751,0.005799,-0.111469,0.005284,0.995087,0.098867,0.111495,-0.098839,0.988838,-28.8570,-51.1154,-25.6880,-53.5669,-28.3175,-45.9556,12.4551,51.2435,39.8289,55.1077,13.9989,41.1799,1.160437,-0.004983,0.006132,0.875820,1.267311,1.027061,-0.003698,1.624e-11
1085,0.027824,-0.059683,0.391957,0.955620,0.086646,0.281571,0.116094,0.767672,-0.630239,-0.270762,0.634958,0.723544,-16.9919,-14.8858,-13.2140,-19.6173,-18.5923,-51.2832,11.6631,12.1401,11.4819,16.1830,30.3398,52.1923,2.486798,-0.001846,0.007075,0.926361,-3.061266,-0.840972,0.019923,7.564e-12
1086,0.057107,0.078094,0.395959,0.920087,-0.087336,0.381853,-0.116749,0.869381,0.480152,-0.373910,-0.486363,0.789710,-21.6183,-45.4698,-21.4272,-13.6936,-10.9888,-18.3461,47.0049,33.3226,56.7287,6.0075,30.6510,11.7703,1.696407,-0.005123,-0.008371,0.919096,1.267496,-0.789708,-0.033810,5.855e-12
1087,-0.007980,-0.030095,0.407292,0.998463,-0.002492,-0.055364,-0.017700,0.932330,-0.361174,0.052517,0.361599,0.930854,-18.9367,-21.8245,-17.8473,-33.8537,-19.2682,-41.0520,34.1457,16.8110,18.2759,31.9222,14.8867,39.8138,1.232647,-0.000573,0.002004,0.915942,-1.385382,-0.381813,-0.008465,1.166e-11
1088,0.031479,-0.060114,0.390675,0.927367,0.156862,0.339682,0.086206,0.793867,-0.601950,-0.364085,0.587512,0.722684,-20.5887,-19.4045,-15.1588,-18.2781,-18.2057,-53.1341,45.5004,13.0015,25.2800,14.6242,5.5084,52.6184,2.461020,-0.005590,0.004259,0.918699,-1.882331,-2.328953,-0.048652,6.231e-12
1089,-0.057208,-0.040432,0.413970,0.946679,-0.060328,-0.316480,-0.028977,0.962387,-0.270133,0.320873,0.264900,0.909323,-8.6403,-8.2705,-13.8538,-30.2514,-17.8935,-22.5494,13.3676,5.1174,37.6055,21.5607,35.4081,18.3457,1.084171,0.006257,0.003104,0.939557,-0.383353,0.753900,0.037219,9.820e-10
1090,0.052070,-0.016447,0.381443,0.743739,0.086396,0.662864,0.114407,0.960531,-0.253558,-0.658608,0.264417,0.704499,-25.0465,-40.9115,-21.4485,-15.6375,-23.4784,-56.2179,47.3078,35.5389,23.6064,4.9340,50.1884,52.6794,2.836888,-0.004259,0.002633,0.894330,-1.959392,-3.364585,0.007995,2.650e-12
1091,0.056357,-0.096731,0.375039,0.862018,0.140356,0.487058,0.282123,0.665448,-0.691076,-0.421108,0.733130,0.534030,-18.2214,-12.4888,-12.1500,-11.6650,-22.9039,-57.4402,4.7733,8.2040,49.3278,1.0973,56.5100,52.3432,2.760003,-0.001462,0.010569,0.919991,-2.311022,-0.395897,0.163979,3.831e-12
1092,0.048364,-0.043984,0.410067,0.929975,0.072414,0.360421,0.058916,0.938378,-0.340553,-0.362871,0.337940,0.868401,-16.2020,-18.5615,-9.0489,-10.6975,-13.4346,-36.9615,24.8453,16.1393,10.8098,9.5556,13.7213,34.2427,1.445357,-0.005825,0.004511,0.941976,-0.954229,-1.224672,-0.014009,5.992e-12
1093,0.040779,-0.043443,0.402455,0.918248,0.071319,0.389530,0.105512,0.904029,-0.414244,-0.381690,0.421479,0.822599,-16.4803,-20.5172,-11.1050,-13.8504,-16.5693,-43.7758,14.4354,19.9094,0.3781,11.1839,31.0289,42.8925,1.955955,-0.003937,0.006692,0.933511,-2.243119,-1.355351,0.027296,8.606e-12
1094,0.013960,-0.019479,0.391288,0.975949,0.036045,0.214997,0.036180,0.945777,-0.322794,-0.214975,0.322809,0.921727,-28.7656,-42.8833,-29.6581,-41.5663,-28.7809,-60.1113,36.5180,34.3952,54.1875,32.6743,39.4870,57.7820,1.352524,0.001016,-0.001707,0.869333,-1.038851,-0.617848,-0.000859,8.963e-12
1095,-0.030930,-0.077145,0.414306,0.984802,-0.033719,-0.170375,-0.039094,0.912762,-0.406617,0.169222,0.407098,0.897572,-9.5828,-3.8252,-7.7647,-22.6776,-18.1874,-25.7239,24.1593,2.7562,18.4404,15.9957,39.9857,17.5824,1.059933,0.002417,0.006398,0.946880,-0.451989,0.172395,-0.007011,1.387e-10
1096,-0.041576,0.055105,0.384973,0.898714,0.139489,-0.415760,0.159952,0.778486,0.606940,0.408325,-0.611967,0.677324,-21.1774,-46.6683,-22.2538,-49.4402,-20.8414,-10.9413,55.4853,44.4661,2.1064,48.4779,36.6190,0.1731,2.384533,0.000686,-0.001966,0.903544,1.776202,0.627643,0.011682,8.101e-12
1097,0.057688,0.037997,0.384690,0.783677,-0.144395,0.604152,-0.152566,0.898071,0.412544,-0.602141,-0.415474,0.681768,-22.8344,-58.3166,-22.2549,-15.8161,-21.0768,-34.0955,10.7771,57.9659,36.7040,5.3735,58.1257,28.2211,2.366216,-0.001892,-0.001604,0.900701,1.240428,-1.468110,-0.005425,4.796e-12
1098,0.002081,0.001050,0.389726,0.960368,0.042526,0.275471,0.043156,0.953689,-0.297682,-0.275373,0.297772,0.914058,-26.1422,-42.3954,-28.5963,-37.6212,-26.5994,-58.3399,46.6860,35.8999,16.6021,29.1430,44.2152,59.0737,2.116012,0.003316,-0.003975,0.877694,-2.395270,-1.983071,-0.003354,2.720e-11
1099,-0.000211,-0.005340,0.397281,0.952866,0.031235,0.301781,0.024749,0.983369,-0.179926,-0.302382,0.178914,0.936245,-23.1429,-40.1207,-23.7157,-30.9371,-23.4412,-49.5861,56.8022,36.4180,9.7239,24.1694,22.0837,49.0000,1.882153,0.001093,-0.000510,0.894132,-1.259212,-3.005549,0.003917,1.112e-11
1100,0.008124,-0.000566,0.414089,0.997231,0.001038,0.074365,-0.001156,0.999998,0.001541,-0.074364,-0.001623,0.997230,-18.6484,-32.0406,-19.1487,-28.6495,-18.5658,-31.9569,20.6587,27.5372,39.0071,23.2626,27.7711,28.1821,0.284366,0.000302,-0.000735,0.915589,0.304436,0.124722,-0.001733,1.073e-11
1101,-0.009887,-0.023371,0.375605,0.917289,-0.152739,-0.367766,-0.145511,0.731099,-0.666574,0.370685,0.664955,0.648404,-20.3984,-11.1919,-20.4311,-49.8224,-18.4609,-50.4274,0.8160,2.6672,7.0913,55.0162,27.0900,55.8392,3.662053,-0.002357,-0.003979,0.909906,-4.195766,2.586972,-0.009719,4.914e-11
1102,0.041792,-0.034211,0.421490,0.967862,-0.012814,0.251155,0.036125,0.995428,-0.088425,-0.248873,0.094656,0.963900,-15.1825,-19.4497,-7.3202,-10.4927,-15.1410,-24.3347,30.8733,17.1730,7.6116,5.6541,53.3500,13.3800,0.813919,-0.002857,0.004721,0.943689,-0.326161,-0.212815,0.060682,2.830e-10
1103,-0.026667,-0.033051,0.400044,0.959843,-0.050862,-0.275889,-0.046062,0.941508,-0.333829,0.276731,0.333131,0.901356,-23.8566,-24.3689,-24.2786,-46.1971,-25.2019,-42.2747,57.1785,12.5321,57.1224,38.9900,33.1684,34.4686,1.241762,0.001297,0.001183,0.890125,-0.630579,0.691084,0.003201,1.885e-11
1104,0.069207,0.089834,0.366570,0.798727,-0.276099,0.534606,-0.248110,0.658315,0.710678,-0.548157,-0.700279,0.457311,-20.1241,-58.2297,-17.5535,-5.4904,-8.0016,-13.2684,35.2281,55.4255,22.5140,3.0041,8.7700,9.7248,3.214026,-0.009395,-0.010890,0.930926,2.855058,-2.424871,0.023715,5.217e-12
1105,0.066715,-0.073300,0.404122,0.883248,0.087838,0.460606,0.140404,0.887687,-0.438519,-0.447392,0.451991,0.771715,-13.3833,-11.6879,-3.5107,-2.3377,-12.9248,-36.9668,5.5271,12.3613,8.0598,0.8769,24.9904,32.8522,1.711118,-0.004934,0.007497,0.955382,-0.945821,-0.641795,0.066730,1.365e-12
1106,-0.036341,-0.004603,0.387996,0.774768,0.012691,-0.632118,0.059879,0.993832,0.093346,0.629403,-0.110172,0.769229,-19.1895,-28.1127,-21.2469,-55.5605,-19.8758,-21.7366,5.6783,23.3583,55.8971,57.9135,7.9653,16.8963,2.860763,0.002516,-0.001649,0.908566,1.967375,3.940546,-0.009562,4.929e-12
1107,0.056054,0.021796,0.400850,0.840286,-0.047339,0.540072,-0.089967,0.970192,0.225020,-0.534626,-0.237670,0.810980,-18.3096,-44.2245,-17.8846,-11.9540,-15.2945,-31.0994,1.5209,43.0972,41.1536,5.3162,26.2657,29.4921,1.815575,-0.002624,-0.003206,0.922741,1.270960,-1.063289,-0.036193,7.214e-12
1108,0.032322,0.095597,0.384780,0.955308,-0.092338,0.280821,-0.157234,0.645725,0.747206,-0.250328,-0.757967,0.602347,-13.2625,-49.7030,-17.4645,-13.6426,-6.9551,-4.1937,0.0639,49.5301,26.8866,11.1184,9.5270,4.3444,2.651495,-0.001739,-0.011638,0.943193,2.826927,-0.470516,-0.065964,6.632e-12
1109,-0.130521,0.009224,0.351556,0.351607,0.080483,-0.932682,0.022160,0.995303,0.094241,0.935886,-0.053804,0.348172,-10.9966,-13.3260,-23.2669,-65.7952,-24.1449,-9.1253,35.3259,6.9226,37.4627,57.6599,55.5685,0.3697,3.375201,0.014862,0.000471,0.912041,-0.056097,3.445533,-0.060565,4.586e-12
1110,-0.027294,0.043515,0.392745,0.937503,0.102166,-0.332640,0.106336,0.826088,0.553418,0.331330,-0.554203,0.763596,-18.6986,-43.8861,-19.8772,-44.4282,-18.6213,-12.5744,27.0561,44.3714,10.1551,45.1711,22.6056,5.5646,2.280284,0.000952,-0.001823,0.914005,2.159206,1.141906,0.001702,7.025e-10
1111,0.004310,0.016237,0.404782,0.999735,0.002755,-0.022855,0.000426,0.990426,0.138041,0.023017,-0.138014,0.990163,-22.2766,-42.8448,-22.0713,-40.2881,-21.9886,-35.6530,12.8875,42.0955,12.0585,39.1642,35.5647,32.9104,0.502750,-0.000562,-0.000169,0.900642,-0.169253,0.543661,0.001904,9.304e-12
1112,-0.024749,-0.025831,0.406178,0.971677,-0.006009,-0.236235,-0.063328,0.956490,-0.284810,0.227668,0.291704,0.929019,-20.3679,-20.8239,-17.5181,-39.0537,-22.0803,-36.2985,57.8476,14.4618,0.0690,35.7998,46.6499,28.5591,1.463583,-0.000579,0.005683,0.909909,-2.272432,-0.168900,-0.039448,1.023e-11
1113,0.035412,0.007315,0.398254,0.834866,-0.029383,0.549668,-0.025391,0.995456,0.091777,-0.549867,-0.090578,0.830327,-17.8481,-44.4921,-17.6378,-15.7550,-17.6339,-39.5116,6.2527,48.2611,8.7326,11.4272,14.1721,41.8344,2.082428,-0.000259,-0.000015,0.920127,0.251317,-2.397596,-0.000182,5.864e-12
1114,-0.075483,-0.033611,0.398846,0.811914,-0.018929,-0.583470,-0.109975,0.976619,-0.184718,0.573324,0.214142,0.790849,-14.3314,-11.2549,-15.9915,-44.9694,-22.5765,-22.9005,51.7891,5.8855,13.8344,38.7801,51.4924,12.4214,1.798913,0.005444,0.005852,0.920714,-1.095144,1.062234,-0.101959,3.595e-12
1115,-0.012102,0.056168,0.389769,0.986724,0.064757,-0.148936,0.042582,0.781821,0.622047,0.156723,-0.620131,0.768684,-20.7403,-49.7858,-24.4665,-39.9458,-20.1674,-14.8252,28.1612,45.6178,50.3059,33.6507,37.5064,6.0236,2.344461,0.002266,-0.005672,0.901543,2.909333,1.126206,-0.012813,5.837e-12
1116,-0.038393,-0.001383,0.388654,0.808363,-0.011063,-0.588581,-0.015220,0.999096,-0.039682,0.588488,0.041035,0.807464,-24.2356,-29.8079,-24.9657,-59.2778,-25.1052,-32.1023,37.1668,20.7787,39.3710,57.7108,44.3221,23.5613,2.303150,0.001279,0.000168,0.888224,-0.347137,2.921030,-0.000304,7.112e-12
1117,0.029225,0.052875,0.406089,0.961369,-0.030700,0.273544,-0.096667,0.892811,0.439936,-0.257729,-0.449384,0.855353,-15.2138,-41.8122,-18.3863,-17.2878,-11.7871,-17.3412,2.5517,39.3113,44.2058,12.0598,16.7556,16.2266,1.681800,-0.000418,-0.007423,0.931832,2.008136,-0.150546,-0.061628,4.030e-12
1118,0.050521,0.018332,0.385547,0.765319,-0.086015,0.637878,-0.118990,0.955042,0.271545,-0.632557,-0.283720,0.720676,-22.2064,-52.3152,-20.3116,-12.7316,-17.5205,-36.0029,42.8485,50.5964,39.3094,5.5381,3.9363,33.1379,2.828072,-0.005454,-0.003668,0.909088,2.235163,-3.523722,-0.009180,4.945e-12
1119,0.048872,-0.095758,0.379452,0.907932,0.146141,0.392814,0.197437,0.677595,-0.708437,-0.369701,0.720768,0.586357,-20.0625,-12.6729,-13.1894,-14.8015,-22.3035,-56.1923,24.6281,5.6413,53.0616,5.4963,43.2165,50.0552,2.482544,-0.002781,0.008780,0.916659,-1.884101,-0.616580,0.061374,3.926e-12
1120,-0.020251,0.003572,0.394518,0.963595,-0.022880,0.266387,-0.017612,0.988736,0.148627,-0.266787,-0.147908,0.952338,-21.4177,-50.4136,-23.8428,-34.3295,-24.7479,-42.6866,53.2041,53.7410,3.0968,28.6621,0.4950,42.5901,2.040430,0.006955,0.001790,0.894577,0.802375,-3.333931,-0.017824,3.210e-11
1121,-0.020605,-0.000073,0.393652,0.921890,-0.024665,-0.386667,-0.037106,0.987764,-0.151475,0.385672,0.153991,0.909695,-26.7390,-33.1917,-26.6313,-55.2064,-26.6607,-41.4867,40.3161,23.1021,32.2640,51.6396,59.9178,33.7787,1.796336,-0.000249,-0.000124,0.879766,-1.631518,2.022541,0.003340,1.193e-11
1122,-0.009987,0.010823,0.418011,0.994700,0.007021,-0.102582,0.003819,0.994455,0.105092,0.102751,-0.104927,0.989157,-14.1151,-27.4673,-15.0196,-29.3708,-14.7396,-21.9949,11.4489,27.0510,9.2596,28.7036,18.1498,20.3422,0.441417,0.001128,-0.000360,0.934286,0.137408,0.428725,-0.002640,3.543e-12
1123,0.053726,0.013744,0.403762,0.867749,-0.022220,0.496506,-0.046084,0.991099,0.124895,-0.494862,-0.131258,0.859001,-20.2244,-40.8459,-18.3234,-13.9013,-16.2979,-33.7257,21.7030,36.5036,42.1992,6.7726,29.0255,29.9230,1.545992,-0.003982,-0.002323,0.917747,0.754127,-1.307921,-0.022002,4.656e-12
1124,0.062927,-0.009390,0.379645,0.690375,0.048740,0.721808,0.060337,0.990373,-0.124584,-0.720932,0.129561,0.680787,-26.7830,-48.0840,-24.2848,-15.4630,-25.0218,-55.6448,37.5459,41.6172,51.1347,1.7812,56.3988,50.4260,2.619981,-0.003368,0.000938,0.885585,-0.738717,-2.731906,0.005843,3.228e-12
1125,-0.021358,0.062417,0.392412,0.974377,0.074570,-0.212198,0.077320,0.774890,0.627350,0.211211,-0.627683,0.749269,-19.9679,-47.6207,-21.6837,-40.1848,-19.4065,-11.9731,41.1640,45.4163,9.5716,36.5401,47.0213,2.3300,2.029294,0.000885,-0.002991,0.908417,1.540602,0.456611,0.002414,3.606e-12
1126,-0.125302,-0.061631,0.385204,0.710314,-0.046386,-0.702355,-0.172018,0.956131,-0.237113,0.682542,0.289242,0.671174,-2.5077,2.1033,-10.1115,-40.9240,-22.0403,-13.9241,13.8039,1.2426,5.2478,31.5888,55.1155,6.5364,2.041561,0.010656,0.007457,0.948360,-0.586327,0.959370,-0.157565,7.648e-12
1127,-0.012965,0.031070,0.398556,0.962539,0.065016,-0.263234,0.033696,0.934618,0.354053,0.269042,-0.349659,0.897416,-22.3310,-43.0337,-23.8118,-46.1923,-23.3918,-24.2678,19.6812,38.8921,35.2430,41.6020,57.3395,15.1949,1.689281,0.002020,-0.000720,0.895566,0.854928,2.118165,-0.009807,1.548e-11
1128,-0.002005,0.009978,0.429535,0.999622,0.002778,-0.027339,0.002040,0.984631,0.174636,0.027404,-0.174626,0.984253,-10.2662,-18.8224,-8.6757,-15.5008,-11.3549,-9.7006,27.3448,16.9417,1.3465,11.2437,43.4686,1.6952,0.632277,-0.000149,0.001387,0.954635,-0.040545,-0.004257,-0.000937,4.205e-12
1129,0.011263,0.005652,0.395606,0.999136,0.009502,-0.040466,0.001463,0.964881,0.262683,0.041541,-0.262515,0.964033,-27.8463,-51.6860,-26.8807,-46.7221,-27.7948,-37.9052,22.9183,47.4742,59.9820,41.1278,43.0168,28.4897,1.392111,-0.001177,0.001706,0.876143,1.821987,1.327934,0.007632,1.807e-11
1130,-0.009849,-0.028033,0.388347,0.983058,-0.002862,-0.183272,-0.005492,0.998969,-0.045060,0.183212,0.045303,0.982029,-31.5024,-50.4176,-29.3726,-59.8675,-31.9673,-52.7615,39.7673,47.1779,50.9627,58.7863,8.1943,46.8539,0.985398,-0.002203,0.006036,0.860919,1.163656,0.412798,-0.022435,9.604e-12
1131,0.078180,-0.010146,0.416795,0.907339,-0.003508,0.420385,0.016017,0.999528,-0.026229,-0.420094,0.030532,0.906967,-17.5556,-22.4202,-8.2901,-3.6802,-10.4500,-23.9831,36.8131,15.2718,25.3410,0.2409,36.1314,14.5006,0.988421,-0.004773,0.001064,0.945722,-0.025302,-0.132564,0.025713,7.147e-11
1132,-0.082106,-0.040176,0.393397,0.770028,-0.090424,-0.631570,-0.125551,0.949073,-0.288958,0.625535,0.301800,0.719460,-7.8295,-4.0032,-13.0151,-43.7788,-19.0996,-21.2121,2.8656,4.0185,9.2412,40.8321,37.7233,18.3851,2.249483,0.010270,0.006342,0.939858,-1.426993,2.361067,-0.033874,4.545e-12
1133,0.026219,-0.002301,0.404935,0.940640,0.012278,0.339185,0.018233,0.996075,-0.086619,-0.338917,0.087661,0.936723,-19.4501,-38.3534,-19.5089,-25.1100,-19.4868,-43.0171,3.6534,38.5542,17.1326,21.3988,24.7381,44.6073,1.160671,0.000143,-0.000098,0.912407,-0.657536,-0.893137,-0.000658,6.240e-12
1134,0.034107,-0.058132,0.385688,0.931929,0.105803,0.346864,0.137510,0.781959,-0.607972,-0.335559,0.614284,0.714181,-21.9582,-21.1916,-17.1188,-22.1067,-23.1765,-56.5236,34.3753,14.7901,22.2989,14.3986,53.4152,52.5897,2.591515,-0.002856,0.007632,0.906078,-3.276274,-1.279622,0.019718,7.451e-12
1135,0.031621,-0.002089,0.385194,0.997085,-0.004429,-0.076175,-0.006212,0.990289,-0.138885,0.076050,0.138953,0.987375,-35.0701,-51.0923,-32.0569,-58.1516,-30.7348,-58.2969,10.5671,41.9790,56.5703,56.7005,56.6085,52.9952,1.404130,-0.009582,-0.002932,0.853293,-0.609052,2.053356,-0.022328,2.132e-11
1136,-0.092924,-0.016865,0.402972,0.811639,-0.052231,-0.581820,-0.029710,0.991015,-0.130410,0.583403,0.123132,0.802795,-10.8003,-9.1906,-18.4441,-40.7848,-19.2181,-16.1589,52.3083,0.1773,47.0695,30.1126,35.0920,8.1779,1.476679,0.005732,0.000510,0.927492,-0.045579,0.470244,0.029003,2.222e-10
1137,-0.001785,0.002173,0.393511,0.985202,-0.026990,-0.169260,-0.027609,0.949637,-0.312133,0.169160,0.312188,0.934839,-25.8861,-33.6585,-26.1277,-49.7226,-23.6969,-50.2494,21.5361,25.9764,15.4941,49.5546,41.6124,50.5472,1.854755,-0.002290,-0.004995,0.886275,-2.401726,1.092407,0.003528,2.347e-11
1138,0.030089,-0.019811,0.403007,0.965126,0.024907,0.260596,0.036488,0.972948,-0.228125,-0.259229,0.229678,0.938109,-22.7130,-35.6416,-22.7550,-29.8216,-22.9974,-47.8193,7.3447,30.0081,55.4174,22.1223,40.2598,45.4263,0.991894,0.000255,0.000352,0.897448,-0.522524,0.354919,0.003812,9.623e-10
1139,-0.020900,-0.002071,0.398664,0.984887,-0.001839,-0.173188,-0.002039,0.999751,-0.022211,0.173185,0.022229,0.984638,-27.0877,-42.2312,-27.2298,-50.6452,-27.2192,-43.3923,56.6404,35.6414,31.2985,46.3424,28.7665,37.1551,0.472579,0.000303,-0.000020,0.877893,-0.016298,-0.255032,0.000228,1.084e-11
1140,0.019998,0.000132,0.393202,0.952706,0.050556,0.299660,0.067030,0.926821,-0.369472,-0.296410,0.372084,0.879599,-21.9160,-34.5755,-23.4069,-30.9225,-21.6590,-54.7842,10.8568,30.6838,5.7452,26.2978,44.7065,59.0410,2.280387,0.001193,-0.003561,0.899122,-3.147838,-0.886953,-0.024947,2.206e-11
1141,0.040349,0.006504,0.383975,0.800206,-0.065629,0.596124,-0.088609,0.970147,0.225749,-0.593144,-0.233468,0.770502,-25.8977,-58.5224,-26.0146,-23.0209,-25.7658,-45.2748,34.7957,56.4723,57.5335,10.8059,33.5437,39.6892,2.544243,0.000018,-0.000126,0.883113,1.907199,-2.482152,0.004890,9.537e-12
1142,-0.035741,0.043032,0.389415,0.904953,0.114986,-0.409681,0.123780,0.850021,0.511999,0.407110,-0.514045,0.754996,-20.4819,-43.0971,-23.2768,-48.5028,-20.6661,-13.9620,37.5704,39.0177,34.6953,45.7597,30.6233,4.7693,2.361005,0.002405,-0.003551,0.903056,2.343779,1.606723,0.005188,4.419e-12
1143,-0.013405,0.029608,0.401635,0.981300,0.042514,-0.187733,0.033361,0.922979,0.383402,0.189574,-0.382495,0.904301,-19.3508,-41.0821,-22.9699,-39.6337,-19.4815,-20.5512,17.0957,36.6536,58.8074,34.6139,23.0577,14.6383,1.747167,0.002855,-0.004689,0.906948,2.539062,1.526629,-0.004249,9.132e-12
1144,-0.055607,0.012874,0.402314,0.855369,0.007549,-0.517965,0.063148,0.990917,0.118724,0.514157,-0.134261,0.847123,-18.0697,-26.0150,-21.2411,-46.7908,-18.2381,-18.7665,57.4042,17.6431,37.4343,44.2585,8.0746,12.1598,1.624722,0.002392,-0.003462,0.913707,1.165629,0.830380,0.050601,5.453e-12
1145,0.035599,0.002495,0.391508,0.974680,-0.003705,0.223572,-0.003562,0.999479,0.032088,-0.223574,-0.032072,0.974159,-29.9079,-55.6033,-28.7079,-44.6145,-28.7849,-53.9218,0.1992,53.4312,43.3378,40.6848,46.5208,51.1591,0.739491,-0.003017,0.000172,0.869096,0.038550,0.705942,0.002564,1.016e-11
1146,-0.035731,-0.042782,0.398495,0.926156,-0.092781,-0.365551,-0.078656,0.900434,-0.427822,0.368848,0.424982,0.826644,-18.5045,-14.7415,-19.6321,-44.0895,-21.8124,-38.2075,33.7548,6.5383,41.0132,40.1689,25.4728,34.0287,1.790159,0.003217,0.002798,0.910032,-1.221698,1.393874,0.010602,4.445e-12
1147,0.008330,-0.021423,0.400891,0.996424,0.005575,0.084306,0.003799,0.993856,-0.110620,-0.084405,0.110544,0.990281,-25.1807,-41.7201,-24.9411,-40.7932,-25.4582,-47.4821,24.5373,37.7431,52.8078,36.1871,14.9001,44.5197,0.564959,0.000037,0.001011,0.886783,0.799330,-0.022104,0.002076,1.270e-11
1148,-0.029728,0.062165,0.392639,0.958309,0.074190,-0.275933,0.109378,0.796900,0.594127,0.263969,-0.599539,0.755562,-20.7546,-45.5431,-22.6969,-41.5831,-19.1900,-11.6125,58.0857,40.3176,17.7503,37.2246,40.3662,1.0338,2.011697,0.000373,-0.004276,0.906032,1.691948,0.158170,0.031334,4.094e-12
1149,0.010210,-0.013472,0.389613,0.988122,-0.033780,-0.149912,-0.023925,0.929826,-0.367221,0.151797,0.366445,0.917974,-29.2868,-35.2543,-28.7817,-52.1019,-27.2250,-54.7615,20.7379,24.0203,50.8183,48.4450,53.6419,51.2279,1.932380,-0.002977,-0.002942,0.871879,-1.869781,1.988481,-0.019102,2.059e-11
1150,-0.018651,0.004108,0.421167,0.988825,0.008353,-0.148846,0.001602,0.997776,0.066638,0.149071,-0.066132,0.986613,-16.3638,-22.4529,-16.5666,-27.4610,-17.6042,-18.9952,54.5122,13.6458,34.2296,18.5136,51.2777,7.8376,0.422011,0.000537,0.000665,0.924324,-0.061327,0.049783,-0.008166,5.613e-11
1151,0.024288,0.011277,0.400980,0.931399,-0.027886,0.362930,-0.013136,0.993837,0.110074,-0.363763,-0.107291,0.925292,-24.1921,-45.8951,-22.5940,-26.2580,-22.6414,-40.1939,50.8874,41.4054,25.5315,18.0413,39.8379,33.9792,1.480608,-0.002529,0.000006,0.895755,0.026967,-2.177582,0.005949,9.178e-12
1152,-0.012518,0.018172,0.392227,0.891370,0.081789,-0.445836,0.066740,0.949184,0.307563,0.448335,-0.303907,0.840616,-21.8986,-39.4800,-20.9873,-52.5387,-21.4623,-22.8878,3.8256,38.2224,25.9600,55.6495,32.1251,16.1825,2.429434,-0.001665,0.000795,0.902998,1.280540,3.155938,0.010904,1.665e-11
1153,0.006424,0.012519,0.394978,0.958863,0.006246,-0.283800,0.002187,0.999566,0.029387,0.283860,-0.028799,0.958433,-26.8136,-41.1187,-24.8975,-53.3338,-24.2673,-39.6614,7.8024,36.1822,23.8364,55.2514,47.1586,35.1137,1.655003,-0.005281,-0.001364,0.885898,-0.669844,2.461392,0.014161,2.104e-11
1154,-0.039556,0.048147,0.389934,0.904056,0.102618,-0.414914,0.145246,0.839220,0.524035,0.401979,-0.534022,0.743797,-16.5066,-39.1546,-22.1862,-43.8021,-15.8578,-8.7943,23.3049,35.0570,52.0142,41.8964,3.3048,4.0239,2.575471,0.004057,-0.008096,0.917487,3.391623,1.789454,0.022698,7.847e-12
1155,0.054274,-0.032543,0.391223,0.832895,0.092931,0.545572,0.128876,0.926132,-0.354502,-0.538216,0.365574,0.759394,-22.6439,-32.8977,-19.6281,-16.8417,-22.3208,-53.5399,19.5140,27.1168,43.1937,6.8020,51.0114,50.2936,2.139550,-0.002615,0.003402,0.903004,-1.691787,-1.333963,0.026651,6.945e-12
1156,0.034404,0.040500,0.398669,0.920906,-0.103351,0.375833,-0.062386,0.912696,0.403850,-0.384759,-0.395355,0.834059,-21.9269,-49.6041,-19.7031,-20.4136,-18.4876,-27.8295,41.7924,47.3132,14.5815,14.0551,41.9873,20.7606,1.841259,-0.004159,-0.001711,0.909725,0.822772,-1.915197,0.029466,5.875e-12
1157,0.038072,-0.013400,0.417395,0.964788,-0.007482,0.262921,0.018848,0.998992,-0.040733,-0.262351,0.044254,0.963957,-18.5282,-26.7024,-13.3982,-15.8823,-16.9810,-28.9862,37.8713,20.9973,25.0480,9.0168,51.5730,19.3191,0.745304,-0.003115,0.002844,0.926764,-0.411246,-0.457327,0.030328,1.913e-11
1158,-0.029510,0.018348,0.408431,0.958391,0.026208,-0.284255,0.025500,0.983936,0.176692,0.284319,-0.176589,0.942326,-17.9920,-31.6557,-21.6130,-40.0229,-19.7313,-22.2986,28.5637,25.5001,43.4205,34.0627,36.0627,15.8425,1.105293,0.003673,-0.002235,0.911020,0.785523,1.290486,-0.000418,6.274e-12
1159,0.030717,0.042338,0.398416,0.930530,-0.111408,0.348857,-0.052951,0.901663,0.429186,-0.362366,-0.417843,0.833125,-21.9389,-49.1881,-19.0249,-20.4561,-17.4595,-26.1786,52.2767,46.8101,9.3603,15.4866,31.3104,19.1138,1.981097,-0.005390,-0.002272,0.912124,1.076684,-2.377499,0.038673,5.667e-12
1160,-0.015537,0.026573,0.396905,0.979765,0.036806,-0.196737,0.039568,0.927928,0.370653,0.196200,-0.370937,0.907696,-25.3229,-47.9754,-25.6979,-47.1351,-25.2499,-28.0827,47.7165,42.7492,37.0335,41.7580,43.4425,17.6323,1.450646,0.000246,-0.000607,0.885637,1.462568,0.604927,0.000577,7.410e-10
1161,-0.004042,-0.007640,0.404704,0.999331,-0.000842,0.036558,-0.001005,0.998725,0.050467,-0.036554,-0.050470,0.998056,-22.7218,-41.5926,-22.7313,-38.6348,-23.0499,-38.9681,35.0154,39.4646,34.9871,35.2190,7.8341,35.6619,0.597216,0.000389,0.000639,0.897314,1.158476,-0.704152,0.000112,2.304e-11
1162,0.001254,-0.015146,0.399216,0.999917,-0.002642,-0.012586,-0.001497,0.948101,-0.317967,0.012773,0.317959,0.948018,-23.7190,-33.2290,-24.0851,-42.2260,-23.1201,-50.0423,21.5599,27.8102,27.1826,40.2065,22.7502,50.7768,1.232224,-0.000275,-0.001918,0.893691,-1.357152,0.196878,-0.001520,1.067e-11
1163,-0.068116,0.039420,0.378780,0.735275,0.147664,-0.661488,0.164243,0.908069,0.385272,0.657567,-0.391925,0.643428,-19.5202,-35.2627,-25.9488,-57.3933,-22.1791,-12.0977,44.8176,26.8909,50.6626,52.0279,39.7985,1.8525,2.721255,0.006504,-0.004543,0.898108,1.840138,2.669203,0.013518,6.221e-12
1164,-0.100559,0.037754,0.371357,0.595125,0.141318,-0.791110,0.159657,0.944003,0.288735,0.787614,-0.298139,0.539237,-10.8144,-23.1183,-23.4460,-56.1258,-18.3761,-4.7942,15.0583,17.5388,50.0085,50.3878,31.1889,0.4288,2.972110,0.012842,-0.005435,0.920553,1.397570,3.353856,0.016603,4.733e-12
1165,-0.003528,0.004169,0.394073,0.957176,0.035727,-0.287294,0.034938,0.970848,0.237134,0.287391,-0.237017,0.928025,-25.7528,-46.3306,-23.1287,-53.2773,-24.7576,-33.7145,15.3787,46.0196,25.5861,56.2782,20.5905,27.6195,1.739646,-0.004445,0.003457,0.889511,1.302695,1.677442,0.001337,1.987e-11
1166,-0.029833,0.030019,0.408833,0.964926,0.046348,-0.258398,0.026530,0.962037,0.271626,0.261178,-0.268954,0.927065,-17.2785,-33.0642,-20.9312,-37.9215,-19.3521,-18.7207,30.6688,27.6218,33.0541,31.2180,47.3047,11.1320,1.121349,0.003648,-0.001787,0.913730,0.525581,1.061140,-0.018470,9.140e-12
1167,0.024339,-0.026095,0.393769,0.978804,0.026628,0.203062,0.027092,0.965963,-0.257257,-0.203000,0.257306,0.944767,-27.6349,-43.8908,-27.3905,-41.3994,-27.3731,-57.5148,12.0020,38.9163,59.3178,36.0360,24.4326,56.5387,0.826500,-0.000607,-0.000035,0.876603,-0.011274,0.233196,-0.003349,1.329e-11
1168,0.000416,0.014398,0.391912,0.985895,-0.007906,0.167177,-0.008135,0.995439,0.095051,-0.167166,-0.095070,0.981334,-28.5214,-56.5363,-30.1881,-46.4884,-29.7127,-51.5814,34.9608,54.7916,20.5708,40.2710,41.4688,49.0043,0.863740,0.003660,-0.001069,0.867550,-0.267905,-0.904275,-0.010053,7.828e-12
1169,-0.074372,-0.040607,0.390753,0.752156,-0.115785,-0.648733,-0.154099,0.926246,-0.343980,0.640714,0.358696,0.678840,-12.6837,-5.1239,-14.9060,-47.9629,-19.2659,-25.9416,34.0739,0.6580,11.1500,47.4690,20.0215,21.9065,2.337167,0.006001,0.004923,0.929572,-1.423240,1.764632,-0.039506,5.756e-12
1170,-0.015248,0.023307,0.388150,0.986474,0.011030,-0.163546,0.011962,0.990229,0.138937,0.163481,-0.139015,0.976703,-31.6923,-56.3742,-32.1106,-60.1522,-31.0576,-49.0997,46.8139,52.1258,12.3657,57.8269,45.7706,44.0877,0.662333,-0.000287,-0.002446,0.857937,-0.460479,0.051685,0.007845,1.799e-11
1171,0.006522,-0.011026,0.402203,0.997170,0.005407,0.074988,0.005830,0.988845,-0.148831,-0.074957,0.148847,0.986015,-24.9645,-39.2133,-25.0374,-39.7102,-24.9396,-46.9840,30.8441,33.3669,40.9900,34.0411,32.5712,43.5332,0.513857,0.000054,-0.000195,0.887763,-0.397372,-0.111048,-0.000153,1.970e-12
1172,-0.073654,-0.014709,0.402562,0.797541,-0.020439,-0.602919,-0.051826,0.993410,-0.102232,0.601035,0.112781,0.791225,-12.0447,-11.6873,-15.3029,-43.9077,-17.6386,-17.8918,39.0029,7.5521,10.9787,41.9390,22.3524,12.5485,1.729982,0.005305,0.002343,0.932561,-0.525067,1.203569,-0.035280,2.844e-12
1173,-0.004655,0.023518,0.384164,0.993005,-0.010482,-0.117605,-0.007122,0.988920,-0.148281,0.117856,0.148082,0.981928,-32.8000,-51.4929,-34.3380,-60.6760,-29.7573,-59.2470,35.9824,43.4946,12.7265,59.2892,49.5556,59.4301,1.418925,-0.002080,-0.011153,0.854842,-1.677804,0.304216,0.018362,1.478e-11
1174,0.000213,-0.014124,0.385103,0.986656,-0.037430,-0.158461,-0.034512,0.903029,-0.428191,0.159122,0.427946,0.889687,-31.2988,-36.4852,-31.3830,-55.4909,-29.1485,-59.5585,40.0430,23.3180,49.4269,50.6412,51.4431,56.0035,2.034989,-0.002398,-0.004400,0.862178,-2.149862,1.187876,-0.008231,2.309e-11
1175,-0.009268,0.025473,0.388785,0.995262,0.023913,-0.094248,0.038027,0.796360,0.603626,0.089490,-0.604350,0.791677,-21.0283,-52.6161,-20.8675,-39.9749,-20.9187,-18.8319,28.4460,55.2263,33.1849,39.0453,2.7524,11.5381,2.737911,-0.000116,0.000352,0.905061,3.943278,0.051623,-0.007542,1.485e-11
1176,0.016881,0.012764,0.410817,0.982422,-0.014717,0.186095,-0.011143,0.990487,0.137155,-0.186343,-0.136817,0.972912,-20.9966,-37.7107,-19.3369,-25.6619,-17.5639,-30.5367,49.2742,32.1666,30.7939,21.0346,15.8342,25.1884,0.921097,-0.003647,-0.002211,0.913140,0.878200,-1.443258,0.002490,9.651e-12
1177,0.072812,0.079665,0.382648,0.808245,-0.193792,0.556043,-0.218967,0.777664,0.589315,-0.546619,-0.598066,0.586110,-17.4235,-50.6326,-15.9180,-3.8007,-7.2543,-14.4977,15.1202,48.1589,24.1297,0.8277,16.1958,12.6937,2.578681,-0.007111,-0.008920,0.938959,1.938352,-1.564160,-0.028737,2.861e-12
1178,-0.024130,0.022841,0.387668,0.891971,0.087153,-0.443612,0.081307,0.934318,0.347042,0.444721,-0.345621,0.826299,-26.7853,-46.2623,-25.9773,-58.0069,-26.4266,-27.2096,41.3018,41.1257,31.8218,56.7548,44.9300,15.9426,2.161918,-0.001329,0.000828,0.881092,1.244561,2.054953,0.003095,1.225e-11
1179,0.060107,-0.064651,0.409791,0.960237,0.112694,0.255432,0.007226,0.904575,-0.426253,-0.279094,0.411150,0.867792,-17.9970,-10.9637,-4.4195,-9.4232,-11.0320,-33.6237,54.8732,5.6733,1.5540,12.6810,0.9678,26.4048,1.445686,-0.008921,0.005398,0.949983,-0.684331,-1.038645,-0.121440,9.315e-12
1180,-0.002798,0.029857,0.392527,0.992623,0.032552,-0.116791,0.022893,0.895635,0.444199,0.119062,-0.443596,0.888283,-27.1507,-53.8575,-27.1595,-47.4796,-27.1965,-29.9240,38.7825,49.1871,44.9050,40.8903,55.2068,18.2266,1.708881,-0.000054,0.000144,0.877714,1.730619,0.985513,0.001156,1.189e-11
1181,-0.068717,-0.030638,0.394527,0.793244,-0.107820,-0.599281,-0.077613,0.958266,-0.275141,0.603937,0.264766,0.751771,-15.9766,-12.2561,-19.8294,-49.4514,-20.8134,-27.3645,44.4669,3.5398,42.7649,45.3239,18.7409,21.7786,1.981084,0.005616,0.001191,0.915064,-0.361837,1.665829,0.029585,7.045e-12
1182,0.012988,0.052056,0.392309,0.985372,-0.060244,0.159414,-0.063311,0.739075,0.670641,-0.158221,-0.670924,0.724450,-16.3162,-52.2130,-16.9145,-25.1325,-15.1111,-13.7463,5.7581,57.9322,5.4415,24.5264,14.5713,10.5991,2.532551,-0.000545,-0.002688,0.927133,2.830039,-0.585323,-0.001294,9.689e-10
1183,-0.011127,0.027963,0.401796,0.983138,0.042173,-0.177937,0.040006,0.899869,0.434321,0.178437,-0.434116,0.883008,-17.4004,-40.8573,-19.7673,-37.4771,-17.0656,-17.3777,9.5735,40.3540,41.7388,36.4203,6.0265,13.5154,1.963408,0.001678,-0.003890,0.918207,2.919031,1.253205,-0.000501,9.174e-12
1184,-0.022017,0.034316,0.384128,0.902892,0.144636,-0.404805,0.137729,0.794716,0.591148,0.407207,-0.589496,0.697622,-18.1914,-44.2170,-19.3871,-47.5893,-18.3950,-10.0803,5.2081,46.2125,29.9012,50.3030,11.7754,3.4275,3.096289,0.001132,-0.001467,0.915124,3.468680,2.562596,0.001360,9.927e-12
1185,-0.016972,-0.047125,0.376102,0.872705,-0.197949,-0.446320,-0.146831,0.765407,-0.626572,0.465646,0.612347,0.638910,-22.1302,-12.5100,-22.7419,-54.5664,-22.4045,-48.5465,8.8279,1.4589,52.9339,55.3803,23.4441,48.4005,3.274030,0.000319,-0.000216,0.898290,-2.218015,3.451843,-0.020411,1.590e-11
1186,-0.033316,0.002313,0.414280,0.964535,-0.008306,-0.263825,0.009941,0.999939,0.004865,0.263769,-0.007315,0.964558,-12.6666,-22.5256,-18.6770,-34.3521,-16.8106,-22.1564,0.3728,18.4526,49.6610,28.3786,26.0863,20.3871,0.982854,0.006502,-0.002004,0.927732,0.522376,1.731803,0.016081,3.095e-12
1187,-0.095502,0.010710,0.375316,0.597655,0.026689,-0.801309,0.061438,0.994982,0.078964,0.799396,-0.096424,0.593016,-13.7549,-19.6241,-23.9002,-58.6217,-21.5021,-13.9556,24.3997,11.9361,55.1368,52.2805,37.4299,7.7141,2.841700,0.011697,-0.002479,0.910785,0.693099,3.449201,0.028699,5.940e-12
1188,-0.016324,-0.039262,0.390010,0.946792,-0.104308,-0.304475,-0.088434,0.825299,-0.557728,0.309458,0.554978,0.772162,-20.7257,-15.9569,-20.9068,-46.6876,-21.2385,-47.1716,17.5581,7.7665,32.9076,46.7821,20.2481,47.6408,2.440617,0.000457,0.000478,0.905375,-2.254017,1.811237,-0.000478,6.955e-12
1189,0.022305,-0.017072,0.403337,0.953706,0.028123,0.299421,0.014430,0.990192,-0.138963,-0.300393,0.136851,0.943947,-22.7628,-38.4791,-22.4203,-28.3278,-22.2419,-45.7141,29.0818,33.6758,48.6747,21.2349,19.6889,43.2529,1.108293,-0.000717,-0.000223,0.898949,0.322449,-1.129216,-0.003938,2.807e-12
1190,0.042816,0.031355,0.383688,0.783207,-0.141994,0.605330,-0.106658,0.928459,0.355792,-0.612545,-0.343222,0.712031,-23.7721,-57.1080,-21.9423,-16.6943,-21.5268,-37.3978,44.0600,56.6246,19.3284,7.3495,40.1165,31.7151,2.742701,-0.003287,-0.000831,0.898597,0.994653,-3.345169,0.008643,7.252e-10
1191,0.007276,-0.010942,0.390367,0.936563,0.023434,0.349716,0.022244,0.991777,-0.126029,-0.349794,0.125813,0.928340,-26.3971,-50.8238,-28.7089,-38.0191,-28.5099,-57.4824,31.9709,48.9717,36.7918,29.7028,22.8215,57.8297,1.612939,0.005475,-0.000391,0.874649,-0.115818,-1.733514,0.011807,1.679e-11
1192,0.031906,0.001126,0.383272,0.802395,-0.024516,0.596290,-0.025960,0.996776,0.075914,-0.596229,-0.076392,0.799172,-25.8038,-58.4916,-27.5430,-27.5652,-28.0306,-54.1960,18.8874,59.0464,41.3317,16.2418,38.5771,52.8708,2.322302,0.004649,0.001023,0.877897,0.477351,-2.143101,0.006026,2.154e-11
1193,-0.001372,-0.015106,0.401270,0.975818,0.035680,0.215654,0.017502,0.970666,-0.239795,-0.217883,0.237771,0.946568,-22.2993,-35.0349,-21.9879,-31.2883,-21.9893,-47.5500,55.1249,30.6268,14.7194,26.1874,12.7372,46.7928,1.603133,-0.000385,0.000049,0.900316,-1.029328,-2.561039,0.003425,8.002e-12
1194,0.047943,-0.059890,0.393781,0.886612,0.170544,0.429923,0.106838,0.828879,-0.549131,-0.450005,0.532798,0.716674,-18.3011,-18.0815,-11.4268,-11.1638,-15.0228,-48.8201,31.6180,14.0569,19.4978,9.3578,0.3746,49.1044,2.338274,-0.006930,0.004633,0.932610,-1.519204,-2.185346,-0.055273,7.155e-12
1195,-0.034655,-0.075191,0.405508,0.989726,-0.081855,-0.117228,0.013051,0.868201,-0.496041,0.142381,0.489414,0.860349,-12.2242,-8.2198,-15.3432,-28.0658,-22.9374,-35.0681,15.7945,2.9045,59.1768,14.7020,54.9899,27.7767,1.428478,0.005645,0.005703,0.924422,-0.719367,0.667894,0.111753,5.845e-13
1196,0.023785,-0.008641,0.391682,0.844524,0.022219,0.535057,0.019523,0.997197,-0.072224,-0.535162,0.071440,0.841723,-20.3625,-47.7830,-22.4924,-24.2757,-22.5435,-51.6498,1.4936,51.7241,21.2170,18.5526,8.9096,56.6512,2.136843,0.005346,0.000161,0.901856,0.072621,-2.090653,0.011197,2.039e-11
1197,0.045018,-0.046709,0.388913,0.872183,0.124970,0.472948,0.172155,0.826554,-0.535884,-0.457886,0.548809,0.699392,-18.2846,-21.8985,-14.5400,-14.8131,-18.8948,-53.6346,9.2191,19.5556,13.5616,9.6202,36.3403,54.9068,2.634926,-0.002757,0.005805,0.921931,-2.942421,-1.488660,0.027583,8.709e-12
1198,-0.044281,0.028528,0.385222,0.829286,0.112279,-0.547429,0.117979,0.922350,0.367901,0.546229,-0.369680,0.751645,-23.8849,-41.0536,-26.0747,-57.3939,-24.7041,-20.0664,48.7547,33.5801,44.5817,53.6203,42.2887,8.2522,2.419748,0.002431,-0.001870,0.887707,1.737928,2.286775,0.002736,6.757e-12
1199,-0.003964,0.008249,0.388876,0.976729,-0.035031,-0.211598,-0.038538,0.941849,-0.333818,0.210988,0.334204,0.918581,-27.8708,-34.2171,-28.1971,-52.8641,-25.3618,-52.0994,30.3671,23.8752,15.3144,51.2007,59.3691,50.6345,2.220403,-0.002453,-0.005715,0.877466,-3.140555,1.302529,0.012730,3.240e-11
