idx,x_x,x_y,x_z,rpy_roll,rpy_pitch,rpy_yaw,dL0,dL1,dL2,dL3,dL4,dL5,tau0,tau1,tau2,tau3,tau4,tau5
0,-0.037082,-0.018338,0.387378,0.522093,-0.461686,-0.154356,-22.4395,-18.0372,-21.7353,-52.1356,-23.3046,-43.1948,45.9767,8.8403,2.4979,51.7509,47.9722,39.2973
1,0.048326,0.015415,0.383147,-0.194897,0.798895,-0.065655,-21.1857,-51.2033,-19.6460,-11.1853,-19.8825,-43.4244,28.2189,52.8304,10.6262,2.8563,31.4837,42.4839
2,-0.012448,-0.078003,0.404078,0.572533,-0.133045,-0.084921,-16.9733,-7.0965,-10.5463,-28.4432,-19.7255,-36.6152,55.4356,1.3109,13.6532,25.3292,29.1488,27.5830
3,0.001004,0.003033,0.413718,-0.043139,-0.025832,-0.000682,-17.5977,-31.8663,-18.9897,-31.9094,-18.4739,-29.6265,8.0355,28.9210,35.8732,27.8446,29.0656,26.6936
4,-0.039161,0.036537,0.389616,-0.584748,-0.516596,0.160581,-18.6127,-39.5949,-19.4812,-50.3387,-18.7990,-12.0712,28.8341,39.7403,4.7483,53.3697,18.7716,5.0888
5,0.032959,-0.000551,0.382211,0.130724,0.697348,0.052696,-25.0046,-50.2510,-25.7860,-21.6729,-25.6581,-55.9766,39.7421,47.3935,28.9208,9.6552,42.1616,54.9507
6,-0.088962,-0.031324,0.409190,0.210143,-0.440653,-0.024502,-5.3697,-7.1386,-15.7721,-32.2433,-18.8362,-17.5232,8.3289,4.1176,48.1493,19.1536,44.7752,13.5754
7,-0.079597,0.006845,0.395663,-0.083446,-0.677753,0.004231,-15.6375,-20.9905,-21.0681,-49.5991,-22.2739,-17.1742,49.7258,13.5890,29.7694,41.9652,52.8192,7.1031
8,-0.015683,0.024556,0.424948,-0.152249,-0.069556,0.001802,-11.4124,-21.4518,-14.9682,-20.6357,-12.3860,-13.5487,25.8258,15.3029,34.3081,12.9904,35.2565,8.4280
9,-0.001301,0.025865,0.395424,-0.149803,-0.119771,0.008493,-27.7445,-50.0537,-27.3807,-51.5950,-26.4182,-42.3209,26.1944,46.9764,8.9627,50.6814,48.2319,38.2293
10,-0.007703,0.044371,0.386024,-0.684032,-0.185897,0.059864,-24.1569,-55.4232,-23.7790,-46.9748,-24.2427,-20.3432,28.3183,55.6569,18.8120,44.6389,47.8928,9.7684
11,-0.104133,-0.004693,0.415078,0.010564,-0.579057,-0.013090,1.1070,-0.9626,-8.8718,-27.2188,-10.1059,-1.3512,7.4921,2.3481,6.4291,21.7815,13.4810,1.2560
12,0.009305,-0.043730,0.394775,0.645249,0.065346,0.038615,-17.8372,-16.1720,-16.5637,-29.7845,-20.0063,-49.6360,8.2252,12.0349,10.9080,26.8125,40.6609,50.8041
13,0.019543,-0.014635,0.406187,0.215799,0.253083,0.030283,-21.3535,-32.1991,-19.1395,-26.2126,-20.8266,-43.1727,37.4543,27.5677,17.6179,20.5144,37.3021,39.5650
14,0.007575,-0.069195,0.396324,0.649372,0.064629,0.070895,-17.8570,-14.6375,-17.4063,-28.1441,-23.5327,-48.2892,10.3224,8.1981,52.3985,18.3113,54.0546,43.7461
15,-0.037051,0.011155,0.394100,-0.251601,-0.584330,0.080189,-19.5416,-32.2149,-20.1778,-52.9679,-19.8498,-20.6495,22.3146,29.6050,22.1558,56.0054,14.6941,15.0941
16,0.059208,-0.048864,0.407205,0.372681,0.410230,0.075913,-20.1063,-20.9158,-13.0510,-11.1828,-17.4309,-39.1771,38.3264,12.0725,51.2326,2.9561,40.9595,30.0035
17,0.071464,0.091233,0.374555,-0.808578,0.518340,-0.238409,-25.0671,-57.1811,-23.8569,-12.3658,-12.7797,-19.4164,54.1427,45.2654,58.8613,3.2661,39.4204,10.8069
18,-0.014617,0.018600,0.412000,-0.186791,-0.173466,0.011417,-17.1502,-32.8164,-18.2148,-35.8601,-17.9965,-23.2087,19.1090,31.0496,13.2703,33.8885,32.3432,18.9190
19,-0.065982,-0.026331,0.394034,0.295035,-0.621619,-0.116663,-13.5934,-12.9035,-17.6937,-47.8662,-22.3405,-26.1039,13.7238,9.1544,21.7039,43.0131,55.7656,20.2018
20,0.004759,-0.036961,0.403398,0.464272,-0.002776,0.012249,-18.7864,-20.8885,-18.6771,-33.0802,-20.3723,-44.9958,9.4791,15.6264,33.9377,29.3258,29.9918,44.5759
21,-0.015095,-0.012857,0.394836,0.337893,-0.076216,-0.015749,-26.0834,-35.5006,-27.1757,-47.7124,-25.7558,-53.0160,46.5385,27.9611,25.1925,44.1594,23.6197,52.4216
22,0.016183,-0.006982,0.400114,0.340516,0.081326,0.024311,-22.0734,-30.8378,-22.2630,-36.0004,-22.0940,-48.4667,5.9470,25.5848,18.0879,32.2272,53.7149,48.5764
23,0.008798,0.015584,0.389069,-0.412982,0.398428,-0.078151,-23.8051,-56.9741,-23.8789,-28.3975,-24.2478,-36.7482,54.5775,57.7735,29.0664,20.2977,13.5120,31.1770
24,0.017231,0.010672,0.384725,0.046303,0.536887,0.019366,-27.8422,-54.2890,-29.7487,-31.3126,-29.1632,-56.5934,54.0961,49.4426,26.9771,18.0649,56.9917,53.1748
25,-0.000864,0.001906,0.414377,-0.006128,-0.013318,0.000635,-20.4426,-30.6499,-20.6659,-31.0899,-18.8907,-30.3316,47.8168,21.7858,49.0157,24.3595,24.8509,23.6682
26,0.052165,0.045956,0.405925,-0.381959,0.392959,-0.069328,-18.7523,-39.4866,-15.3135,-11.9955,-9.8388,-20.6614,39.9882,34.2381,22.5990,10.2396,6.9825,16.9920
27,-0.033807,0.052888,0.398259,-0.557713,-0.328570,0.093110,-19.3530,-40.8517,-20.8205,-42.4554,-19.5211,-12.9613,49.6382,37.3657,2.3714,39.2195,48.7978,3.0281
28,0.046923,0.037062,0.386092,-0.462158,0.631408,-0.113167,-23.7531,-54.4205,-19.8828,-14.8259,-19.3709,-33.7863,55.3276,52.8578,9.1909,7.3935,38.1024,26.8769
29,-0.022290,-0.051505,0.403526,0.513984,-0.212564,-0.051715,-17.6307,-13.3704,-17.6744,-36.4995,-19.9178,-39.6659,34.7087,5.5693,43.5045,32.4881,13.0946,36.6341
30,0.004217,0.006965,0.395628,-0.380396,0.172240,-0.033515,-23.2945,-53.2719,-23.1832,-35.5540,-24.1801,-33.7025,34.2193,54.5019,39.1474,30.4719,9.8772,27.9367
31,0.001346,0.026386,0.420594,-0.243371,0.031817,-0.011521,-12.1134,-29.1644,-13.6559,-21.3852,-13.2320,-16.5249,2.8145,29.4622,8.6443,17.9666,36.1615,13.6803
32,-0.049207,-0.037060,0.404947,0.373404,-0.450019,-0.100850,-13.4751,-10.0849,-14.3183,-39.8163,-18.2700,-28.0920,28.7983,6.3807,11.5345,38.5888,21.9572,24.5347
33,-0.054395,-0.025369,0.416855,0.164338,-0.267216,-0.009306,-8.5429,-12.6606,-15.3159,-28.9111,-18.1937,-21.0544,5.8822,9.7101,42.6741,18.2370,45.6243,16.8368
34,-0.024714,-0.021965,0.388712,0.077010,-0.124499,-0.005012,-30.4555,-50.9516,-30.8434,-58.5489,-32.4493,-54.9327,54.2455,47.8519,39.4340,55.0920,6.9367,50.9208
35,-0.073956,-0.026363,0.405072,0.202867,-0.552951,-0.074864,-9.2202,-9.6854,-14.2714,-39.4246,-18.6460,-19.0217,16.0648,7.9782,17.0418,34.2177,38.3197,14.3874
36,0.024541,-0.020613,0.403599,0.194167,0.176762,0.019303,-22.8986,-36.7836,-22.8874,-33.7691,-22.8784,-46.7631,4.5214,32.2890,55.7067,28.4206,26.9635,45.1935
37,0.020721,-0.006676,0.395933,-0.262539,0.140417,-0.021246,-24.6562,-53.0103,-22.9955,-39.9220,-25.5912,-39.4604,2.4784,55.9095,43.3837,37.7936,16.3434,35.0520
38,-0.000191,-0.001902,0.400831,-0.068470,0.147508,-0.005116,-22.5140,-46.9008,-23.2105,-38.4917,-23.9094,-43.3670,20.0177,48.9462,16.5276,36.2789,9.4236,43.4777
39,-0.024051,0.016721,0.393799,-0.292081,-0.354174,0.052922,-25.6762,-45.9732,-24.6428,-54.8576,-25.3690,-31.4356,41.2728,43.6671,14.0817,55.5391,28.0785,23.9523
40,-0.010529,0.004873,0.386062,0.463483,-0.270359,-0.064772,-25.4829,-29.3590,-26.2813,-53.6167,-21.8281,-52.8934,21.6800,21.1265,1.7130,57.1696,27.7145,57.2665
41,-0.003828,-0.026081,0.422088,0.223725,-0.028570,-0.001813,-11.5611,-14.7572,-11.2652,-21.8624,-12.7338,-26.3795,10.6514,12.9816,18.8957,20.6464,5.8482,26.1001
42,0.008009,0.058382,0.392795,-0.715347,0.008987,-0.038018,-17.5544,-50.4323,-20.6334,-31.4192,-17.4575,-13.3178,0.1170,51.4274,32.5755,27.0024,39.0332,7.6055
43,0.008406,-0.014909,0.395113,0.188268,0.119853,0.011160,-28.6860,-45.3136,-29.0613,-44.7554,-28.7747,-55.0487,35.6500,38.4791,51.4287,37.6433,34.5255,51.4268
44,0.007597,-0.042295,0.391551,0.690887,0.187145,0.057993,-18.4373,-18.8650,-17.7867,-27.4093,-18.3739,-54.2888,21.1241,14.6552,12.1300,25.7685,5.9165,59.6325
45,0.040398,0.064120,0.400680,-0.533640,0.327002,-0.107489,-20.1665,-46.2453,-21.3004,-17.4313,-15.2179,-19.6094,30.7804,38.4250,48.0103,7.6011,52.7339,11.8788
46,-0.039326,0.036529,0.375604,-0.645144,-0.584033,0.197572,-23.7815,-45.3633,-26.9122,-58.6517,-24.8228,-15.9456,34.5546,38.7375,59.7078,54.5469,44.2942,3.4611
47,0.048913,0.028893,0.392129,-0.393352,0.533228,-0.120452,-24.3143,-53.7298,-23.6017,-19.9490,-21.4066,-35.3172,31.7621,49.0571,52.1314,9.1887,46.0992,28.1145
48,0.051165,0.016363,0.377505,-0.249122,0.826478,-0.090634,-24.0755,-53.7938,-20.8795,-11.4107,-20.8511,-44.0191,55.0402,52.5464,16.6600,1.9992,29.5379,39.9652
49,-0.011508,0.016207,0.394873,-0.034022,0.196383,-0.001689,-25.5276,-50.3788,-28.0395,-40.7027,-27.1263,-48.6802,52.0920,48.0532,6.4574,33.4867,36.5347,47.0384
50,-0.012337,0.008130,0.394593,0.209169,0.163583,0.016146,-24.3640,-41.8110,-27.0899,-39.7593,-25.0684,-52.5660,49.5194,37.4890,1.2784,33.9286,32.9838,53.9945
51,-0.022964,-0.015608,0.387060,-0.115128,-0.076094,0.003498,-31.2377,-57.3996,-31.1885,-57.8234,-34.1687,-51.4363,58.7907,55.7693,42.3483,52.5300,14.9529,44.2142
52,0.008085,0.018688,0.392974,-0.175921,-0.238493,0.020315,-28.1849,-48.3292,-25.6618,-54.6803,-25.5897,-39.4354,10.6139,45.6647,17.8439,57.2219,43.7485,34.2686
53,-0.066840,0.014472,0.381366,-0.215381,-0.824600,0.083993,-15.2593,-23.8736,-21.7102,-56.9353,-20.8698,-15.3342,5.4853,19.2925,41.1252,54.7342,42.1394,9.3528
54,-0.018773,-0.037396,0.400284,0.447096,-0.250777,-0.045723,-19.4759,-18.7049,-20.3092,-41.7249,-22.3302,-41.4275,21.0273,11.2410,40.4857,37.2881,36.8635,37.9803
55,-0.025854,-0.043651,0.411264,0.403382,-0.215672,-0.019035,-12.0707,-11.1508,-14.6629,-31.3868,-16.9720,-31.8138,2.6720,7.7304,37.9112,27.5393,16.8645,31.4394
56,-0.002659,0.010979,0.399404,0.025241,-0.164934,-0.003103,-25.4129,-40.9494,-25.0094,-49.0203,-24.0559,-42.2619,21.0828,36.8691,14.2615,49.0499,37.7781,39.7968
57,-0.023927,-0.001697,0.394152,0.080465,-0.459259,-0.020646,-25.5368,-33.2494,-25.3629,-55.8828,-25.3292,-37.1475,35.8007,24.7895,35.9785,54.2915,43.0581,29.8680
58,0.013164,-0.022612,0.402463,0.406565,0.113777,0.037443,-19.7371,-25.2081,-18.7588,-30.4975,-21.2541,-46.2295,13.4581,21.0075,11.7436,25.8806,52.7909,44.9392
59,-0.038261,0.020816,0.395345,-0.269607,-0.489012,0.063606,-22.6635,-36.8981,-24.2940,-52.7227,-23.7365,-24.0359,43.9147,30.1200,33.3974,49.1720,44.1187,14.2282
60,-0.103084,-0.004212,0.371365,0.035977,-1.020461,0.019472,-16.4648,-15.8430,-24.2334,-62.5158,-22.5430,-17.3537,59.2840,4.7211,50.7936,57.1109,25.7022,8.8522
61,-0.017287,-0.037122,0.390524,0.602450,-0.311260,-0.093241,-21.4823,-17.8872,-21.4678,-47.8838,-21.0458,-48.1048,22.2853,9.9080,31.0110,49.2016,9.0720,49.4683
62,0.010609,-0.017730,0.407979,0.170996,0.183114,0.005769,-21.7778,-32.6581,-20.2991,-28.7712,-20.2024,-41.4284,47.9340,26.6202,35.4459,23.6338,11.5513,38.0760
63,0.019808,-0.007935,0.388816,0.037554,0.174114,0.003341,-32.7810,-56.8637,-32.3458,-49.9920,-32.7821,-58.7937,27.9384,51.4684,57.7104,42.5886,45.7055,53.3983
64,0.007479,0.019810,0.416881,-0.178885,0.069141,-0.010071,-15.4621,-31.6939,-16.9529,-23.9249,-13.0733,-22.4152,18.2540,28.2572,36.8308,21.3058,1.7553,21.2813
65,-0.014849,0.010326,0.384979,-0.574349,-0.228098,0.075850,-25.0561,-53.4141,-23.8302,-49.4478,-25.3660,-24.0761,37.8053,53.3574,50.0893,47.8356,8.7443,13.4921
66,-0.029081,0.016292,0.390255,-0.364395,-0.035307,0.008527,-26.4625,-57.4142,-27.4269,-49.5129,-29.2863,-38.5558,59.7928,58.7483,9.1140,44.8941,22.6874,31.9861
67,-0.020566,0.054348,0.384337,-0.767776,-0.357995,0.128767,-19.6242,-48.3891,-20.3489,-47.1883,-19.9622,-10.4178,17.0178,50.2534,3.1355,48.2672,41.5097,1.7420
68,0.025582,-0.021966,0.397533,0.319612,0.335795,0.055534,-24.4961,-36.7112,-23.8907,-29.3380,-24.3433,-52.6848,32.6284,29.8062,45.0258,20.4798,39.1354,49.8541
69,-0.013180,0.013250,0.399341,-0.169779,-0.328873,0.018065,-22.5509,-37.7381,-24.5343,-48.3814,-24.3004,-29.2822,9.9752,31.6483,52.4827,43.1378,58.3481,21.0267
70,0.067197,-0.037197,0.380910,0.638354,0.701030,0.308062,-19.2612,-27.8259,-14.0504,-7.8767,-19.8438,-54.8947,6.2313,26.8475,8.8873,0.3459,56.1740,54.3100
71,0.019303,0.021839,0.390112,-0.384804,0.339477,-0.065881,-27.2055,-60.2275,-27.4295,-34.9760,-28.0339,-41.0244,37.9038,58.6168,38.9202,24.9341,50.4855,33.0350
72,0.081400,0.116013,0.377127,-0.821863,0.487124,-0.244296,-19.7285,-48.4900,-19.5063,-4.4403,-3.6265,-9.7608,36.4885,36.2551,47.5812,0.1632,18.2866,6.7469
73,-0.009193,-0.011191,0.417299,0.131773,-0.076817,0.003275,-15.9597,-22.4116,-18.6043,-29.2875,-15.5877,-29.2493,23.7562,14.9804,59.3815,24.3446,1.3851,27.7122
74,-0.012524,-0.017831,0.404937,0.094487,-0.272627,-0.000705,-20.6396,-29.6260,-21.5498,-44.2548,-21.0046,-34.3679,14.0841,24.2719,55.0584,42.6993,10.6026,31.1023
75,0.067262,-0.041734,0.383896,0.536514,0.654191,0.230212,-22.9012,-30.0796,-15.1693,-11.0158,-21.6831,-53.5424,36.0201,25.6976,15.8173,2.6560,59.1982,47.5819
76,-0.008063,-0.035852,0.400181,0.433288,0.045395,-0.007850,-23.0043,-26.9264,-22.0610,-36.0217,-22.4530,-49.3641,58.2746,18.8564,33.5541,31.3169,7.7192,47.3328
77,-0.008047,0.028489,0.388578,-0.593828,-0.202430,0.059721,-24.0271,-53.0563,-23.2195,-47.5360,-24.1673,-22.6536,25.7836,53.5389,29.3878,46.2299,31.4233,13.0580
78,-0.046486,0.037781,0.407271,-0.366067,-0.375973,0.024041,-11.5627,-28.8814,-17.7786,-36.9303,-17.4418,-10.6368,3.8686,28.3012,15.7287,31.1041,55.9504,5.1698
79,0.004555,0.014634,0.406038,-0.186890,0.074071,-0.006154,-22.5164,-43.5551,-22.4958,-35.3555,-22.2742,-33.8623,32.7023,40.5104,27.3690,30.2295,34.9133,28.2737
80,-0.018012,-0.016547,0.412309,0.159894,-0.170316,-0.011509,-19.8921,-24.3074,-20.2284,-36.1167,-19.7617,-32.5379,51.0982,15.1150,46.9515,30.5406,18.6426,26.3515
81,0.052630,-0.014192,0.398975,0.210448,0.571042,0.083266,-20.3508,-34.2645,-15.7488,-13.2372,-18.5044,-43.9423,26.5761,32.0082,11.6277,7.2358,40.4935,40.9485
82,-0.006939,0.000651,0.386867,0.148056,-0.222601,-0.016494,-34.1940,-48.1162,-33.6383,-61.9502,-32.1825,-55.6906,51.5371,36.9897,45.3771,57.4602,52.6232,48.6556
83,0.007078,-0.051225,0.387444,0.751284,0.150197,0.041957,-19.6940,-15.8416,-16.6535,-27.7274,-20.0376,-54.5385,36.8766,10.1087,4.1229,25.0108,25.6453,55.7015
84,0.016824,-0.013438,0.390976,-0.102491,-0.039513,0.002294,-29.7903,-54.0300,-26.4376,-53.1600,-29.1035,-48.7133,6.5410,54.7230,40.0914,54.4863,18.1768,44.4094
85,0.007667,0.029044,0.391337,-0.329543,-0.124822,0.020243,-28.8434,-55.6012,-27.0015,-52.8592,-27.3792,-38.6135,18.0282,54.3565,14.3007,52.7059,52.2977,31.9241
86,-0.017740,0.088169,0.394954,-0.709719,-0.105465,-0.009442,-14.0412,-42.7140,-22.7875,-29.1635,-14.0159,-5.9056,13.2061,37.4388,46.4961,19.9710,45.8124,1.2296
87,0.043542,0.013070,0.371386,0.161311,0.892229,0.107819,-23.1909,-50.8129,-23.9711,-13.9575,-24.2257,-57.2725,29.8821,50.3836,6.0987,1.4914,57.7651,58.3909
88,-0.020827,0.021504,0.392257,-0.279689,0.058615,-0.006664,-26.6500,-56.8300,-28.3489,-46.8938,-28.9826,-42.3750,55.2086,56.8525,7.1575,41.0028,33.3630,37.3598
89,0.013650,0.010658,0.393158,-0.165918,0.125484,-0.010964,-30.9859,-56.6918,-30.7276,-46.7340,-31.1419,-48.1148,38.7412,50.8090,50.2935,37.7423,59.7611,39.1925
90,-0.033746,0.033732,0.387854,-0.366992,-0.580277,0.091801,-23.8948,-39.6331,-23.7703,-57.9214,-23.9820,-22.9255,36.4341,34.8812,8.4307,58.3816,55.4859,13.0358
91,0.020116,-0.054075,0.408716,0.468846,0.197198,0.072480,-16.4053,-17.3463,-15.7564,-20.0424,-19.3466,-41.3376,11.0470,11.0711,58.4955,10.7543,36.4276,37.4221
92,0.013852,-0.006242,0.408542,0.094181,0.222988,0.009379,-21.6771,-33.8379,-18.4161,-26.1936,-19.5341,-38.6484,57.6815,29.1151,8.6874,22.0074,24.2787,33.8858
93,-0.014203,-0.020144,0.390341,0.355275,-0.304143,-0.052759,-29.0560,-32.7797,-28.8553,-55.6933,-28.4061,-50.6448,46.7113,20.2815,53.6832,50.7164,46.2138,43.9364
94,0.045303,-0.043613,0.399498,0.433380,0.411367,0.094245,-22.1572,-26.9158,-17.5870,-18.4343,-21.0502,-48.1130,35.6279,19.2442,46.0891,9.7195,41.3916,42.1488
95,-0.037737,0.036287,0.417642,-0.295477,-0.223220,0.013102,-10.4335,-25.0299,-16.1396,-27.5841,-14.2379,-9.8697,17.2886,21.9735,22.1141,20.3583,44.1835,4.8448
96,0.061913,0.014640,0.410542,-0.129210,0.398424,-0.008753,-21.1817,-33.3061,-13.2072,-12.1272,-12.6686,-26.8657,56.4356,26.3112,14.5249,9.9478,25.0637,18.6863
97,-0.009939,-0.018309,0.387054,0.123864,-0.109963,-0.007057,-33.2904,-52.2335,-32.8489,-60.3994,-33.5360,-58.6419,48.4171,46.0767,49.9245,56.3099,23.9099,53.4688
98,0.020430,-0.029873,0.418116,0.271600,0.178916,0.020602,-13.3364,-17.9971,-9.9936,-16.8354,-12.5496,-31.9619,12.6828,17.6798,4.5579,17.1954,4.7010,32.4191
99,-0.052598,-0.029865,0.378928,0.648697,-0.699348,-0.269577,-16.8705,-7.1962,-17.2758,-54.4628,-19.9738,-34.9797,21.1968,1.0605,1.7615,58.0583,30.7206,33.4358
100,-0.005767,0.020840,0.383116,-0.667560,-0.126360,0.045448,-24.1125,-56.1773,-23.5668,-45.0328,-24.3483,-21.6810,29.8342,56.9866,51.2508,42.2929,14.1413,11.4393
101,-0.039532,-0.037946,0.387749,0.545201,-0.558677,-0.141127,-16.9531,-11.3475,-19.2064,-50.2496,-21.1293,-36.5322,6.3184,4.6771,34.2942,49.5131,33.6539,34.7110
102,0.070009,-0.061143,0.406959,0.428601,0.464041,0.115319,-15.4214,-14.9090,-5.1519,-3.6208,-12.8229,-35.4413,18.4955,13.1328,12.9023,1.9082,25.2150,29.7460
103,0.001731,-0.020602,0.388235,0.427274,-0.261721,-0.052022,-28.2946,-31.4363,-27.4927,-54.4364,-26.0620,-53.0290,21.8414,20.6227,49.2547,53.2104,38.0444,50.3570
104,0.017729,-0.000170,0.403133,0.137687,0.012615,0.005315,-23.5213,-36.6851,-23.4611,-39.6991,-23.2000,-43.8146,1.8428,31.6719,33.2349,35.9813,53.3949,41.2209
105,0.014562,-0.000729,0.393284,-0.237548,0.268360,-0.035800,-27.2939,-56.0503,-27.3091,-37.8657,-28.4571,-43.9778,37.6053,53.8105,56.0433,28.8174,30.0658,36.7325
106,0.019655,-0.000186,0.368826,0.059952,0.865089,0.028692,-22.5940,-53.1968,-24.4365,-15.4126,-24.3426,-55.5208,58.2145,54.2446,11.6848,3.2318,16.5399,57.3649
107,-0.008292,-0.045788,0.385583,0.660450,-0.231187,-0.074663,-24.7980,-22.2976,-24.5577,-50.3603,-23.4226,-55.9139,24.6895,12.8599,49.4856,50.8654,0.2875,57.7250
108,0.017797,-0.009758,0.412783,0.111733,0.202634,0.010956,-18.9290,-29.8051,-16.1587,-23.5309,-17.4275,-35.5312,36.3637,26.5125,11.9187,20.3461,22.5489,32.2712
109,0.003431,0.002652,0.403606,-0.191586,-0.015067,0.000710,-21.9111,-44.4122,-21.2550,-40.1235,-22.1328,-34.4595,11.7037,45.5682,25.4892,39.7408,13.6218,31.5754
110,0.016584,-0.057436,0.389082,0.701514,0.239264,0.050541,-21.1661,-17.5227,-15.0949,-23.7186,-20.0548,-53.2071,56.2842,11.2987,1.4387,20.7344,24.6193,50.9737
111,-0.016974,-0.015669,0.392913,0.204044,0.237319,0.022258,-23.4865,-44.2647,-26.7298,-38.6314,-26.2496,-54.5539,47.3900,43.2276,20.3180,32.3812,0.9089,57.1394
112,0.003250,0.019110,0.407485,-0.247411,0.058100,-0.003526,-21.9779,-41.4454,-22.3063,-32.3822,-19.5498,-28.6062,48.2321,35.2073,46.5961,26.6349,15.7910,22.1806
113,0.026556,-0.054038,0.394057,0.603678,0.291509,0.081460,-22.4123,-23.7176,-19.8681,-25.0276,-21.9613,-54.1554,36.2672,15.0920,52.5229,17.3661,23.2143,51.6940
114,-0.097099,0.035693,0.382489,-0.391373,-0.806345,0.178091,-11.6027,-22.6781,-22.9082,-51.9599,-18.4653,-7.1060,29.0280,16.0145,44.7836,44.9624,33.7900,1.6445
115,0.025305,-0.013073,0.395963,0.268156,0.404420,0.056234,-22.5010,-40.2192,-23.4233,-28.4039,-22.8601,-53.3906,12.2511,37.9510,30.5701,22.2270,25.3238,55.6902
116,0.024030,0.038970,0.397293,-0.452423,0.277455,-0.061566,-23.6976,-53.5791,-23.5330,-29.2258,-22.8874,-30.6927,30.5281,51.1866,27.4787,20.7797,58.6301,22.4615
117,-0.035051,0.009257,0.398854,-0.256762,-0.417181,0.068148,-21.6676,-36.9969,-22.2051,-49.6370,-21.5251,-24.4258,45.0928,32.7481,31.9043,49.2583,9.5966,17.3894
118,-0.023717,-0.008511,0.390973,-0.149623,-0.338761,0.026433,-28.2911,-47.3547,-26.4291,-58.8446,-28.4779,-39.8292,45.8039,44.8447,32.1210,59.4453,11.1773,32.4772
119,-0.004968,0.102853,0.411259,-0.466932,-0.066827,0.042922,-11.6294,-26.4572,-18.5779,-17.6902,-2.6887,-2.2432,38.4692,13.3019,46.5381,13.5263,0.2320,2.5464
120,0.007431,-0.000520,0.394409,-0.007916,0.391063,-0.001576,-21.5948,-50.3470,-24.1064,-32.5521,-24.2235,-49.9531,10.4082,54.6731,10.8919,28.2927,9.7785,54.0131
121,0.006800,0.012100,0.392470,-0.398063,-0.057999,0.010961,-25.9202,-55.3931,-23.7147,-47.7915,-26.1988,-34.7483,11.8690,58.4095,21.6170,48.2310,26.9256,28.5350
122,-0.070398,-0.019686,0.389827,0.218793,-0.750310,-0.047083,-14.4721,-13.9632,-20.3929,-52.5440,-19.5668,-23.2434,21.2507,6.8652,48.8527,50.1023,15.0278,19.9143
123,-0.003236,0.015188,0.402162,-0.217109,-0.056955,0.005688,-25.3612,-45.7994,-25.5779,-42.7489,-25.3167,-34.5307,41.5914,40.0094,41.8084,36.1257,44.8744,25.7881
124,0.065635,0.044543,0.387819,-0.478496,0.602824,-0.125110,-26.1000,-53.4788,-21.5510,-14.5706,-19.1196,-31.6642,56.0248,45.9892,36.4141,4.7609,56.2738,20.9597
125,-0.020915,-0.040749,0.406399,0.401200,-0.201950,-0.038104,-19.4497,-18.2910,-19.7008,-37.8970,-20.0113,-38.8519,44.7718,9.1140,51.9747,33.7134,4.6357,35.2712
126,0.090348,-0.080859,0.393855,0.622347,0.547498,0.142486,-17.4743,-11.0094,-2.8889,0.2926,-11.0147,-40.2157,30.4801,7.1983,15.0632,0.9442,7.2547,34.4239
127,-0.042193,-0.007172,0.394463,0.117826,-0.573678,-0.035389,-22.2786,-26.8117,-22.5169,-55.4000,-22.5890,-32.2503,44.1425,19.6762,23.8685,56.1944,20.9037,26.6067
128,0.005514,0.051445,0.386605,-0.767596,0.118552,-0.037693,-20.2830,-56.1852,-20.6938,-30.4298,-18.5755,-16.5155,31.7146,58.1286,21.3509,27.0827,18.5294,9.6497
129,-0.005872,-0.013919,0.406396,0.173013,-0.131857,-0.008263,-21.6413,-30.2860,-22.0096,-40.7166,-22.2827,-39.2180,22.9634,24.1894,39.2207,36.8367,32.2830,35.3764
130,0.036502,0.035100,0.413859,-0.324261,0.271434,-0.020516,-17.3536,-36.0034,-13.6972,-15.3897,-12.9782,-19.5087,33.2025,33.2840,3.8348,12.3072,37.9778,12.9048
131,0.003375,0.021339,0.390038,-0.361010,0.189454,-0.031207,-29.8570,-60.7424,-30.1168,-42.7557,-30.8048,-42.2386,59.9633,56.2931,42.2224,31.8352,54.3268,31.5028
132,-0.035449,-0.041545,0.416574,0.289760,-0.199559,-0.016619,-11.3153,-11.2698,-13.9855,-27.7821,-18.1720,-26.1616,19.3033,7.0064,38.5097,19.4809,37.1727,20.8372
133,0.015618,0.017489,0.398465,0.066902,0.117678,0.004673,-24.6435,-44.8780,-25.4375,-41.3311,-23.3330,-48.3402,4.9021,42.9248,7.5465,40.0353,41.4159,50.1171
134,-0.067248,-0.032057,0.382576,0.450840,-0.724216,-0.184799,-15.5588,-10.9629,-19.4442,-54.0419,-23.5650,-30.0115,16.5276,4.9274,28.7092,50.2118,54.3925,24.2012
135,0.013433,0.076209,0.376572,-0.934514,0.129629,-0.075414,-18.0855,-56.5402,-21.2974,-25.6248,-13.5482,-8.2955,22.6092,56.0055,42.8434,21.9555,5.6490,3.7328
136,-0.023458,-0.042062,0.397573,0.494610,-0.239574,-0.064557,-22.4407,-20.4379,-22.1912,-44.2571,-23.1479,-45.6277,50.0037,10.4866,44.3595,40.3359,15.7474,41.7838
137,-0.042115,0.060382,0.426673,-0.200280,-0.096116,-0.000389,-4.3848,-14.5426,-16.2695,-13.6441,-6.5119,-4.1309,12.9458,5.3227,55.7575,1.4133,27.2715,4.4774
138,0.014411,0.082960,0.388708,-0.811988,0.125764,-0.053191,-16.0786,-49.1048,-19.2075,-21.8070,-10.1422,-7.1559,22.4574,47.0310,31.3744,19.4481,4.4570,4.5701
139,-0.020796,0.016255,0.393178,-0.242237,-0.055760,0.007221,-27.3757,-54.8022,-28.2039,-51.0346,-28.9637,-42.2415,50.1047,54.1432,11.3830,47.2241,30.1690,36.9340
140,-0.003734,-0.064195,0.375864,0.909465,-0.097278,-0.030746,-21.6136,-11.3323,-21.0085,-39.9318,-23.9352,-58.4048,25.0485,0.9854,41.6226,34.8997,37.9197,57.9604
141,0.004716,-0.029063,0.389564,0.505883,0.391815,0.078425,-21.2696,-30.8162,-20.9885,-24.6676,-20.6988,-55.4636,55.9833,26.4886,9.5254,19.2864,2.5493,58.6900
142,-0.001110,-0.005833,0.387392,-0.188003,0.214591,-0.020272,-30.6966,-61.1729,-31.3815,-46.6547,-33.5660,-51.5448,53.8863,58.8146,52.8812,36.3526,33.0087,43.5546
143,0.076446,-0.079302,0.366741,0.879631,0.637583,0.314884,-26.1669,-23.7614,-15.5061,-10.8379,-23.8387,-62.4190,51.1782,14.3724,45.9242,0.6969,53.7825,53.5143
144,0.052830,-0.048616,0.397469,0.532079,0.500040,0.143205,-18.5278,-24.1417,-16.2634,-13.2172,-18.0981,-49.3489,1.8535,18.9962,58.3478,5.4455,23.0418,49.1742
145,0.008477,0.002486,0.389241,0.157958,0.273842,0.022135,-29.7433,-51.6178,-31.9399,-43.2680,-30.4106,-59.6383,42.3921,45.0695,37.2576,33.4210,50.0117,57.4060
146,0.032012,-0.104570,0.363202,1.048318,0.266013,0.135844,-23.2860,-9.8681,-13.6775,-22.1036,-25.1565,-62.8843,54.2709,1.4236,27.0696,14.8011,50.6403,55.0353
147,0.045416,0.060133,0.409515,-0.470904,0.261815,-0.026071,-18.6905,-37.7447,-14.6407,-13.6778,-10.5052,-13.7019,47.4196,30.8565,12.8064,10.3415,38.4442,5.1414
148,-0.002142,0.000793,0.400875,0.051291,-0.132393,-0.003560,-25.2681,-39.9700,-24.8797,-47.2551,-24.5421,-42.6208,24.2568,35.2835,27.3099,45.6339,33.6339,39.1445
149,-0.007754,0.074897,0.413533,-0.554046,-0.001851,-0.029617,-9.5546,-32.1555,-15.2138,-17.6575,-9.4408,-3.3451,7.2057,29.8613,15.9810,11.2818,43.5085,0.1047
150,0.014450,0.005781,0.388797,-0.068451,0.394042,-0.013555,-27.4631,-57.9296,-29.4717,-38.5061,-29.5441,-54.5756,25.8761,57.5582,31.2433,29.7816,38.8298,53.1326
151,-0.001544,-0.036052,0.393132,0.388158,-0.216964,-0.039314,-26.1074,-31.5668,-24.8586,-51.4986,-24.6373,-51.3415,19.0784,24.8435,50.9177,52.4871,3.4735,50.6712
152,-0.039059,-0.024100,0.396741,0.276807,-0.434812,-0.054998,-22.2043,-23.7299,-24.5759,-50.2617,-26.1153,-37.1933,40.8259,12.9088,56.2927,42.1277,54.6103,28.3108
153,0.056034,0.045087,0.385847,-0.651492,0.554895,-0.225153,-20.9052,-57.6312,-21.6519,-15.9519,-18.8734,-27.5966,0.2807,57.6295,45.7190,6.4504,49.3792,22.4458
154,0.026388,-0.012224,0.395882,0.319034,0.369092,0.069802,-23.9904,-37.0491,-23.3527,-28.1253,-24.0707,-52.8845,31.4939,31.2133,25.7855,19.5834,51.6617,50.7393
155,0.029625,-0.017975,0.402455,0.199840,0.303871,0.035041,-25.7863,-36.6791,-23.1676,-27.9425,-25.0209,-46.7352,51.6252,27.0242,49.1055,16.7264,59.0002,37.6212
156,0.027627,-0.011563,0.386923,0.167939,-0.095193,-0.010263,-32.6418,-48.6562,-29.1934,-57.3054,-28.5669,-57.3054,1.2690,43.3959,45.5776,59.8345,30.2845,55.3794
157,0.018257,0.075537,0.406705,-0.469276,0.092479,-0.012481,-19.9128,-38.6789,-21.9955,-22.2538,-12.3048,-14.3504,56.5128,25.3887,53.9519,13.9979,34.5525,6.4782
158,0.047870,-0.050456,0.407618,0.378590,0.416465,0.132447,-15.8374,-20.9826,-11.4157,-10.7644,-18.7529,-39.2717,3.2153,19.0884,31.1071,2.1246,57.7158,33.2343
159,-0.021102,-0.010195,0.396075,-0.057453,-0.339089,0.017598,-27.0566,-40.2962,-26.6658,-54.0703,-26.8993,-37.3852,47.8780,32.4546,58.9652,50.4513,22.1842,28.3924
160,-0.042937,0.045891,0.383918,-0.667085,-0.498964,0.179657,-22.4188,-45.7315,-23.0366,-54.0036,-22.4624,-14.1522,53.0398,43.1554,5.6025,53.7767,37.5666,3.1339
161,-0.016483,-0.008820,0.391061,0.459686,-0.263307,-0.062924,-23.3152,-27.2291,-24.0055,-51.0979,-20.9527,-50.5818,21.8721,21.3385,4.7936,55.2131,7.5169,55.4380
162,-0.005020,-0.004129,0.401441,0.250245,-0.126163,-0.016862,-22.8482,-31.4146,-22.9468,-43.6119,-22.3113,-44.3518,22.7020,25.8739,14.9911,42.3251,36.2447,43.4082
163,-0.038594,0.019108,0.392691,-0.195660,-0.554922,0.041128,-23.2661,-35.1216,-24.3857,-55.6983,-24.5976,-26.0645,40.0594,28.0923,26.4466,52.9464,54.7080,16.1219
164,-0.011677,0.009884,0.391829,-0.257656,-0.350074,0.045224,-27.3564,-46.9564,-25.3151,-56.4704,-26.4045,-34.1310,30.2545,43.9188,28.2112,57.4368,31.8392,25.9462
165,0.048823,-0.045146,0.391164,0.577663,0.510198,0.160231,-20.5115,-28.3205,-19.3258,-17.7625,-20.3909,-55.5706,1.0667,23.2815,57.4223,9.8065,23.7058,57.0866
166,-0.003807,0.020872,0.383435,-0.089898,0.360378,-0.017527,-29.2757,-61.9305,-33.4816,-43.5293,-32.2644,-57.5853,49.1342,59.9134,18.5904,32.2848,50.9138,55.8732
167,0.043914,-0.025105,0.390850,0.405065,0.614405,0.128518,-20.2159,-34.7351,-18.9833,-15.5406,-19.5539,-53.0130,14.0295,32.6701,28.8638,8.7428,20.1647,55.5318
168,0.027003,-0.020911,0.398524,0.463186,0.381890,0.101503,-17.0850,-26.4044,-16.3747,-20.1119,-17.2382,-49.2896,3.7331,26.0249,0.1824,17.7010,21.9084,54.4641
169,0.031205,-0.058557,0.404960,0.451808,0.239126,0.066965,-18.5303,-18.3218,-11.0892,-18.6443,-19.8793,-41.3102,35.7727,15.2087,5.8673,13.8826,50.1493,33.5508
170,-0.013000,0.037101,0.377766,-0.788659,-0.173304,0.078008,-24.7699,-58.7591,-24.5051,-47.0811,-24.7645,-18.2148,40.6055,58.8693,38.8688,43.8024,27.6741,6.2015
171,0.071446,0.050678,0.396569,-0.457255,0.543157,-0.113961,-22.0023,-45.4783,-17.4622,-9.5921,-13.3238,-24.0669,41.3648,38.2678,31.5838,3.1289,43.1277,15.9596
172,0.065552,0.013765,0.390454,-0.181202,0.685250,-0.073621,-24.4658,-47.1537,-20.1418,-12.2365,-18.1995,-39.2922,49.3255,40.9120,41.4970,3.9126,28.3586,33.2681
173,0.026966,0.016384,0.390641,-0.262688,0.553636,-0.067609,-23.2618,-53.3974,-22.8617,-22.1292,-22.8520,-41.2366,42.9249,53.1880,21.5905,13.3390,29.4685,37.4964
174,0.008820,0.009770,0.415609,-0.106936,0.081145,-0.007251,-16.7057,-32.7795,-17.4629,-26.3496,-16.3210,-27.2370,12.5622,30.5303,29.5674,22.7196,21.5665,24.8446
175,-0.099497,-0.034208,0.406688,0.253701,-0.531487,-0.039423,-3.3788,-2.6256,-14.1038,-32.7926,-16.7831,-14.8127,9.3413,0.2717,41.2535,21.9266,29.9031,12.5542
176,0.033919,0.072267,0.388563,-0.705193,0.295974,-0.107235,-22.0023,-53.3936,-22.5857,-21.1975,-14.9838,-17.8951,45.5717,46.7287,45.6984,14.2150,26.8878,10.7039
177,-0.094623,-0.023238,0.388305,0.272581,-0.825017,-0.106721,-13.4780,-8.7439,-19.0439,-51.6560,-19.9794,-19.6257,56.3923,0.0224,35.2670,47.0294,17.8200,12.8632
178,-0.004254,-0.007747,0.403953,-0.068471,0.094372,-0.004295,-23.7122,-42.4746,-23.6176,-36.4529,-23.2646,-38.9227,54.3133,38.0666,44.7360,30.8647,3.4221,33.9334
179,0.033651,0.010140,0.389823,-0.188925,0.492963,-0.047999,-26.1008,-57.7568,-26.7745,-30.9457,-27.2435,-48.7408,13.5471,57.7111,38.7029,21.6097,47.2487,45.4616
180,0.011927,0.013143,0.388533,-0.323952,0.263477,-0.043235,-29.9828,-62.1405,-30.2236,-41.8617,-31.4322,-45.7012,46.7556,59.0850,48.8006,31.0191,51.1575,36.2897
181,-0.010484,0.042146,0.418827,-0.304408,-0.102350,0.023533,-15.0292,-28.0130,-16.5427,-24.8388,-12.9708,-12.2591,44.4385,20.6507,24.7821,19.2091,35.2417,4.9124
182,-0.003356,-0.012417,0.391308,0.301387,0.026175,0.003868,-28.5560,-42.9708,-29.8925,-49.5912,-28.2025,-58.6251,36.0510,36.3551,35.3432,45.3641,25.1140,58.7610
183,-0.037938,0.031924,0.377705,-0.722091,-0.541004,0.231418,-19.2087,-42.7155,-21.6580,-52.2058,-18.9143,-9.1185,21.6118,41.1784,47.2716,53.8080,2.8111,1.3556
184,0.027330,-0.025654,0.389718,0.158787,0.428064,0.033072,-26.6608,-50.6834,-27.3848,-35.1818,-28.2981,-58.3486,12.2435,49.3645,58.2819,27.2275,18.8550,58.0853
185,-0.052663,0.067227,0.408656,-0.397209,-0.261328,0.038175,-11.9014,-28.3197,-23.0074,-30.1936,-14.7066,-8.0897,33.6175,17.8644,59.4851,16.6613,49.5422,2.4527
186,-0.119351,0.003461,0.378924,-0.014803,-0.963084,0.075289,-10.0961,-10.1954,-21.8450,-53.7122,-18.0397,-10.4679,48.4966,0.6384,49.9925,46.5616,14.4023,5.9025
187,-0.070826,-0.017120,0.391520,0.194270,-0.682937,-0.060257,-17.2554,-17.6477,-22.3620,-52.7933,-23.2800,-26.1573,39.4965,8.6496,48.1545,46.2563,40.8510,18.4533
188,-0.078396,0.087727,0.412294,-0.321785,-0.313580,0.068299,-2.3985,-14.8186,-19.7810,-21.2686,-5.1071,1.2205,13.6900,4.4766,59.2267,9.3107,13.3404,2.7127
189,0.019052,0.032283,0.391451,0.073290,0.137106,0.003855,-27.3219,-49.8608,-28.9941,-45.6316,-24.7475,-53.6527,3.4698,46.6501,1.0721,44.5120,52.8963,57.0357
190,-0.103459,-0.014116,0.380930,0.182739,-0.926219,-0.093603,-7.0408,-6.5903,-16.3930,-51.7361,-18.1303,-13.1753,3.3929,4.9801,22.6670,48.9492,27.5238,11.2389
191,0.066645,0.056766,0.409376,-0.411034,0.413693,-0.075333,-17.0668,-35.1948,-13.0966,-6.0386,-7.7710,-15.0204,30.5729,28.2378,22.6185,2.5831,32.6677,9.0568
192,-0.075096,0.003171,0.394102,-0.048189,-0.733433,0.038009,-15.2796,-19.1730,-20.3729,-51.2186,-18.8709,-17.2319,43.9563,11.9591,33.5208,48.7009,16.6850,11.3922
193,0.063428,-0.020994,0.399623,0.209044,0.543421,0.046046,-24.2087,-34.2304,-18.8251,-14.5439,-19.6483,-44.0573,46.1426,24.5121,55.4586,4.9750,40.7083,36.1416
194,0.035476,-0.004976,0.376945,0.103933,0.832287,0.041207,-21.5367,-46.3210,-19.8302,-10.8371,-19.8450,-50.3709,56.6908,46.4104,6.8932,2.7931,6.3523,51.6192
195,-0.002137,0.088339,0.409388,-0.559592,-0.025236,0.015685,-12.6837,-32.8265,-17.4622,-19.5481,-7.2252,-3.7574,31.1068,25.0892,28.6144,14.9873,21.8885,0.7619
196,0.025917,0.137541,0.380782,-0.862228,0.172270,-0.141865,-13.9925,-45.3689,-23.1589,-13.7524,-4.0884,-1.1948,19.4433,33.9966,58.6700,5.9544,20.4468,1.5743
197,0.039285,-0.039675,0.386839,0.550628,0.476482,0.136858,-25.3232,-33.7352,-23.8461,-24.4152,-24.9497,-60.0665,33.2759,24.9901,58.0292,13.4390,40.2327,57.5626
198,-0.034798,-0.046012,0.404014,0.461728,-0.322042,-0.084758,-15.9380,-11.6117,-15.7441,-38.1917,-19.6236,-34.7282,33.9372,5.9692,22.4343,35.5400,22.9951,30.8161
199,0.068530,-0.019816,0.397914,0.211388,0.615734,0.040345,-22.5641,-33.8663,-17.5028,-10.8550,-17.1486,-43.5551,36.6634,25.7891,53.2745,3.0644,24.7975,38.7594
200,-0.012692,0.061238,0.400026,-0.642653,-0.126425,0.039481,-15.8873,-42.8187,-18.4076,-32.3059,-14.9268,-9.6122,20.9108,42.6773,9.6221,30.3416,29.8161,4.2900
201,-0.057871,0.019804,0.387685,-0.224411,-0.721664,0.048041,-16.2028,-26.4179,-21.1454,-54.2937,-21.7375,-16.8349,7.9424,22.6705,27.7183,51.5187,57.0793,9.5319
202,0.043037,-0.026792,0.418484,0.259707,0.224492,-0.000228,-18.2503,-17.3794,-12.7130,-13.9186,-12.2873,-30.7582,48.7300,6.6228,47.7752,9.8556,10.1714,24.4570
203,0.055373,0.072335,0.416457,-0.291113,0.205889,-0.026586,-17.7218,-26.3093,-15.5436,-9.4706,-4.1964,-11.3807,56.8574,10.0067,48.2617,5.7258,16.1364,5.3793
204,0.066426,0.020394,0.400862,-0.213489,0.599003,-0.056388,-20.4757,-41.8475,-16.7007,-9.8331,-16.0065,-32.0715,22.1683,37.9486,30.4510,2.3745,46.3525,26.2197
205,0.018178,0.017277,0.389735,-0.221107,0.460510,-0.046032,-26.6176,-57.1380,-27.3730,-30.9510,-27.5809,-46.5494,47.5430,54.8412,29.2458,19.7762,48.3417,40.8974
206,0.008393,-0.012039,0.394664,0.158031,0.339686,0.023552,-25.7581,-45.4145,-26.7826,-33.9858,-26.5922,-53.2649,47.9734,40.6604,38.3094,24.8199,25.9873,51.0472
207,-0.000717,0.008250,0.411090,-0.177002,0.041960,-0.001748,-18.1711,-37.4939,-18.2108,-30.9973,-17.3830,-28.3045,24.9168,37.2822,20.6200,29.9068,1.5832,26.4790
208,0.002747,0.002385,0.399143,-0.292688,-0.168195,0.022650,-22.5330,-44.1950,-21.7111,-44.3650,-22.4649,-29.1464,6.0170,43.7053,47.9769,44.0128,15.8904,23.2916
209,0.050852,-0.007138,0.396715,0.100133,0.602611,0.032600,-21.9748,-38.9046,-17.7159,-14.0248,-18.4718,-43.4613,41.4912,35.3048,20.9168,7.6962,26.0318,40.2135
210,0.046136,0.079563,0.380890,-0.882746,0.400997,-0.219631,-19.3985,-58.3211,-20.8850,-16.1962,-15.6794,-15.3037,9.7227,57.3573,29.6214,7.7893,57.9434,8.5560
211,-0.016007,0.018558,0.384073,-0.546931,-0.486098,0.134669,-20.8851,-42.5239,-21.0038,-52.4588,-20.9908,-16.4962,0.4474,42.2285,46.7696,54.9188,18.6524,8.6428
212,-0.036566,0.031689,0.397980,-0.334856,-0.439922,0.061881,-21.4057,-37.5610,-22.5304,-49.5727,-22.5043,-21.3167,43.7156,32.7660,11.8727,46.8605,51.1251,11.8200
213,-0.071888,-0.036273,0.392864,0.350328,-0.618729,-0.152925,-17.3970,-13.2648,-19.1549,-49.4971,-25.0443,-28.8219,55.8878,5.2918,26.0884,42.2076,56.9055,17.7770
214,0.025957,-0.021343,0.415038,0.234204,0.264067,0.035116,-13.9907,-23.1178,-12.0178,-17.0663,-13.7135,-34.9979,0.6143,23.8304,7.6762,16.3707,10.5310,36.9872
215,0.082662,0.062171,0.373651,-0.698156,0.703165,-0.290029,-25.0536,-56.6538,-21.6555,-7.8185,-13.3904,-27.0921,50.6884,47.9928,53.7435,0.0021,23.5440,20.4977
216,0.038615,-0.063053,0.389906,0.691015,0.416567,0.110598,-21.0890,-20.3555,-16.1231,-17.1132,-18.5127,-54.0909,40.4509,12.7982,43.1337,11.9384,4.3051,53.2683
217,-0.012246,0.003844,0.411225,-0.002219,-0.118557,-0.004018,-20.3496,-31.5867,-19.7541,-36.8587,-20.9868,-31.4692,41.0065,26.7557,12.7758,32.7440,43.3003,25.0111
218,-0.020540,-0.045737,0.407911,0.426512,-0.181850,-0.036109,-18.1030,-15.2881,-18.2296,-34.6701,-19.9911,-37.2048,42.6630,6.1662,50.8666,28.7633,17.5201,32.2010
219,-0.073703,-0.016473,0.389958,0.257996,-0.788713,-0.132256,-11.2396,-9.3470,-15.0957,-50.3722,-18.0148,-19.7455,10.4935,7.5200,4.4039,51.7406,27.5543,17.1766
220,0.068448,-0.023103,0.395665,0.259305,0.639554,0.114921,-21.5813,-33.4306,-15.1925,-10.0502,-19.0932,-44.8696,27.8161,29.3183,24.8656,2.3376,50.3324,39.0536
221,-0.060868,0.045935,0.418681,-0.169227,-0.321199,0.054223,-6.2396,-15.2639,-17.6736,-25.7089,-8.5864,-6.9222,16.7742,7.3620,51.0811,17.8249,7.1731,8.3253
222,0.001743,0.041903,0.406885,-0.463995,0.012359,-0.007504,-15.9985,-40.4229,-18.5211,-27.7896,-13.9634,-16.3152,14.6054,39.1354,34.0247,25.4448,6.7229,13.8811
223,0.022848,0.003261,0.387280,0.044180,0.597344,0.019367,-24.7755,-49.4890,-24.9577,-23.6540,-25.0258,-51.5733,54.0283,46.6089,20.0066,12.9244,36.2847,49.2126
224,0.027028,-0.039573,0.412778,0.285216,0.161593,0.013622,-21.0490,-21.7633,-15.2839,-21.7764,-19.3677,-36.4745,56.7548,12.3352,39.4785,14.5242,40.7683,26.0654
225,-0.000768,-0.004534,0.415298,0.043524,-0.007265,-0.000366,-18.4465,-28.4869,-17.8495,-29.9447,-19.0110,-30.7484,31.8571,23.7194,24.2646,24.8735,37.2425,25.1406
226,0.046177,0.126313,0.390898,-0.760280,0.290772,-0.184432,-11.1564,-39.3941,-17.7438,-5.2698,0.5700,-1.3745,4.2400,30.9765,43.6134,2.0467,0.1277,5.5236
227,0.036458,-0.037423,0.396090,0.422285,0.460750,0.066784,-22.4764,-29.6721,-18.2290,-18.5575,-19.0840,-49.9983,52.8622,22.8328,34.1654,12.8598,7.6149,47.9796
228,-0.009690,0.005927,0.394476,-0.130610,-0.340169,0.022167,-26.1239,-43.5381,-23.9694,-55.6338,-24.5592,-37.0249,20.7531,41.8324,15.7844,59.4781,20.9629,32.6573
229,-0.003489,0.050519,0.397540,-0.621944,-0.030754,0.014965,-17.4224,-45.7408,-19.8632,-31.0658,-14.8701,-13.4354,23.8801,44.6120,35.6832,28.9554,3.7521,9.3381
230,0.009358,0.031752,0.396028,-0.545908,0.158424,-0.043207,-20.4786,-51.0267,-20.9720,-29.4725,-18.6660,-22.9089,31.9073,51.0233,37.9542,25.5261,5.4552,17.6866
231,-0.019404,0.011130,0.412166,-0.124628,-0.193924,0.015552,-18.2808,-31.1685,-19.3515,-36.7220,-18.2700,-24.7771,35.5526,26.5668,26.7604,33.7558,21.1007,19.7066
232,-0.002529,0.037244,0.398288,-0.503507,-0.108843,0.017813,-21.2120,-47.7881,-22.1274,-39.9008,-21.3330,-21.7533,17.9415,46.7990,28.0799,36.4556,41.3416,14.1992
233,0.061727,0.032632,0.416278,-0.266531,0.344877,-0.016292,-16.8703,-30.1099,-9.8308,-7.7595,-8.2779,-16.6533,38.5699,25.2315,3.8544,7.4575,25.2993,9.8531
234,0.058875,-0.043051,0.382605,0.545027,0.610442,0.181098,-25.9239,-32.3216,-18.9343,-15.8765,-23.4271,-56.8895,55.7933,24.0666,32.5381,6.0567,51.3133,49.9877
235,0.002102,-0.027775,0.392160,0.170844,-0.221454,-0.018333,-29.2354,-41.4036,-26.7789,-55.7479,-27.7450,-50.0698,22.5372,35.9125,54.0871,56.3691,12.2234,45.8602
236,0.079081,-0.108037,0.356670,1.088697,0.593914,0.270674,-24.0981,-11.8802,-8.3145,-5.3933,-18.2473,-61.3298,58.3100,3.5507,28.4590,2.7296,16.0017,54.5480
237,0.033667,-0.052012,0.379219,0.748791,0.508873,0.164101,-21.8096,-23.4904,-16.4584,-16.0928,-19.2461,-58.6759,54.4542,17.7040,9.8493,11.4643,12.6414,59.5257
238,-0.008525,0.048070,0.387875,-0.621397,-0.265844,0.072509,-24.3612,-52.5392,-23.8077,-49.6574,-24.2201,-21.1488,24.1086,51.8406,10.2405,48.3019,59.6429,10.7785
239,0.081836,0.023275,0.401066,-0.192356,0.554290,-0.042668,-23.6861,-38.4848,-15.4294,-8.9057,-13.3066,-29.4518,57.6247,28.9620,31.5058,4.1602,34.0030,20.0355
240,0.036577,-0.011284,0.385609,-0.084773,0.700250,-0.039760,-21.2587,-53.1489,-22.5307,-19.7424,-23.4119,-49.2796,3.5179,57.2321,40.1446,11.3256,10.8425,51.0993
241,0.016689,0.035565,0.395138,-0.598920,0.124613,-0.049734,-19.6694,-53.0909,-19.7844,-31.7369,-19.7736,-22.1502,1.1916,57.1976,20.7645,29.4879,28.9627,17.2569
242,0.018262,-0.032035,0.384550,0.479787,0.548530,0.108047,-22.8357,-35.5332,-22.0903,-20.9301,-21.7955,-57.5729,58.8735,30.5560,25.8237,13.0458,2.9455,59.3925
243,-0.029789,-0.029406,0.399129,0.397937,-0.338252,-0.080876,-19.3484,-18.4193,-19.3506,-43.9613,-23.2274,-38.2826,29.6777,11.8967,17.5570,39.8785,55.4362,32.5463
244,0.002450,-0.016964,0.388617,-0.057057,-0.051443,0.001286,-32.7174,-55.9655,-30.8021,-56.7959,-33.2218,-53.0014,37.2694,52.2595,56.3723,52.6808,27.3924,45.3036
245,-0.071636,0.036417,0.378603,-0.515395,-0.811352,0.204680,-16.7973,-30.0467,-22.0641,-57.5921,-20.6183,-9.5275,33.6877,25.3443,21.9410,55.9656,41.2994,0.7261
246,0.003122,-0.065728,0.389124,0.795754,-0.054596,-0.000117,-18.3406,-11.5787,-18.5067,-34.9537,-19.5280,-52.8391,4.9844,4.3364,53.2283,32.9776,0.7271,56.2798
247,0.014988,-0.005735,0.403026,0.200634,0.305469,0.033720,-20.4818,-35.5393,-20.1532,-26.7689,-20.4001,-45.6505,27.6843,33.5411,7.4537,22.3169,27.1811,46.2838
248,0.064318,-0.040036,0.379671,0.566195,0.767500,0.206447,-21.6016,-31.6268,-16.0870,-7.1837,-17.7187,-54.8677,34.1886,27.3178,30.2660,0.7799,12.7564,55.2103
249,-0.034688,-0.007484,0.430979,0.084468,-0.184021,-0.001481,-6.4937,-6.9177,-10.1350,-17.3839,-9.6571,-11.2774,24.8699,1.5145,31.6772,10.9500,17.4576,7.7649
250,0.010305,0.026038,0.405980,-0.366607,0.120294,-0.026297,-19.1961,-43.5316,-20.0859,-28.5231,-17.3845,-24.5754,24.3060,41.6796,38.6723,24.6312,10.7303,20.6809
251,-0.006212,0.011480,0.401545,-0.237192,-0.148376,0.017025,-23.9887,-44.0383,-24.0672,-44.6635,-24.0018,-31.8061,29.4909,40.1309,40.8742,40.9216,32.8478,24.4125
252,0.008162,0.029992,0.387181,-0.641203,0.037147,-0.021098,-24.0154,-57.7287,-24.1169,-39.3697,-24.1619,-24.4379,23.7173,58.0430,47.8497,34.1478,30.7842,14.9986
253,-0.018009,-0.064955,0.391800,0.667346,-0.161071,-0.077232,-18.7984,-10.9966,-15.1574,-36.0315,-23.6750,-45.3309,39.1846,5.4061,6.1247,31.4408,57.2623,38.7488
254,-0.054361,0.028084,0.385820,-0.538758,-0.674713,0.208151,-18.1659,-34.5366,-19.4875,-54.4229,-18.3718,-11.0424,38.1994,33.0702,8.2991,58.4730,7.2133,4.1851
255,0.013354,0.010723,0.403862,-0.166698,0.039706,-0.007872,-23.9361,-44.7906,-24.1516,-38.6805,-24.0557,-36.1465,14.9851,40.8113,45.7529,32.7624,46.9130,29.7669
256,-0.062243,-0.032847,0.385624,0.505840,-0.682407,-0.204081,-18.5255,-11.4891,-19.4622,-54.3159,-22.2506,-33.3942,46.8953,3.2179,19.0443,53.6957,28.1084,27.8963
257,-0.004380,-0.021932,0.394700,0.179582,0.023405,0.001806,-28.2004,-44.9017,-28.5432,-48.5045,-28.8746,-54.2284,39.5007,39.8632,47.2208,43.6469,16.0734,51.4851
258,-0.081291,-0.035401,0.393098,0.390786,-0.719854,-0.154313,-12.7049,-6.3939,-16.1932,-47.7974,-19.0704,-22.9673,44.3302,0.2060,22.9929,45.4451,15.2039,17.8898
259,-0.015646,0.036684,0.409098,-0.367219,-0.144321,0.041227,-17.6462,-36.2530,-19.6233,-33.4464,-15.5119,-17.3221,38.8549,31.5153,31.1960,30.6468,11.3527,12.3707
260,-0.052218,-0.022623,0.390293,0.262394,-0.633742,-0.068929,-21.4412,-21.2239,-23.9775,-55.8933,-24.0464,-32.9771,44.2436,10.6497,53.8770,52.0540,28.5260,25.7375
261,-0.023200,0.006325,0.398110,0.163621,-0.075678,-0.009391,-24.8674,-38.8956,-26.4254,-46.5088,-24.9307,-47.3590,53.6980,33.4846,3.3551,43.2390,29.3314,46.3504
262,-0.026091,0.027169,0.384506,-0.659018,-0.257849,0.112842,-23.7452,-52.0556,-23.7563,-47.6065,-23.0180,-18.6176,52.8017,50.3295,42.1183,45.5237,6.8530,8.1103
263,0.053356,-0.067921,0.403717,0.495008,0.380226,0.113739,-18.1586,-16.7033,-10.2748,-10.9914,-18.1145,-41.0536,28.5067,11.4400,35.6036,4.1191,42.5582,32.7663
264,-0.014290,-0.047780,0.396602,0.524700,-0.132515,-0.047388,-23.4929,-20.4691,-21.5571,-40.2719,-25.6412,-47.5576,56.9416,9.7822,38.1409,32.5853,49.9824,39.4955
265,-0.034124,-0.008452,0.400392,0.177116,-0.404379,-0.042227,-22.0559,-27.2361,-22.0839,-49.8644,-22.3179,-35.9404,46.0343,20.5232,17.2490,49.4136,23.4996,31.4642
266,0.019344,-0.063885,0.392403,0.690808,0.186216,0.073824,-18.2057,-14.2025,-12.7375,-22.8341,-20.4990,-49.6484,28.0491,10.9258,0.3340,19.1113,45.0208,46.6789
267,-0.016954,-0.022750,0.395901,0.347397,-0.398504,-0.057247,-20.6892,-21.9971,-21.8015,-48.8005,-22.2857,-38.9980,5.3378,14.7024,42.4191,47.2592,40.1682,36.0349
268,0.037402,0.066179,0.406136,-0.511642,0.317348,-0.123225,-15.1951,-40.8189,-18.4155,-12.9552,-11.0360,-15.2908,7.1297,35.7372,44.0372,5.1200,37.4921,12.2963
269,0.000904,0.012699,0.378365,-0.654030,-0.340002,0.111604,-24.7710,-53.1786,-21.1023,-53.4535,-24.4431,-20.6844,4.6270,56.5179,36.6498,57.2960,19.9665,10.2634
270,-0.011978,0.009951,0.396558,-0.073020,0.081722,-0.002205,-26.6540,-50.4396,-28.0799,-44.8725,-27.8989,-46.6670,50.4505,47.5417,18.1736,38.7404,33.0916,42.9012
271,0.034270,-0.013707,0.386936,0.127486,0.421569,0.027280,-29.6096,-55.1372,-30.1571,-39.2217,-30.3384,-61.3494,10.0892,52.1706,57.9048,30.6720,38.7139,59.9606
272,-0.033420,-0.088489,0.414410,0.451677,-0.094138,0.014413,-5.7689,-1.5649,-6.2206,-17.4510,-18.2081,-25.0746,1.4192,3.6341,23.7296,8.0872,46.4811,18.5202
273,0.022658,0.068528,0.411194,-0.388973,0.092766,-0.000523,-18.0229,-33.9029,-18.8719,-19.6176,-8.0999,-13.7164,52.9053,22.0718,45.8428,16.4357,1.4744,9.9083
274,-0.031749,-0.004428,0.395599,0.147875,-0.323777,-0.024942,-25.0598,-36.6513,-25.4100,-54.9738,-24.5763,-44.0797,45.2773,32.3578,9.4846,56.6514,7.9421,43.0308
275,-0.006418,-0.021354,0.401313,0.202795,0.049589,0.003235,-23.0902,-37.5846,-23.6963,-40.5927,-23.7298,-48.1018,31.3685,34.9260,30.9397,37.9861,2.0379,48.4707
276,0.036356,0.062690,0.408599,-0.419751,0.283630,-0.086032,-18.1960,-39.1001,-20.4820,-15.2753,-13.0171,-17.9751,30.6303,28.8982,56.5235,4.8117,48.3782,11.2522
277,0.021898,0.117797,0.368731,-1.000367,0.156352,-0.067463,-18.8331,-54.8090,-23.3776,-20.8638,-7.6431,-3.2801,42.5508,46.3123,51.7887,16.9325,0.5243,0.0981
278,-0.004629,0.039819,0.387976,-0.690758,-0.062946,0.025001,-20.2291,-51.5802,-22.2619,-36.7199,-18.6071,-15.7373,26.5082,50.7096,54.1310,33.6145,1.9534,9.1453
279,-0.092586,-0.032859,0.385591,0.351389,-0.772995,-0.154706,-10.4673,-7.5081,-17.5431,-50.0831,-22.0363,-21.8473,16.4770,3.7422,29.7088,43.7811,46.2729,16.4565
280,0.065768,0.005639,0.391950,-0.031150,0.729564,0.013422,-21.7676,-43.3617,-17.4660,-9.8513,-18.7472,-41.9758,25.2805,41.2690,19.6416,1.8998,46.8058,37.8252
281,0.021241,-0.082265,0.393810,0.749438,0.175747,0.099875,-16.0112,-9.7908,-12.2236,-20.1630,-19.8890,-48.2484,11.9041,5.7755,34.5173,14.1617,33.4054,45.5371
282,-0.028993,-0.012771,0.424034,0.149268,-0.186774,-0.004641,-12.0146,-12.0130,-14.8715,-24.2836,-13.8390,-19.7039,40.2318,2.8281,48.9337,16.3243,21.6627,14.0985
283,0.043759,0.012872,0.400511,-0.129639,0.468429,-0.013892,-24.4548,-43.8619,-19.9533,-19.6118,-20.2481,-37.6045,59.1421,37.8791,22.7715,11.9880,42.3307,29.4151
284,-0.043451,-0.006833,0.398471,0.070305,-0.522089,-0.015433,-21.4160,-26.9143,-22.3247,-52.0820,-22.2891,-30.2278,47.6643,19.4403,30.8460,50.8180,21.2503,23.7660
285,-0.021888,0.074449,0.397315,-0.622876,-0.153133,0.019966,-16.9940,-42.6807,-24.1543,-33.8063,-17.2830,-10.5308,28.0761,35.5704,49.8688,23.7351,53.0841,2.9211
286,0.002359,0.002640,0.416903,-0.025127,0.022355,-0.001608,-16.4802,-29.0732,-18.0241,-27.4150,-16.2773,-27.7683,16.2953,24.7253,41.9073,22.8451,17.2764,25.2964
287,-0.073953,0.011927,0.398241,-0.119320,-0.634015,0.038373,-16.7854,-22.6263,-21.9930,-48.5409,-21.1568,-17.2756,58.3851,13.3541,37.3691,41.1770,41.5820,7.5238
288,-0.013961,0.028923,0.385004,0.203480,-0.065724,-0.006156,-30.9072,-47.6473,-34.0738,-55.8399,-28.9601,-58.2022,50.9603,38.0438,5.1091,51.1429,59.5647,58.2858
289,0.000793,-0.075983,0.377990,0.910457,0.046218,-0.002075,-21.9971,-11.3311,-18.3701,-32.6182,-23.2104,-58.5904,48.6483,1.3837,34.0935,27.2934,26.6197,56.1354
290,-0.054999,-0.035648,0.386688,0.544573,-0.582650,-0.203115,-19.9664,-12.5888,-19.7248,-52.4275,-23.7005,-37.4185,51.7171,3.8167,14.1713,50.4310,41.9285,30.7410
291,0.020414,0.019977,0.387675,-0.355372,0.575421,-0.090958,-21.6412,-53.7879,-20.8515,-19.2552,-20.8897,-37.5768,52.5412,55.8089,8.2251,12.1900,12.6863,34.8269
292,-0.004106,0.010062,0.404333,-0.246046,-0.165824,0.019160,-20.4865,-40.6159,-20.1898,-41.8282,-20.4374,-27.9548,9.6726,40.7765,25.2410,42.4059,17.1290,24.1000
293,0.044950,-0.099272,0.376466,1.000988,0.354955,0.227556,-15.9412,-6.3716,-9.7768,-11.9635,-18.3893,-55.7363,5.0395,2.8587,37.8946,6.9160,20.3253,55.4517
294,0.014275,0.065987,0.412814,-0.414373,0.109008,-0.037153,-13.5066,-33.4572,-17.8196,-17.6300,-7.7243,-12.0298,18.3460,26.6683,45.2837,13.6908,2.6612,12.0278
295,-0.044771,-0.004679,0.395208,-0.017185,-0.501200,0.007713,-23.8552,-34.3034,-23.4980,-56.4326,-23.7681,-33.4670,57.5951,29.4275,16.5790,58.1211,4.4336,27.9985
296,-0.013498,0.001329,0.396625,-0.157565,0.027316,-0.001756,-25.1392,-51.3222,-25.7431,-45.9887,-27.0715,-43.1477,36.7402,52.5745,17.4323,43.1871,13.4023,40.2968
297,-0.031582,-0.026260,0.387165,0.547002,-0.564530,-0.161374,-19.4259,-14.1887,-19.1661,-53.3911,-18.6969,-39.4136,16.8661,7.8277,12.9910,59.3735,4.6769,40.9949
298,0.039764,0.076230,0.398793,-0.688267,0.324454,-0.133814,-14.3622,-44.8792,-15.7525,-11.8300,-9.0113,-10.5138,4.8456,44.1999,17.2674,8.4328,26.7764,8.5285
299,0.028537,-0.005573,0.386654,-0.034686,-0.020610,0.000759,-33.3352,-57.0186,-29.5351,-57.0495,-30.6433,-55.2216,2.0077,55.0608,42.0421,58.5789,33.7256,51.3072
300,0.000815,0.023061,0.397844,-0.314234,0.133891,-0.014090,-26.5130,-52.6301,-26.3528,-38.3901,-26.2609,-36.4282,59.3130,48.0223,31.3496,29.9522,43.9489,27.2107
301,-0.021086,0.002801,0.397047,-0.024112,-0.047386,0.000560,-24.8339,-47.3346,-26.2517,-48.8417,-26.2156,-46.0838,36.9823,47.6027,6.5194,47.7647,10.3910,46.0333
302,-0.018232,0.009700,0.389805,0.221305,0.156665,0.016915,-25.7871,-45.6152,-30.0413,-44.1688,-27.0367,-56.9899,49.9374,41.3405,4.3399,37.8579,29.7082,59.9161
303,-0.048927,0.005533,0.386408,-0.050062,-0.704430,0.012659,-23.7806,-30.2490,-24.6447,-60.8901,-24.7583,-28.1145,47.6025,21.6293,30.6912,59.9286,40.9084,18.7266
304,0.015222,0.023557,0.389495,-0.473921,-0.078134,0.013234,-27.5492,-56.9909,-25.3444,-48.5078,-27.0967,-32.5022,11.1134,56.8463,34.7735,46.4745,50.7446,22.9553
305,-0.013435,-0.043107,0.396033,0.536911,-0.249327,-0.051907,-20.4948,-18.1487,-21.1452,-43.5532,-21.9790,-45.4048,17.8185,9.8829,48.2397,40.7745,22.4496,44.0056
306,0.009756,0.017621,0.392356,-0.394445,-0.134058,0.020019,-27.1470,-52.8201,-25.6142,-48.9326,-26.7964,-32.5230,15.2424,50.4738,45.9527,45.9054,48.0596,22.7298
307,-0.082777,0.047571,0.383218,-0.545054,-0.732258,0.223718,-9.4749,-25.4553,-20.9922,-48.4372,-14.7193,-2.6279,4.0501,22.2265,42.5050,45.1293,17.0491,0.8516
308,-0.017048,-0.007642,0.402168,0.097444,-0.331941,-0.011896,-21.3881,-29.5268,-22.9375,-46.9182,-23.1149,-34.3877,13.8945,22.7226,47.5018,42.9592,44.4471,28.7731
309,0.010991,-0.001766,0.409056,0.024145,0.129940,0.001759,-21.7806,-36.7580,-21.3679,-31.5339,-21.4858,-38.0055,31.4167,31.8667,33.8930,25.4980,34.7319,33.3262
310,0.046061,-0.055437,0.399428,0.539636,0.396375,0.066774,-20.6213,-20.2585,-14.3941,-15.0488,-16.5276,-46.9009,43.7808,12.1802,43.2698,10.7390,4.7871,43.8321
311,-0.023343,-0.035028,0.403914,0.358100,-0.301483,-0.039742,-18.7439,-19.5158,-19.8970,-42.3595,-19.9779,-37.5369,24.0468,12.5708,47.9367,40.4834,5.9516,35.7437
312,-0.010428,-0.010033,0.396929,0.237313,-0.319376,-0.037570,-23.9591,-31.0753,-23.1543,-51.5325,-22.2989,-42.9721,18.2031,25.7410,21.9648,54.3101,18.0581,42.2129
313,0.013596,-0.019480,0.389687,0.462524,0.030738,0.012949,-28.3760,-35.0128,-28.7033,-45.6575,-27.2852,-59.0141,25.9773,24.1434,50.5428,39.3008,50.8257,56.9747
314,0.003055,-0.024437,0.415920,0.172414,0.027704,0.005229,-16.7748,-22.7316,-13.9290,-25.9539,-19.4872,-31.6876,27.7611,20.2169,5.8153,20.8757,54.2027,24.6070
315,0.022425,-0.013578,0.387471,0.451328,-0.087727,-0.015905,-28.3290,-34.0795,-27.5610,-49.9523,-24.8675,-57.3411,2.3351,24.4846,44.6344,49.4553,42.2147,58.0061
316,-0.027774,0.026640,0.414882,-0.194526,-0.234139,0.038010,-14.7904,-26.9183,-18.8838,-32.5961,-14.0354,-17.0270,32.1409,20.3215,41.5954,28.6325,8.9505,13.8062
317,0.011139,0.027393,0.385633,-0.308195,0.475806,-0.064754,-26.7016,-60.7208,-28.1773,-31.6805,-28.4541,-46.1503,53.3623,59.7122,16.9708,19.9476,53.5430,40.5389
318,-0.130183,-0.018652,0.362559,0.338649,-1.121607,-0.309004,-5.6729,-1.8209,-14.7921,-57.1912,-21.1465,-10.0537,17.6430,1.9495,2.0924,53.4399,45.5271,4.3740
319,0.010105,0.001699,0.387807,-0.164726,-0.223772,0.018431,-32.4738,-53.4885,-28.9499,-59.4185,-30.4061,-45.0970,23.1089,48.8119,46.0349,59.1437,43.3837,36.0904
320,-0.006335,-0.019179,0.390532,0.166459,-0.341410,-0.025260,-30.0209,-39.0828,-28.2651,-58.6338,-28.4063,-47.3140,34.3240,29.7330,59.0052,57.0731,30.8291,40.1831
321,0.029868,-0.065136,0.379046,0.829122,0.367404,0.134177,-21.8815,-17.9834,-15.7130,-20.0093,-20.7910,-58.9337,49.7566,11.1881,13.3706,15.2113,26.7279,57.4962
322,-0.005892,0.006882,0.394651,-0.033239,-0.125563,0.001528,-31.1187,-48.8078,-30.8744,-53.6008,-30.6741,-47.0924,52.7654,39.6347,45.4401,46.4019,57.8590,37.6772
323,-0.007595,-0.017466,0.410998,0.165339,-0.160008,-0.006290,-17.2510,-25.2109,-18.0887,-36.6913,-18.0031,-33.7150,5.0687,22.3544,33.7976,36.2150,9.6000,33.4520
324,-0.034891,-0.020568,0.396737,0.340561,-0.516126,-0.090278,-16.6105,-16.0713,-18.0920,-47.7541,-19.6168,-32.1468,5.2848,11.6143,18.9121,48.6488,32.9246,30.4059
325,0.044900,0.032875,0.378443,-0.596941,0.703319,-0.213464,-21.0081,-57.2810,-19.0237,-11.2200,-17.3830,-31.8031,39.8158,59.6342,17.0634,4.8609,10.0684,28.8662
326,0.026769,0.071613,0.382798,-0.769699,0.258696,-0.098238,-22.9275,-56.5778,-23.9409,-24.2372,-15.9208,-17.5441,51.9765,50.0628,52.9501,17.3497,16.8261,10.0158
327,0.003273,-0.069422,0.389044,0.712023,0.018780,0.027292,-21.5956,-15.9093,-19.3664,-33.4155,-25.7851,-52.8941,34.4826,6.8484,44.8846,24.0452,58.5951,46.3207
328,0.070552,-0.032545,0.405161,0.329938,0.587071,0.073885,-15.7380,-22.4854,-9.8804,-3.3179,-10.6979,-37.7387,8.5393,19.6221,30.5286,1.3772,1.1424,38.2655
329,-0.022484,0.046508,0.416461,-0.333238,-0.098280,-0.001857,-13.1570,-29.7000,-18.9955,-25.4913,-15.0756,-12.4052,25.1147,23.1776,40.1867,15.2615,51.8704,5.8982
330,0.044506,0.009212,0.403973,0.008900,0.495738,0.032017,-18.7578,-38.7844,-16.9839,-16.7405,-18.8886,-39.1823,2.7528,39.2752,3.6514,10.6343,57.6424,37.3291
331,0.068661,-0.039313,0.399297,0.351919,0.538844,0.093232,-20.5973,-24.8226,-9.8361,-8.3614,-14.8959,-41.3018,48.1119,20.8716,2.6832,6.9733,21.7791,35.6221
332,0.058400,0.026210,0.404965,-0.224148,0.472253,-0.060310,-21.4937,-40.2391,-18.2482,-13.4418,-15.1411,-29.5039,38.6773,32.6233,42.7350,6.2139,34.9719,22.7697
333,0.044056,-0.019376,0.383513,0.395256,0.609506,0.135942,-26.9389,-41.9458,-25.3912,-22.8541,-26.4769,-59.8603,43.2439,34.0459,43.7960,9.9925,58.0576,55.7741
334,-0.113130,0.006829,0.377633,-0.097952,-1.004117,0.116325,-10.6451,-11.3137,-20.5182,-55.3011,-16.8064,-8.7198,48.5329,3.1012,37.5021,51.9233,5.1745,4.5440
335,-0.047940,0.012123,0.422181,-0.076988,-0.249679,0.006977,-10.9628,-16.8192,-16.7208,-26.0985,-15.6058,-12.8903,40.9804,8.2985,45.1811,14.2888,47.9002,4.6628
336,-0.031439,-0.031711,0.387739,0.441037,-0.434741,-0.097599,-26.6085,-27.3889,-26.2215,-58.2764,-25.6726,-48.7982,51.4016,17.4557,41.2474,58.5488,5.7237,45.8100
337,0.085411,0.001934,0.410743,-0.077202,0.459369,0.018537,-20.4425,-28.2725,-7.9030,-5.5841,-10.5030,-24.2692,53.9749,22.3215,0.8811,5.8505,31.3896,13.7902
338,0.033341,0.041024,0.413136,-0.295550,0.218875,-0.026067,-18.5601,-35.1879,-16.6435,-17.6512,-11.2415,-20.0629,44.8665,27.7846,30.8617,14.5832,12.0671,15.2228
339,-0.003346,0.000263,0.408249,0.006676,-0.041303,-0.000567,-23.6814,-36.0217,-23.8666,-38.0536,-24.3499,-36.3684,45.3174,27.4400,45.0704,29.2015,54.8483,27.2635
340,-0.009427,-0.008517,0.394991,-0.138832,0.129561,-0.008777,-26.0111,-52.4969,-26.6593,-43.0605,-28.4219,-45.3256,46.1980,52.3329,36.0373,37.0268,11.3010,40.7906
341,0.081597,-0.119416,0.360059,1.025532,0.529843,0.328038,-22.1889,-10.7821,-6.2264,-5.9942,-21.9441,-58.0257,41.8582,6.1245,23.5937,0.2599,50.6958,46.8223
342,-0.066022,0.000866,0.404648,0.006278,-0.595209,0.024959,-14.5084,-17.1970,-18.7675,-44.1929,-16.5314,-17.6229,50.2044,9.2945,33.9758,41.5471,5.8667,12.7323
343,0.030135,0.038366,0.399691,-0.527857,0.347640,-0.103337,-16.9088,-47.7155,-17.0756,-18.2183,-14.0564,-21.4412,11.0653,50.0217,22.0309,15.6114,6.2460,19.9889
344,0.051013,0.023427,0.398585,-0.278565,0.530695,-0.078539,-21.8042,-47.8361,-20.6619,-17.1304,-19.5547,-34.7628,18.1821,44.7624,38.9983,8.0122,49.0267,29.3085
345,-0.021298,0.023006,0.394495,-0.231976,-0.095207,0.011414,-26.6252,-52.7905,-27.5349,-51.0985,-27.5618,-40.7779,46.4135,51.9890,2.2827,48.5929,33.1411,36.4346
346,0.070848,0.023618,0.413705,-0.155667,0.469575,-0.044994,-15.9011,-29.1300,-10.4615,-4.1870,-7.0075,-21.6933,23.2353,24.3282,19.9230,3.5947,8.5441,19.1831
347,0.026446,0.002941,0.396064,0.026484,0.230141,0.003896,-28.0296,-49.9528,-28.0377,-40.2749,-27.6565,-51.3067,15.9848,45.2067,44.4552,33.1852,52.4100,47.4483
348,0.003417,0.003106,0.392612,-0.026818,0.376334,-0.004186,-25.4015,-51.6432,-27.1931,-34.0522,-27.1820,-50.3352,49.0219,49.7165,24.9380,24.6940,29.6073,48.0413
349,-0.034531,0.010808,0.398190,-0.025162,-0.368490,0.000646,-24.8005,-37.2720,-24.8439,-53.2270,-24.5432,-36.0357,56.3417,31.4045,7.5953,52.3472,31.2365,30.1959
350,0.019456,0.028057,0.387143,0.183406,0.011263,0.000162,-30.1485,-47.6345,-30.9943,-51.9276,-25.8675,-57.1496,8.1162,40.5771,10.6705,51.6538,58.0201,59.4929
351,0.086679,-0.085191,0.378186,0.754901,0.594480,0.191769,-23.9247,-17.5796,-9.3699,-6.0395,-17.6053,-52.1508,56.1812,8.9575,33.2662,2.2163,26.1510,42.9631
352,0.020072,0.048444,0.393476,-0.634840,0.252242,-0.080271,-20.4389,-54.2180,-20.5415,-25.9606,-18.8392,-21.9727,24.2270,55.3358,18.7063,20.9141,34.1587,15.8970
353,-0.006320,0.001444,0.402195,-0.123450,-0.030689,0.002442,-23.3837,-44.9171,-23.2004,-43.0921,-23.9127,-38.5052,27.2536,44.7278,21.1717,41.6863,14.7273,35.5231
354,-0.014191,-0.033467,0.387044,0.520271,-0.294606,-0.076156,-27.4465,-27.9592,-27.1260,-54.9429,-26.0951,-54.1498,38.9674,16.9986,49.5488,53.5877,17.7158,52.1498
355,-0.028242,-0.032187,0.404153,0.402057,-0.279735,-0.075770,-18.0538,-16.5406,-16.9208,-39.6195,-20.1471,-36.8505,38.8282,11.1006,8.1798,38.2076,28.8839,33.1674
356,0.067607,0.041843,0.386671,-0.532975,0.697947,-0.192147,-21.1273,-54.1564,-19.4293,-9.9942,-18.0550,-31.2405,7.3988,53.6358,28.4222,0.5962,59.8033,25.8294
357,-0.076529,0.054635,0.419177,-0.211298,-0.364394,0.059772,-3.6034,-11.3972,-16.4530,-22.8341,-7.4955,-1.0585,23.9892,2.9602,44.6502,12.7081,17.8596,1.1757
358,0.027486,0.010123,0.413066,-0.076008,0.288145,-0.003771,-16.4105,-35.0615,-15.4882,-20.1669,-16.1444,-31.2157,2.1240,36.1017,6.6250,17.2031,33.3230,30.2856
359,-0.032935,0.072727,0.410779,-0.401436,-0.253239,0.094216,-13.2133,-26.7461,-20.1321,-28.5473,-8.5947,-6.4678,46.0598,15.3814,46.8649,23.6753,4.2263,4.0892
360,0.025412,0.002826,0.382624,-0.380961,0.597144,-0.132248,-23.1275,-57.8769,-23.5535,-21.7784,-23.5055,-40.3785,42.7635,59.3773,47.1608,12.2830,2.0925,36.8467
361,-0.006655,-0.010903,0.393335,-0.228374,-0.323887,0.040450,-25.1712,-44.0201,-22.4607,-52.8975,-24.6512,-32.5062,17.2021,43.3151,44.1671,55.4536,6.0720,25.6138
362,-0.023367,0.015215,0.427792,-0.094082,-0.178009,0.010831,-10.6510,-15.3430,-12.3816,-20.9523,-10.8985,-10.5116,39.9291,8.4754,24.6396,15.4028,27.1064,4.1493
363,-0.009427,0.053305,0.418560,-0.338794,-0.087683,0.027673,-12.1607,-27.0424,-15.5903,-22.3383,-8.3809,-9.4943,27.5212,21.3528,26.3798,20.1585,4.8539,7.9955
364,-0.061167,0.022897,0.422963,-0.166496,-0.302822,0.010360,-4.5842,-14.0123,-12.7958,-23.4393,-11.2902,-5.5444,9.4329,12.2214,21.0657,15.7367,32.2119,3.2261
365,0.077389,0.012509,0.402285,-0.135875,0.579570,-0.019525,-22.9045,-38.5170,-16.2240,-9.1854,-16.7191,-32.1197,41.9766,30.3288,38.2418,0.4321,59.0829,21.4262
366,-0.003331,-0.009041,0.397274,0.257177,-0.053733,-0.006927,-24.1258,-37.7814,-24.7532,-46.8989,-23.1431,-51.1323,14.2208,35.4937,14.4776,48.5420,7.3083,54.8216
367,-0.005763,0.027834,0.384975,-0.131897,-0.025873,0.001679,-33.2874,-62.0039,-34.5435,-59.7455,-32.7155,-55.1519,39.8676,58.2924,13.0829,56.1134,52.4973,51.8010
368,0.001267,-0.015978,0.410599,0.189318,0.049918,-0.004427,-21.1567,-27.9480,-17.8517,-30.5954,-20.1182,-37.7661,57.7520,22.1399,8.0195,26.9021,30.5119,31.8967
369,-0.046885,0.036619,0.389581,-0.562296,-0.571807,0.177663,-15.3522,-34.2198,-19.4135,-48.2956,-16.4076,-8.3821,14.8991,33.0461,26.5913,49.8569,10.5937,3.5684
370,0.072908,-0.114567,0.354303,1.197280,0.531380,0.380711,-16.9703,-4.4735,-3.1447,-1.7368,-16.9040,-59.3405,16.7038,4.1709,2.7258,0.7256,21.8458,57.2124
371,0.018202,-0.028697,0.401324,0.430675,0.211676,0.055924,-20.2244,-25.5934,-18.0504,-26.8058,-21.0588,-47.6295,25.7013,21.1725,11.5703,21.6608,45.3193,45.7509
372,0.061482,-0.000596,0.395074,0.032161,0.746949,0.020764,-16.9190,-38.0730,-13.3834,-5.1287,-13.9215,-39.4153,7.0608,40.4005,5.5169,1.7345,14.2991,41.4389
373,-0.058110,0.020806,0.392716,-0.260236,-0.598974,0.091281,-20.7272,-32.0221,-25.2454,-53.3458,-22.9888,-20.1984,52.0068,22.4729,50.1836,47.0904,39.7360,10.1175
374,0.014090,0.013991,0.396424,0.071276,0.142108,0.005064,-25.5491,-47.3423,-26.6089,-42.8015,-24.5498,-51.0281,6.9397,45.8255,10.7457,41.2498,35.8914,53.2478
375,0.025750,-0.005834,0.382180,-0.046182,0.696243,-0.028242,-24.0106,-51.9885,-24.1523,-19.6045,-23.8862,-49.8457,57.1076,50.5278,35.0481,8.8780,9.9509,48.1047
376,-0.017595,0.033803,0.387031,-0.668766,-0.307507,0.107346,-21.2836,-49.8836,-20.4072,-47.9789,-21.3401,-16.2994,21.4670,52.7977,10.2648,50.2658,21.4318,8.2377
377,0.045765,-0.061944,0.399292,0.608932,0.397735,0.153263,-14.6720,-14.8119,-8.6927,-10.6150,-15.6644,-44.6007,3.4007,14.9041,6.9302,8.2027,26.1035,44.3705
378,0.011196,0.043760,0.386268,-0.733178,0.018170,-0.039017,-19.9153,-54.5073,-22.3760,-34.7220,-19.7382,-16.4858,3.1966,55.3655,55.3106,30.0483,24.4728,9.6804
379,-0.085575,0.029621,0.391864,-0.328445,-0.754903,0.174994,-11.0464,-19.9591,-19.5389,-47.8520,-14.3570,-6.5989,32.5661,14.3213,32.2445,46.0623,4.0358,3.7615
380,0.003360,-0.009365,0.387332,-0.271746,-0.304911,0.042049,-29.0597,-50.2289,-24.9254,-57.2383,-28.0036,-36.5235,17.5421,48.7414,50.5969,59.1588,20.6505,27.0641
381,-0.037250,-0.040245,0.387488,0.621220,-0.539954,-0.167952,-17.3306,-9.6753,-18.1394,-49.9261,-19.2604,-38.5787,15.2981,3.0827,23.9305,52.5515,11.6246,38.9470
382,-0.082497,-0.023406,0.388918,0.315202,-0.833977,-0.138146,-13.1563,-8.0004,-16.3331,-52.2062,-17.4372,-20.3686,44.3864,2.3902,13.9919,53.9261,0.1766,16.9302
383,-0.029212,-0.012587,0.391223,0.472245,-0.116452,-0.035884,-23.6714,-29.3519,-25.7405,-46.7832,-23.2926,-53.7163,52.7130,22.2551,5.3540,45.2571,10.9003,56.8838
384,-0.106567,-0.039544,0.401426,0.270336,-0.601691,-0.074572,-2.3200,-1.6396,-12.7714,-35.1786,-17.6765,-14.0312,1.5746,2.0666,28.5341,25.5550,35.1061,11.7378
385,-0.016068,0.013123,0.389897,0.240220,-0.232279,-0.029636,-28.7562,-39.3788,-29.7074,-55.9926,-26.5426,-51.6729,44.2891,30.2509,10.5381,54.5715,46.1958,50.2203
386,-0.065591,0.035639,0.394327,-0.398827,-0.630284,0.116598,-13.8340,-27.5640,-19.9485,-47.6154,-17.8755,-9.6498,25.3349,23.9962,21.5452,44.6702,34.8910,3.5403
387,-0.150257,-0.027728,0.365847,0.294135,-1.019950,-0.204310,-0.9413,0.0940,-15.7565,-50.8252,-21.2625,-8.8419,2.7414,1.0360,24.2425,40.5456,47.4731,5.4650
388,-0.027513,-0.017015,0.384825,0.567235,-0.460955,-0.146818,-22.5913,-18.1554,-22.3663,-53.5403,-21.7748,-45.5084,30.0272,9.0180,9.4312,55.7539,33.5904,45.0942
389,0.038666,-0.029396,0.408320,0.290052,0.358266,0.048317,-19.2783,-27.2745,-17.7764,-18.1555,-18.2947,-41.7022,17.7329,20.5752,57.4578,10.0667,27.4700,38.5419
390,-0.024721,-0.062285,0.397587,0.628694,-0.232716,-0.070634,-18.2022,-10.7550,-18.0762,-37.9447,-21.0157,-42.8074,38.2682,1.8005,48.5918,33.2786,14.0507,39.3954
391,-0.042514,-0.039605,0.399304,0.390689,-0.388759,-0.061716,-19.0925,-17.2970,-21.9325,-44.8320,-24.3777,-36.5862,37.7596,7.3392,57.7616,36.0786,45.0547,29.0961
392,0.002487,-0.031516,0.406002,0.298661,0.075742,-0.002886,-23.3259,-28.9677,-22.0801,-33.2684,-21.7946,-44.4397,58.0349,19.3459,54.2827,26.8801,8.6603,39.7025
393,-0.053380,-0.038568,0.395418,0.461172,-0.533978,-0.149798,-12.5242,-8.1208,-14.2471,-43.7406,-20.0967,-29.6491,6.8001,6.3129,3.2529,42.5352,45.8652,26.5612
394,0.049011,0.112665,0.366835,-1.100979,0.369454,-0.232117,-16.0762,-56.7383,-17.7098,-9.3292,-6.0072,-2.6583,15.7392,55.2851,17.9144,7.0980,16.5714,0.5975
395,-0.021927,0.015409,0.407920,-0.244167,-0.279757,0.039590,-16.9171,-33.1049,-18.8016,-39.6323,-17.1884,-20.7487,16.1504,31.3756,29.0254,39.4575,9.2097,17.4973
396,-0.046863,-0.004988,0.394775,0.064898,-0.548456,-0.018139,-21.6546,-27.2959,-24.9675,-53.5060,-25.3958,-30.3235,37.2308,17.5833,52.7407,46.6046,54.6774,20.9406
397,0.010275,-0.005156,0.408723,0.066381,0.060942,0.005545,-22.0601,-35.1714,-22.9443,-34.1471,-23.5231,-38.6105,18.3797,28.4286,51.4510,25.2150,57.1811,32.1244
398,-0.047123,-0.029317,0.388862,0.435453,-0.560853,-0.129988,-23.3928,-20.5584,-23.4639,-56.6082,-23.6463,-40.7173,58.6553,10.3763,32.1571,56.5935,10.2243,36.1682
399,-0.034303,0.029992,0.398565,-0.250168,-0.404995,0.037470,-23.4202,-38.5951,-23.5707,-50.8400,-23.9925,-26.3288,53.5296,32.9295,3.1889,48.0062,57.5876,16.5411
400,-0.040839,-0.041442,0.413932,0.282248,-0.304177,-0.061460,-10.9398,-10.2013,-11.1051,-31.1911,-17.8646,-24.3506,19.4879,9.5053,4.2057,27.6762,38.3881,19.0522
401,-0.029434,0.000639,0.404108,0.027013,-0.341904,-0.008832,-21.8833,-30.8523,-22.2272,-46.9117,-22.5703,-32.2022,44.9768,24.3544,22.8078,44.2132,34.2274,25.6551
402,-0.010684,0.008122,0.405073,-0.116935,-0.184350,0.009579,-22.8490,-38.1147,-23.8336,-43.4272,-23.4285,-32.1095,29.9836,31.9657,44.3392,38.0808,41.6809,24.7306
403,-0.009771,0.007885,0.396358,0.046952,-0.182296,-0.005888,-28.7139,-43.1708,-28.6241,-52.5792,-27.9179,-45.5935,45.2354,34.9544,29.9609,48.1384,52.0281,38.9970
404,0.015384,0.010418,0.415965,-0.103015,0.151441,-0.007402,-17.1120,-32.6543,-16.3148,-23.1716,-15.4807,-27.3422,23.4103,30.1689,20.5282,20.0247,19.9413,24.3833
405,-0.091387,0.015194,0.373715,-0.277409,-1.004629,0.160274,-13.5115,-18.6705,-20.1719,-59.7170,-18.6546,-9.5388,32.0963,13.6541,23.1167,59.9868,20.0766,3.8281
406,0.036116,-0.088352,0.384601,0.805766,0.288277,0.150271,-20.4003,-13.8409,-14.1471,-19.4820,-23.2262,-54.3575,30.7164,6.9583,42.8540,10.5932,49.4417,47.5497
407,-0.039200,-0.013978,0.429767,0.045313,-0.253854,-0.013157,-7.5745,-7.0590,-8.9529,-19.6322,-11.4183,-9.3349,38.0292,2.1853,19.7437,13.4636,28.7336,1.9404
408,0.015175,-0.045484,0.386770,0.696070,0.313141,0.090322,-21.0005,-21.7987,-18.0809,-23.9042,-20.1467,-56.6280,46.3552,15.9012,9.0654,19.7220,17.6087,58.2024
409,-0.015992,0.024442,0.388514,-0.522522,-0.441735,0.111234,-20.7200,-42.5941,-20.8301,-50.7820,-20.8924,-17.3618,4.4998,42.4794,33.7212,52.8291,25.8594,9.8200
410,-0.000379,0.019675,0.403591,-0.387839,-0.035003,0.004852,-19.4567,-43.9589,-20.2181,-35.5105,-19.0613,-23.8162,16.3327,43.9675,36.1887,33.5648,10.3190,19.4417
411,0.043687,-0.011151,0.398608,0.183997,0.482768,0.051165,-22.2045,-40.0637,-21.8440,-22.6348,-22.1255,-48.8710,4.7231,36.7376,43.4913,14.3292,42.4052,47.7491
412,-0.011057,-0.022162,0.393026,0.305840,-0.117533,-0.018660,-29.6294,-38.7603,-29.8261,-52.0374,-29.3267,-54.5793,54.6783,28.1901,53.6067,45.7330,31.9193,49.2709
413,0.005960,-0.057672,0.408868,0.444951,0.015237,-0.025450,-18.0844,-14.1578,-11.1573,-25.1142,-18.7521,-37.2843,51.3014,9.6058,2.0151,22.8975,32.5154,29.6709
414,0.065328,0.013033,0.389333,-0.237074,0.793753,-0.108272,-18.3306,-46.9424,-16.5172,-6.1532,-15.5264,-37.3438,0.6620,49.1200,24.5904,0.0854,20.8386,38.0082
415,-0.040806,0.004185,0.393490,-0.161140,-0.521680,0.060005,-24.2682,-35.5783,-26.1247,-55.3066,-24.7922,-27.9608,51.6987,26.1177,58.7823,50.9211,27.8282,18.0006
416,-0.012230,0.038307,0.377635,-0.738060,-0.363219,0.128146,-24.5982,-53.5108,-24.2958,-53.2703,-24.7663,-17.0933,21.4041,52.4819,38.6102,51.9545,44.6184,4.8693
417,0.014180,-0.014176,0.407929,0.159006,0.156082,0.012762,-23.5638,-32.6221,-20.2215,-29.6664,-22.7440,-40.8169,57.7071,25.0162,23.4940,22.2566,49.8525,32.3450
418,0.011820,-0.048102,0.397685,0.556210,0.012317,0.014639,-20.4638,-22.3234,-20.4759,-36.1999,-20.3551,-51.1874,1.3287,16.6323,53.9270,34.6935,1.0525,54.0647
419,0.050870,-0.018760,0.394846,0.256340,0.615571,0.079092,-21.1847,-35.5444,-17.3161,-13.3644,-18.5152,-47.1281,32.8887,32.2416,23.2324,7.0461,23.7697,45.6522
420,-0.007923,-0.034482,0.393916,0.372149,0.045110,0.002920,-27.9879,-37.1646,-28.4851,-44.7196,-28.3218,-56.4599,59.7426,27.3668,59.4288,36.6948,17.0585,52.5030
421,-0.004934,0.020737,0.399378,-0.486886,-0.169110,0.039838,-18.1761,-44.5439,-17.4755,-39.9579,-18.2891,-19.5033,0.9931,49.4794,11.3076,43.4107,5.6980,16.0887
422,-0.020556,0.047909,0.409260,-0.454754,-0.185094,0.020968,-13.6832,-34.9552,-17.4655,-31.8274,-15.3670,-11.5810,9.9380,34.3408,12.6049,28.1257,41.7337,6.8591
423,0.047157,0.025418,0.389669,-0.365342,0.585283,-0.110956,-24.0548,-51.3949,-20.9643,-16.1562,-18.1458,-34.6632,59.5674,46.9492,35.3719,9.0719,13.0283,28.9808
424,0.025979,-0.046208,0.394962,0.577075,0.332697,0.094873,-19.6628,-25.8498,-19.4073,-24.4449,-19.5849,-54.6638,7.6791,21.8434,45.1134,20.1300,1.2981,58.8193
425,0.002594,-0.027323,0.389096,0.151412,-0.006854,-0.000666,-31.7953,-50.8115,-30.8137,-55.0547,-32.1532,-58.6785,33.8407,46.1487,57.3453,51.1686,17.6618,54.5824
426,-0.022100,0.003569,0.414313,-0.069725,-0.264492,0.014227,-13.8427,-25.2804,-15.8018,-35.4194,-14.7328,-21.7411,5.6069,24.6994,19.8416,36.6485,2.4218,21.5078
427,0.019617,0.018542,0.422576,-0.192439,0.069693,0.009332,-16.2148,-26.6171,-11.8062,-18.4814,-12.6314,-16.6089,46.2041,21.9032,3.2487,16.0218,36.0279,7.9067
428,-0.013392,-0.027026,0.380475,0.625310,-0.176328,-0.060698,-30.1123,-29.2946,-30.5698,-53.7812,-29.1465,-61.4439,58.5229,14.2799,46.8121,47.1430,49.1160,57.6275
429,0.066896,0.056086,0.373760,-0.756443,0.740985,-0.266704,-22.7402,-59.6968,-18.9963,-7.9290,-16.9139,-28.2373,33.5655,59.4006,14.2191,0.1145,47.7637,21.4901
430,0.044253,0.025233,0.390959,-0.302066,0.587228,-0.066504,-24.6848,-51.3395,-21.0150,-17.6629,-20.6689,-37.5251,59.4502,47.7047,18.3861,9.4006,38.4667,30.3115
431,-0.004337,0.012898,0.417035,-0.141733,-0.029310,0.004922,-15.2646,-30.4910,-15.2198,-28.1343,-14.3602,-23.1302,20.8258,30.2075,7.0175,28.3312,6.7752,21.8077
432,-0.090998,0.030597,0.413205,-0.164376,-0.519579,0.057695,-3.4678,-10.2355,-15.0356,-29.9301,-10.3649,-2.5981,19.5686,5.8491,29.3300,22.3817,16.7241,2.0165
433,0.043430,0.045070,0.384613,-0.546531,0.589813,-0.133457,-24.5951,-58.5090,-22.1990,-18.3597,-21.9107,-33.6411,46.3442,57.0334,13.6458,8.6663,58.6733,25.3010
434,-0.001113,-0.025368,0.394311,0.311105,0.026652,0.003721,-27.5205,-39.9013,-28.0054,-46.7572,-27.5463,-56.0613,36.1667,33.1820,48.0958,42.0054,17.7569,54.6514
435,-0.106076,0.064373,0.400689,-0.348089,-0.491880,0.078051,-3.4293,-17.9686,-21.8744,-32.1297,-12.8243,-1.2844,12.3331,10.8525,57.6631,17.0102,39.2842,0.9897
436,0.019587,0.008392,0.389786,-0.205674,0.139331,-0.014826,-32.1276,-60.4471,-31.1626,-48.8395,-32.2522,-49.8278,29.7284,56.2218,52.0534,41.0647,57.5330,41.0949
437,-0.010017,-0.019557,0.411579,0.195651,-0.082112,-0.011185,-19.3936,-25.6818,-18.8719,-34.4730,-19.1362,-35.8223,40.1150,19.8398,30.7343,31.5304,11.1372,32.5996
438,-0.035629,-0.002466,0.428802,0.025926,-0.206951,-0.000447,-5.4825,-10.0321,-9.3068,-20.0128,-9.1948,-11.3669,6.0734,9.3225,13.4352,17.4216,9.1292,11.1920
439,-0.026921,0.026120,0.398977,-0.270607,-0.287132,0.038090,-24.8484,-43.3959,-24.8774,-49.6371,-24.8688,-29.7268,55.9184,38.1516,13.1098,46.1873,46.0473,20.5056
440,0.018051,0.019423,0.394257,-0.434144,0.143364,-0.042429,-25.5133,-55.3480,-25.6739,-37.5662,-25.6066,-32.9583,23.5619,52.9182,57.8210,29.8298,40.3426,24.0854
441,0.043450,0.001414,0.392150,-0.249109,0.537380,-0.085310,-23.2368,-53.8725,-23.4171,-23.6923,-23.5540,-42.1395,5.9544,54.1515,56.8226,14.7680,28.2160,38.8231
442,0.023295,0.036739,0.402584,-0.437990,0.241927,-0.064063,-19.8109,-46.4731,-20.6192,-24.0874,-16.7997,-24.1784,26.2026,43.5133,42.3821,18.4869,18.4191,19.6486
443,-0.031346,-0.050535,0.384066,0.721547,-0.381689,-0.146660,-21.8486,-13.0105,-21.8278,-49.4578,-23.3548,-48.5391,41.5111,2.2431,38.7942,47.3483,21.3194,46.1355
444,-0.061023,-0.009880,0.393680,0.153218,-0.736705,-0.061391,-13.0677,-13.9514,-16.3822,-50.4437,-17.2317,-20.4139,9.7542,11.3353,12.8940,53.0772,16.3624,18.5827
445,-0.013032,0.027276,0.414095,-0.287087,-0.145756,0.017112,-14.0742,-32.1131,-15.6848,-31.3536,-14.4552,-17.3020,8.4075,32.8633,6.7556,31.3900,18.3828,15.3174
446,-0.002286,-0.005002,0.388745,0.388710,-0.028159,-0.005816,-29.2233,-38.8458,-30.5175,-50.2313,-27.8290,-59.0388,41.1062,28.5775,31.8867,45.0849,45.5830,58.1330
447,0.012012,-0.050398,0.380747,0.783965,-0.009039,0.028427,-23.8709,-19.3152,-24.1669,-40.2140,-25.4200,-59.9481,13.9687,8.1201,55.2256,33.0987,52.5252,58.9561
448,0.006006,0.016030,0.409769,-0.240797,0.023715,-0.008012,-18.4686,-39.3494,-19.3772,-32.0267,-18.3268,-26.8452,9.0119,38.5351,31.7364,29.2578,21.0957,23.7373
449,-0.027844,-0.000117,0.411128,0.000385,-0.284083,0.000545,-17.3072,-26.2330,-19.3894,-39.0268,-19.3036,-26.2531,26.9502,21.0722,32.0552,35.0217,30.4632,21.2090
450,0.032879,-0.070590,0.394383,0.673541,0.285017,0.079235,-18.3410,-13.5776,-10.0072,-16.8530,-17.7435,-47.6072,39.1016,10.1936,0.6621,15.1954,24.2159,44.1508
451,-0.018530,0.045369,0.374287,-0.871893,-0.261856,0.125870,-23.7600,-58.1212,-23.2236,-49.3712,-23.8638,-13.9544,36.7995,59.7964,20.2160,48.3711,33.2042,1.9772
452,0.054426,-0.002597,0.388420,-0.048592,0.700820,-0.043213,-24.4749,-47.7515,-22.3021,-15.1807,-20.7632,-45.6473,43.6123,42.4428,53.3147,5.1783,20.3859,41.7127
453,0.053342,0.000758,0.396858,0.104041,0.645097,0.064652,-19.1032,-38.7461,-16.4381,-12.0343,-18.2511,-43.3762,9.0520,39.2064,5.7832,5.8132,44.8026,42.8443
454,-0.031055,-0.014950,0.395940,0.252699,-0.451621,-0.059263,-23.1717,-26.2453,-23.2804,-52.8830,-23.4063,-38.4703,39.4313,18.0641,30.2306,52.1649,27.2106,33.6906
455,0.008975,0.017322,0.397790,-0.366425,0.255325,-0.043146,-22.8771,-51.0399,-22.5896,-29.9784,-21.8401,-32.4406,48.3776,49.7952,33.8222,23.9293,11.5151,26.7383
456,0.007083,0.004714,0.395667,-0.023440,0.228537,-0.002887,-23.8155,-51.5041,-25.4123,-40.6241,-25.1532,-50.3142,5.1694,55.0469,7.8607,39.2625,14.6197,53.8443
457,0.028525,-0.003298,0.393744,0.213005,0.090173,0.012659,-29.2169,-43.9411,-28.7199,-45.3997,-27.3424,-54.9465,8.6867,36.0476,49.3978,40.3538,56.8846,52.0456
458,0.004126,0.072496,0.382690,-0.877128,0.125930,-0.011670,-20.0541,-56.1701,-19.5794,-27.1643,-15.7376,-10.9117,48.2968,56.6506,4.8180,24.7819,20.8892,3.1906
459,0.028517,0.011029,0.379477,-0.069465,0.760610,-0.020699,-22.6703,-55.0159,-24.7936,-19.4242,-24.6918,-52.3104,27.4198,56.9172,15.4428,8.3676,35.7806,53.5565
460,0.005333,0.049335,0.400875,-0.545586,0.023405,-0.020270,-19.3554,-47.2985,-21.1166,-32.0099,-19.0129,-18.9662,17.3188,45.8719,26.1577,26.5682,47.1094,11.9963
461,0.000369,-0.003268,0.391970,-0.087391,-0.335110,0.015114,-28.4836,-43.9862,-25.7483,-56.8871,-26.6409,-39.6000,19.0257,39.1701,43.0787,58.2151,31.5427,32.3513
462,-0.001781,0.030786,0.399353,-0.356499,-0.051358,0.007457,-24.6747,-49.7619,-24.6025,-42.8731,-24.6743,-31.2563,33.1617,47.2014,19.6613,38.3031,51.7763,23.2032
463,0.010697,0.011403,0.386048,-0.538633,-0.189319,0.041412,-24.8234,-52.7653,-22.9898,-48.1192,-24.8953,-25.2576,0.7587,53.4622,58.0888,47.3698,28.1891,15.4808
464,0.038681,0.029164,0.393077,-0.432751,0.419830,-0.105066,-24.4588,-55.9994,-24.6327,-25.9952,-23.5624,-34.8816,21.3694,53.2473,49.8346,15.6571,53.1217,27.3577
465,-0.007466,-0.001775,0.394336,0.354544,-0.185030,-0.033392,-23.6602,-31.7635,-24.2486,-49.3472,-21.2412,-49.9862,14.1839,27.1955,4.1509,53.0317,13.8132,54.6171
466,0.039218,-0.027029,0.386779,0.569220,0.503852,0.178855,-20.8277,-28.7862,-18.1491,-18.5121,-21.2734,-55.7472,23.5007,25.4065,3.9989,11.5660,51.5341,56.1835
467,-0.063654,-0.004309,0.391615,-0.017678,-0.721747,0.033024,-19.3251,-23.3713,-22.0086,-55.4716,-20.6470,-22.6661,52.6569,15.1525,38.4280,54.8921,7.4648,16.0001
468,-0.014375,-0.057273,0.418680,0.432710,-0.062914,0.006511,-8.4233,-5.4436,-9.0354,-19.5171,-13.5651,-27.9216,1.0404,4.2856,28.0472,15.8237,11.0767,27.4716
469,0.007063,0.007939,0.417142,-0.090754,0.069128,-0.006693,-15.7644,-30.4833,-16.7723,-25.0161,-14.1812,-25.7763,15.9166,27.6588,35.4951,22.6404,1.8379,24.9250
470,-0.019785,0.006051,0.386785,0.380125,-0.369539,-0.078285,-26.8654,-30.0443,-27.0122,-56.3653,-24.3456,-48.9777,39.2280,19.7649,6.9873,57.0096,47.3781,47.6589
471,0.015986,0.010117,0.426203,-0.134145,0.080382,0.000804,-14.4591,-22.6430,-11.9082,-15.5386,-13.2453,-15.6787,39.3528,16.4499,21.8886,8.8392,49.2081,5.7245
472,-0.046436,0.021887,0.388685,-0.369832,-0.552556,0.124057,-23.7326,-39.0022,-26.7670,-55.7798,-24.3531,-21.8162,53.4775,29.6942,58.7397,50.5587,33.4677,10.6181
473,0.001351,-0.037398,0.404354,0.393855,0.020122,-0.004105,-21.1843,-22.4898,-17.3385,-31.7961,-22.9489,-42.9502,48.0014,16.3078,9.0077,26.0507,56.4632,35.4924
474,-0.056014,-0.006354,0.390033,0.111526,-0.666354,-0.049870,-18.7556,-22.2703,-22.6905,-54.7577,-24.1740,-27.1694,22.5604,14.8686,39.8665,49.8264,57.6955,19.2795
475,0.041062,0.012617,0.393273,-0.246812,0.551351,-0.075539,-23.1867,-52.5006,-22.9514,-21.7156,-22.6018,-40.9916,19.9224,51.5204,40.7369,12.5206,36.9983,37.1093
476,0.058299,-0.029575,0.387271,0.444100,0.688209,0.164508,-21.3839,-34.5332,-18.5663,-12.2856,-20.0060,-53.7628,15.8762,30.8030,38.1801,3.8609,31.2690,53.7691
477,0.029725,-0.017314,0.400327,0.323298,0.243712,0.055368,-22.8819,-33.8239,-22.8524,-30.9314,-23.4553,-50.2564,5.5563,27.9245,42.5511,23.4474,54.1919,48.3724
478,0.009432,0.015307,0.402443,-0.335888,-0.000652,-0.012428,-21.2601,-45.2380,-22.6942,-36.6044,-21.3199,-27.8182,7.5230,42.8596,59.8484,31.6288,24.9498,22.1309
479,0.012395,0.046911,0.397382,-0.536095,0.076642,-0.048893,-21.8716,-50.8116,-24.7488,-33.2905,-21.7307,-23.0557,17.9890,46.2909,55.5500,23.8428,56.0600,14.3398
480,0.004764,-0.006642,0.400304,0.011911,0.043119,-0.000169,-27.8467,-45.0528,-27.8160,-43.4223,-27.8739,-45.6713,43.8853,37.1944,58.5062,35.0526,41.0040,37.9188
481,-0.014555,-0.022145,0.393727,0.215778,-0.098005,-0.010645,-27.8699,-42.4241,-28.2248,-52.4540,-28.2809,-53.6005,41.6685,37.5810,38.2730,50.0083,8.3304,51.9480
482,0.030577,-0.013104,0.390305,0.332991,0.503024,0.090759,-24.0783,-40.6597,-24.4042,-25.5738,-24.2471,-56.4949,27.8748,35.9611,31.7568,16.2622,40.4409,56.6128
483,0.002464,-0.029790,0.407041,0.334805,-0.032206,0.013877,-18.8296,-23.7935,-19.9456,-33.9424,-21.7575,-41.1531,4.6900,18.0261,46.6207,27.3547,45.9749,38.1118
484,0.020128,0.000914,0.385400,-0.122488,0.614598,-0.041669,-24.3077,-53.6376,-24.8305,-23.1355,-24.9161,-48.0542,54.7132,52.6711,31.4360,12.4996,17.9444,45.3508
485,0.007886,0.003762,0.395478,-0.153039,0.062157,-0.004894,-27.6813,-53.4887,-27.0284,-46.7142,-28.0862,-45.5463,22.3570,52.6462,31.9583,43.3704,32.1632,41.0180
486,0.002405,-0.025650,0.396764,0.238236,-0.020394,-0.001676,-27.5471,-39.9176,-27.2461,-47.0336,-27.3422,-52.2929,32.4985,32.9967,55.8462,42.4549,20.6304,48.8607
487,0.043379,-0.067299,0.406820,0.414567,0.308011,0.097750,-18.0069,-17.8085,-9.8704,-13.7449,-20.1397,-38.5252,31.3437,14.1770,22.7065,6.1723,59.8854,27.6739
488,0.002915,0.000767,0.414400,-0.006977,0.027486,0.000401,-19.1128,-31.3162,-19.0651,-29.8981,-19.9893,-30.9536,28.4937,26.2130,30.4379,23.2483,46.3187,24.5503
489,-0.020764,0.014020,0.385726,0.325467,-0.186380,-0.030775,-29.3244,-39.8983,-31.6108,-56.6622,-27.1459,-56.6355,50.7739,29.9624,7.4423,54.4296,43.1911,57.3485
490,-0.003964,0.004726,0.409318,0.042902,-0.021374,-0.001201,-20.1214,-34.0418,-19.9661,-36.1164,-20.1936,-36.2703,25.6518,31.7598,5.4752,34.3470,30.5804,34.3452
491,0.051074,0.085469,0.389950,-0.740928,0.400225,-0.229497,-14.9897,-47.6923,-19.0573,-9.5721,-7.2767,-11.7209,2.2871,43.5723,49.7412,4.3071,9.7313,12.3342
492,-0.009640,-0.019990,0.393550,0.384676,-0.386171,-0.066168,-21.9378,-22.8292,-22.0345,-50.1052,-21.8423,-41.7084,3.9395,15.4361,35.5948,50.7859,36.3633,40.0663
493,0.011270,-0.012662,0.384946,-0.200090,0.496577,-0.062776,-25.8790,-56.7690,-26.8009,-29.5515,-27.5566,-47.0506,59.4483,55.5017,59.6667,18.1857,2.1325,41.9746
494,-0.011535,-0.040521,0.412055,0.360603,-0.092131,-0.008526,-16.1413,-16.5375,-16.4230,-30.0984,-18.9880,-35.2268,24.7018,10.4357,41.4350,24.2769,26.5601,31.2660
495,-0.028111,-0.006909,0.379309,0.563266,-0.366516,-0.115408,-28.5870,-27.5999,-29.2580,-58.7028,-26.3084,-55.5926,57.3406,14.2158,17.1791,57.3123,42.5157,54.1635
496,0.019572,0.055820,0.394297,-0.670973,0.178015,-0.070616,-19.4785,-53.8507,-20.0181,-27.9838,-18.9739,-19.3838,8.2668,56.3181,9.3121,23.5711,51.2444,13.1636
497,-0.012407,0.002069,0.391606,0.256609,-0.463103,-0.064431,-23.4719,-27.2467,-22.4919,-54.4747,-21.2160,-39.6819,11.1833,20.7500,10.3098,58.8260,36.7614,38.4565
498,0.040973,0.022762,0.394353,-0.300141,0.487600,-0.075320,-25.6086,-51.5810,-23.7175,-22.1656,-21.8720,-37.2534,53.9450,45.3093,46.2482,12.1431,37.8475,29.1875
499,-0.026554,0.016424,0.390519,-0.329504,-0.235047,0.040947,-28.7143,-53.7101,-28.2422,-56.0332,-29.4972,-36.8979,59.6626,50.7876,21.0035,52.7770,33.8899,27.4499
500,0.045800,0.041805,0.384575,-0.606684,0.565064,-0.179218,-22.8358,-59.2588,-22.1719,-18.3916,-20.8787,-31.3178,23.3997,59.4696,29.5211,9.2406,47.5207,25.0699
501,0.010438,-0.018765,0.391934,0.169098,-0.003493,-0.000561,-30.1215,-47.5725,-29.0458,-52.1254,-29.2390,-56.3545,20.4519,43.0434,47.8900,50.0661,22.1112,54.1402
502,0.001212,0.013828,0.397431,-0.260634,0.037191,-0.004553,-27.4479,-52.3218,-27.3200,-43.8596,-27.7122,-38.7855,44.6557,47.8401,42.2917,36.5662,43.8540,29.8455
503,0.042570,-0.052226,0.412789,0.448801,0.331123,0.071175,-14.0209,-13.7807,-10.1513,-9.6350,-12.9542,-36.2399,9.8740,9.2100,43.0277,5.2331,10.7870,34.5982
504,-0.017027,0.016923,0.408165,-0.262029,-0.225551,0.032864,-17.3476,-34.8363,-19.1550,-38.4047,-17.4720,-21.4517,15.6859,33.1005,31.4947,37.5497,11.2467,17.9836
505,0.037899,-0.028628,0.386828,0.513732,0.507859,0.147061,-23.9206,-33.3190,-21.5026,-21.6870,-23.5914,-57.6221,38.0963,26.9494,26.0264,12.3552,48.5789,55.6329
506,0.003943,-0.046704,0.407820,0.443441,0.036511,-0.005032,-19.7260,-18.8129,-17.6024,-28.6670,-19.2108,-41.8443,44.7424,10.0995,47.0149,23.4938,11.8130,37.7721
507,0.046103,-0.010802,0.391746,0.186382,0.583480,0.066450,-25.6286,-41.1657,-21.1340,-19.0564,-22.9988,-49.7247,59.5485,34.6622,24.0957,9.5043,47.2632,43.3081
508,-0.042627,0.033579,0.377882,-0.639976,-0.554688,0.199971,-25.6615,-47.6191,-26.5573,-59.3310,-25.6100,-17.9878,58.1221,41.4625,40.6769,56.6466,36.6806,4.4377
509,-0.061873,0.064154,0.399389,-0.490326,-0.445108,0.134518,-10.6147,-28.1891,-21.4025,-37.2905,-11.9874,-4.5784,19.7703,21.6886,48.4644,31.6718,11.6687,3.3522
510,-0.008978,0.043348,0.415218,-0.355320,-0.091338,0.024796,-16.2809,-32.1847,-17.2090,-27.2065,-14.3747,-13.7807,43.3295,26.3902,18.1304,22.4216,36.8431,6.2763
511,0.009303,0.113309,0.394869,-0.783975,0.088384,-0.085055,-10.2695,-40.2455,-18.4549,-15.0937,-4.9787,0.3436,2.4346,35.6719,33.1056,10.0217,19.8853,0.6559
512,-0.011081,0.027585,0.393268,-0.321212,-0.349567,0.046888,-26.0494,-45.4759,-25.4287,-53.5364,-25.6471,-29.5743,26.9451,40.6367,26.7193,51.5672,58.9149,19.8161
513,0.034897,-0.063407,0.381761,0.781207,0.370721,0.153232,-23.4787,-22.3000,-20.0054,-23.1570,-23.5428,-60.8607,36.2296,13.0978,50.4086,14.1213,35.6030,58.3089
514,0.016909,-0.054557,0.412550,0.470292,0.122346,0.018015,-15.8231,-12.8477,-12.7682,-19.3442,-15.3899,-37.1749,29.1953,6.0902,43.8755,15.0412,8.0184,34.1272
515,0.074224,0.011973,0.401947,-0.103384,0.547411,-0.024458,-23.5614,-37.7840,-16.0243,-10.6884,-14.8820,-32.9322,55.7208,29.0724,32.6185,5.2828,32.7343,24.2805
516,-0.033651,-0.002141,0.398744,0.033420,-0.505687,-0.008492,-20.7420,-28.4410,-20.6761,-51.9937,-20.6710,-30.0266,29.7886,24.2433,15.8660,54.7543,14.5404,26.2978
517,-0.021183,-0.032504,0.387826,0.645803,-0.375328,-0.126187,-19.5334,-13.4420,-19.5596,-47.4497,-19.9224,-45.3212,14.8499,6.2161,15.5013,49.6183,23.1797,46.9043
518,0.060663,-0.029488,0.410961,0.264855,0.444550,0.042596,-17.6558,-22.3367,-11.6520,-8.6121,-12.9169,-35.2642,26.4539,16.2531,37.1103,4.6458,16.2387,31.3183
519,0.071207,0.007539,0.397472,-0.081482,0.661291,-0.013534,-21.5610,-40.3735,-15.9686,-8.7601,-16.3615,-36.7053,31.6854,36.3003,25.3636,2.1877,39.5424,31.0556
520,-0.010997,0.079451,0.395077,-0.734694,-0.093438,0.020414,-15.0768,-44.1011,-20.1759,-29.5969,-13.3871,-6.0335,18.7452,41.5398,26.4753,24.9920,32.4088,1.1484
521,0.042508,0.009601,0.392763,-0.226918,0.568775,-0.078920,-23.7227,-51.3683,-23.0442,-20.3408,-21.9376,-40.8589,32.1947,48.4626,48.7364,10.6988,28.4284,36.3197
522,-0.007377,0.018712,0.389371,0.100226,-0.218289,-0.010359,-30.6237,-46.2381,-30.7684,-58.6221,-27.8537,-51.3975,35.8936,38.6203,13.9472,58.1977,47.5969,49.0512
523,-0.126436,-0.010980,0.371887,0.130717,-0.962009,-0.044645,-7.9109,-9.1914,-22.0466,-54.9719,-22.2943,-14.0333,17.6639,3.3349,54.3760,43.8753,45.6833,9.2668
524,0.050895,0.012732,0.396004,-0.140541,0.570621,-0.034290,-24.0340,-47.8220,-22.1201,-18.8210,-22.0682,-41.3213,30.1703,43.2511,39.7676,8.3359,54.5756,34.9227
525,0.003126,-0.012990,0.401847,0.148878,0.157694,0.009967,-23.2189,-39.9161,-23.7996,-36.6211,-23.6893,-47.5763,30.3254,37.0257,30.1166,32.1610,15.0664,47.0649
526,0.014652,0.016081,0.393864,-0.040962,0.091727,-0.001894,-28.9709,-52.9770,-29.1002,-47.7887,-27.9091,-50.8547,17.1985,49.8061,23.0502,44.4744,48.4118,48.6029
527,-0.095281,-0.065074,0.403010,0.342558,-0.490338,-0.101815,-6.2597,-2.2990,-12.2508,-32.9493,-22.0246,-18.4889,29.6133,0.4063,32.9834,19.6366,57.1351,8.6951
528,-0.010616,-0.072609,0.385299,0.797224,-0.158627,-0.013491,-18.1753,-9.5948,-19.2947,-37.8939,-23.9522,-50.6283,9.2830,1.2785,55.9243,30.3560,44.5729,48.2423
529,0.009565,-0.020430,0.388212,0.390589,0.166779,0.033069,-30.9380,-42.7970,-31.8757,-45.1544,-30.7846,-62.9016,49.4880,31.3365,59.8526,34.5796,49.2930,58.7144
530,0.062567,0.108544,0.379006,-0.818073,0.412429,-0.227232,-18.6166,-49.8902,-21.0403,-9.0017,-4.8929,-10.3084,31.5573,39.6681,55.9772,4.5867,2.2636,9.4039
531,0.013944,-0.031539,0.404145,0.407760,0.177623,0.036301,-18.7822,-26.0711,-18.4884,-28.3345,-18.8062,-47.0308,10.8435,23.0607,28.3995,25.9533,7.6559,49.7236
532,-0.012016,-0.015758,0.380648,0.600538,-0.389956,-0.121930,-24.7040,-20.5235,-24.5824,-53.8825,-23.6814,-50.0616,18.8253,9.4734,21.8064,53.8603,56.3412,48.7702
533,0.009596,0.067928,0.415528,-0.426146,0.125921,-0.052681,-13.7478,-32.6194,-18.6604,-15.6377,-11.6787,-10.6210,25.6478,23.6205,47.3255,4.3557,54.7512,4.2212
534,-0.020406,0.005197,0.390035,0.256791,-0.206560,-0.024562,-26.7493,-40.5553,-28.4134,-56.4819,-24.9848,-53.7324,30.0945,36.4747,0.5816,59.3277,11.2873,57.9256
535,-0.079946,-0.011416,0.406391,0.162277,-0.568198,0.013956,-6.7251,-8.3443,-17.1685,-37.9242,-13.9898,-16.2576,4.3474,3.4967,52.2084,32.3212,2.3838,17.8240
536,0.013358,0.031967,0.419490,-0.167754,0.093191,-0.014059,-15.4761,-28.5074,-17.3752,-19.9388,-11.0551,-19.8226,29.5591,20.4819,47.7010,15.1230,8.2703,17.4267
537,0.006519,-0.012820,0.390791,0.004917,0.392167,0.000209,-24.7920,-53.1177,-26.8192,-35.5682,-27.8801,-53.2845,27.6417,54.6048,34.9115,27.9480,12.3405,53.4499
538,0.052414,0.088698,0.382583,-0.882664,0.423674,-0.226596,-14.7410,-50.8330,-15.9381,-7.7186,-5.9256,-8.1477,7.0431,50.6561,21.7664,6.3772,2.1857,8.4765
539,-0.024316,0.048143,0.407159,-0.493835,-0.225063,0.071504,-14.0977,-34.8436,-16.7596,-32.8198,-12.6178,-9.6528,25.1974,33.8516,11.0544,33.1491,6.4090,6.6640
540,0.042957,-0.091724,0.381238,0.868473,0.338769,0.206591,-17.2101,-10.3552,-9.7761,-14.2976,-20.8231,-53.3930,14.5825,8.0303,17.8673,8.4555,46.7594,49.3329
541,0.001749,-0.010208,0.379871,0.564275,-0.393157,-0.109043,-25.2829,-22.3836,-24.6295,-54.9171,-22.2062,-49.9977,1.7684,11.7886,25.6141,57.7604,50.0870,50.5656
542,0.037423,-0.018252,0.404541,0.271138,0.460040,0.069907,-16.9725,-29.2368,-14.1880,-14.8368,-15.8614,-42.3123,13.0793,29.3745,4.0509,12.2106,17.2372,44.1017
543,-0.008545,-0.030880,0.417084,0.246039,-0.074472,-0.012401,-15.2588,-17.4329,-13.8949,-27.2032,-17.2234,-30.1915,29.5079,13.2205,21.1062,23.3054,27.6280,25.4041
544,-0.007987,-0.020368,0.406068,0.255991,-0.173366,-0.017942,-19.8578,-26.1154,-20.0490,-40.5842,-20.1969,-39.2712,14.5498,21.5945,31.0729,39.8483,16.6325,38.3992
545,0.002396,-0.022624,0.398880,0.263383,-0.039712,-0.003065,-26.4608,-36.3066,-26.3584,-44.9556,-26.2183,-49.9796,32.4361,28.1015,54.4445,39.5886,30.0149,45.9468
546,0.038284,-0.074691,0.381796,0.779602,0.356944,0.126827,-25.2940,-21.0112,-19.3038,-22.7075,-24.3669,-59.6941,55.6170,9.3984,57.8654,12.7852,38.2639,52.8027
547,-0.001413,-0.008564,0.399896,0.045039,-0.141517,-0.003117,-23.9090,-40.9767,-22.6611,-48.5060,-23.0432,-43.2951,8.1959,41.3821,16.3472,52.2284,3.6417,43.8837
548,-0.015121,-0.053949,0.392267,0.608664,-0.161445,-0.048926,-22.6259,-17.8793,-21.6179,-41.2747,-25.9950,-49.2182,44.0356,7.4413,43.2413,33.3049,53.9225,42.2619
549,0.005123,0.012277,0.392286,-0.434274,0.241305,-0.051132,-24.0073,-55.2403,-23.9724,-32.9716,-24.0323,-33.1373,49.6667,54.9385,43.9391,26.1443,7.4199,26.3131
550,-0.008979,0.047127,0.390863,-0.615082,-0.052693,0.021596,-24.2689,-56.0923,-24.1819,-42.6325,-24.3937,-24.1677,42.6465,55.9942,7.1372,38.4524,49.7744,14.4965
551,-0.013664,-0.007195,0.392444,0.040801,-0.311523,-0.004613,-30.7615,-43.0146,-29.9486,-58.0518,-30.0825,-45.0477,50.9162,32.5552,58.4442,52.8582,45.4466,35.0088
552,-0.011170,-0.036555,0.391118,0.554459,-0.298406,-0.074764,-22.6987,-20.4557,-22.7248,-48.5531,-22.4432,-48.3037,18.5660,11.5660,42.9502,48.1774,19.7268,47.8891
553,0.030090,-0.000212,0.382495,-0.040757,0.520310,-0.010864,-30.5816,-62.1097,-32.1275,-37.7211,-32.4841,-60.1689,25.4015,59.3299,54.5193,25.3766,52.6917,56.3630
554,0.005261,-0.007768,0.407164,0.230540,0.092189,0.011334,-18.3977,-30.7200,-18.7804,-32.5120,-18.2664,-42.6664,6.1850,30.4147,3.9426,32.8993,11.9037,46.5125
555,-0.023411,-0.018810,0.387929,0.258885,-0.152558,-0.018577,-29.2974,-45.1109,-30.5113,-58.7113,-29.7474,-58.4625,43.4054,41.0296,27.4493,58.0184,2.4652,59.2650
556,-0.000051,0.030257,0.396307,-0.202178,-0.113522,0.010797,-26.5530,-50.0327,-26.1065,-49.9546,-25.2415,-39.5895,20.8524,48.3451,2.5390,49.9386,47.4035,35.9705
557,0.011634,0.035241,0.407970,-0.385549,0.161157,-0.021167,-18.1473,-42.7714,-17.5062,-25.4206,-16.4189,-22.9210,27.1328,43.1337,4.3725,22.9531,25.5799,18.8961
558,0.003728,-0.013980,0.399774,0.017504,0.220406,-0.000757,-23.7342,-45.5388,-24.3318,-36.0655,-24.9822,-46.4040,32.9984,44.4031,37.8112,30.5518,8.4204,44.6806
559,0.066448,-0.002727,0.378890,0.071644,0.830588,0.038517,-27.3294,-50.7384,-24.5109,-14.7491,-25.0071,-53.5599,40.4032,44.1062,52.6111,0.6466,59.3154,47.1078
560,-0.041062,0.030414,0.413568,-0.273350,-0.351109,0.049865,-11.5266,-24.6077,-15.6177,-33.7973,-13.0560,-11.0006,20.0880,22.6487,12.5512,32.5442,15.5729,8.3803
561,0.005953,-0.002424,0.406557,-0.049051,0.192321,-0.007792,-22.0460,-40.0738,-21.3363,-30.1574,-20.6501,-37.5463,50.1614,36.2035,32.6753,25.1950,6.3098,33.8245
562,0.025642,-0.004555,0.388347,0.017950,0.609178,0.000989,-23.8480,-49.4856,-24.1953,-22.4554,-24.1427,-50.2466,44.6431,47.6921,32.3565,12.4075,21.5441,48.7427
563,-0.026785,-0.042631,0.381379,0.641949,-0.477414,-0.153506,-25.1203,-19.2737,-24.7406,-57.5344,-24.0861,-49.8405,38.3506,7.8993,48.4381,58.6211,6.5807,48.1997
564,0.043695,0.020837,0.393098,-0.279835,0.594618,-0.078292,-22.1888,-50.8618,-20.7826,-17.4093,-20.3906,-38.1048,28.6097,50.1581,23.6954,9.2826,37.3856,34.1910
565,0.027585,0.021918,0.388347,-0.462957,0.348300,-0.090825,-27.2288,-61.0494,-27.2942,-33.3407,-27.4375,-37.9746,32.9488,58.5852,56.1997,22.5324,49.1894,28.6012
566,-0.035846,-0.053767,0.390765,0.603576,-0.366832,-0.110248,-19.3176,-12.7452,-20.0322,-45.1863,-24.7073,-42.6283,33.0788,3.9904,39.1824,38.9243,49.4888,36.5437
567,-0.022132,0.034657,0.393827,-0.595753,-0.294838,0.100186,-17.5007,-42.5229,-19.7476,-41.5456,-16.9595,-12.5005,16.3566,42.6476,35.9070,42.0844,1.7277,7.4789
568,0.003238,0.022292,0.404276,-0.312626,0.029879,-0.007288,-22.5166,-44.6007,-23.8340,-35.1175,-21.2654,-28.3615,37.0002,38.7922,55.6884,28.1570,26.3435,21.1309
569,-0.006413,-0.025025,0.423322,0.152667,-0.035942,-0.001997,-10.7823,-15.5540,-9.6936,-21.1414,-14.1368,-23.4837,8.0705,16.0874,2.6407,18.9725,28.9457,20.5922
570,0.010882,0.044298,0.392409,-0.580374,0.096833,-0.034404,-24.6989,-56.5192,-25.1454,-36.8920,-24.3426,-26.4628,32.7717,54.0385,34.6143,29.1520,57.2224,16.2602
571,0.049219,-0.062102,0.388375,0.739713,0.457420,0.219938,-16.2200,-16.2139,-10.7733,-11.3556,-17.6051,-51.6195,2.9266,15.4889,8.5665,7.4284,34.3838,52.3792
572,-0.078966,-0.049097,0.398059,0.407184,-0.570094,-0.122647,-11.6763,-6.2051,-16.1493,-41.8980,-21.4154,-24.9605,37.6840,0.3046,36.2860,33.8255,37.6072,17.7268
573,-0.004307,-0.009335,0.394782,0.161534,-0.156455,-0.011872,-30.0851,-41.8008,-29.7447,-53.0345,-29.3766,-50.1206,45.1077,31.5669,53.0381,46.9957,47.7107,42.7913
574,0.004784,-0.008839,0.415544,0.093713,0.052715,0.001310,-18.2027,-26.9317,-15.2647,-26.9881,-17.7862,-31.7963,39.5659,23.7928,1.6092,24.4039,32.3566,26.8202
575,-0.000958,0.030422,0.413061,-0.293307,-0.010475,-0.000251,-17.2714,-36.3466,-17.9698,-29.2019,-17.0843,-21.1065,24.0526,34.0869,15.0054,25.0983,39.3245,15.5421
576,-0.013711,0.013514,0.419203,-0.133229,-0.110800,0.003911,-15.1813,-26.6177,-15.9350,-28.1659,-16.3039,-19.7197,31.1998,22.5976,17.7346,23.1473,39.6233,13.2086
577,0.042312,0.062829,0.413025,-0.327295,0.222536,-0.040418,-18.8131,-32.9490,-18.3843,-14.3853,-9.0729,-16.2415,50.3212,19.5421,51.8147,8.1421,24.5292,9.9862
578,0.013195,0.014992,0.394511,-0.170358,-0.245514,0.017270,-27.0073,-45.2780,-24.6116,-52.1046,-24.8471,-36.7040,2.0839,41.7326,30.9905,53.3421,50.2182,30.3521
579,-0.037209,0.017890,0.405882,-0.159349,-0.370793,0.011532,-20.7598,-31.7877,-20.7827,-44.5445,-22.4223,-23.8525,57.9643,25.6267,6.0021,39.9577,57.0203,13.2585
580,-0.023573,0.017328,0.387626,-0.136415,-0.033323,0.001071,-29.8005,-58.9621,-32.1254,-56.9226,-31.6751,-51.8841,48.0571,58.3554,6.3638,53.2984,30.4179,49.7922
581,-0.029471,0.072515,0.413832,-0.358069,-0.161982,0.039952,-9.9155,-25.6659,-19.7854,-23.9626,-7.2022,-7.2529,17.8597,16.5717,56.9362,17.8768,0.0115,9.0396
582,-0.004111,0.026250,0.404723,-0.380704,-0.085343,0.011049,-18.8052,-41.4395,-21.2219,-35.5177,-18.3535,-21.7114,15.1508,38.8481,48.9523,31.7816,15.9644,17.0681
583,-0.103991,0.008503,0.381989,-0.111105,-0.965310,0.023591,-12.1034,-13.4060,-17.6771,-54.8005,-18.8942,-9.2296,54.7844,8.3023,4.2581,52.9646,28.6008,1.3411
584,0.004101,-0.023222,0.394369,0.230344,0.275806,0.029605,-24.7356,-43.9370,-26.3375,-37.2050,-26.3386,-55.5365,31.0995,41.5982,39.9714,30.8314,8.3605,56.5806
585,-0.087851,-0.037373,0.392060,0.318713,-0.631673,-0.102613,-15.4606,-12.4447,-21.8844,-48.4384,-25.8630,-26.7349,53.3046,2.2547,57.9581,35.3079,58.7296,15.5730
586,0.039620,0.118734,0.379349,-0.910077,0.265153,-0.162190,-15.6620,-49.5198,-20.3520,-12.5354,-5.1771,-3.5939,20.6083,42.3883,41.7737,8.1707,12.9839,2.6809
587,-0.046202,-0.041135,0.381040,0.631763,-0.617591,-0.198823,-19.7545,-11.3771,-21.1270,-55.0445,-22.8415,-39.7048,28.8901,1.8565,36.8774,54.2380,29.2004,36.2089
588,-0.058757,0.011836,0.382380,-0.219959,-0.760005,0.095734,-21.4316,-30.5158,-25.3579,-60.3776,-24.0928,-21.3848,38.1318,21.7158,51.9020,56.8339,40.5960,11.5606
589,0.001564,-0.021154,0.394608,0.395254,0.240469,0.038692,-24.2484,-34.5093,-24.4223,-33.3900,-24.1878,-54.5714,54.9974,27.7153,23.3104,26.3479,24.3084,53.9312
590,0.004214,-0.047118,0.398928,0.582384,0.106649,0.018810,-19.2897,-19.4024,-17.8190,-29.3769,-19.2055,-49.5262,31.2682,13.7678,26.5190,26.7579,5.2831,50.8801
591,0.000429,0.019918,0.424124,-0.230161,-0.034941,0.007861,-15.1138,-24.7296,-13.2269,-20.3454,-14.7372,-12.7751,49.1714,18.2429,16.2572,13.0655,57.8146,0.8475
592,0.003451,0.047137,0.380538,-0.761850,0.117888,-0.029246,-24.4171,-59.7615,-24.9330,-34.1793,-21.3879,-20.4017,57.4643,56.7590,52.3045,27.6402,12.1419,10.5185
593,0.017993,0.051798,0.393635,-0.640678,0.191850,-0.066483,-21.1107,-54.8308,-21.4732,-29.1595,-20.2835,-21.9722,20.1902,55.5936,17.3284,23.5138,49.0646,14.7014
594,0.008483,0.009344,0.426544,-0.091447,0.162462,-0.010798,-11.6482,-22.3249,-13.9005,-12.6481,-14.0380,-17.6185,15.5094,16.7188,43.5825,1.1291,56.6540,10.4606
595,-0.031708,0.003955,0.387876,-0.447170,-0.392708,0.104570,-25.0211,-47.4262,-23.6692,-54.4159,-25.2007,-25.3445,50.3690,45.9036,38.0041,54.6974,3.0263,15.4116
596,0.033881,-0.020329,0.400825,0.196371,0.445782,0.015663,-22.7838,-35.2285,-19.4545,-19.8290,-18.7107,-44.7217,57.2830,28.6439,38.3863,14.0136,2.3154,41.8673
597,-0.097033,0.018703,0.388974,-0.222296,-0.852694,0.062420,-7.0994,-14.0146,-15.5255,-48.1351,-15.8318,-5.1140,11.3957,13.9384,4.0040,46.7176,28.4531,2.0512
598,0.071724,-0.054224,0.393228,0.485941,0.561218,0.155678,-21.8053,-24.3301,-11.8282,-9.2912,-18.6572,-46.7166,40.2906,18.7724,24.0043,3.4154,42.8898,38.8651
599,-0.019535,0.024806,0.407755,-0.262379,-0.202527,0.026378,-20.0273,-36.7510,-21.5216,-39.2454,-20.2991,-23.3054,38.9042,31.4827,29.2823,34.3540,38.1877,15.6918
600,0.033772,-0.102429,0.390401,0.784143,0.224409,0.083849,-17.5944,-6.8917,-8.4371,-15.7876,-19.4851,-46.9197,35.4932,1.9839,28.2997,11.0303,30.9179,39.4083
601,-0.007557,-0.001515,0.400429,0.164448,-0.210384,-0.019095,-24.6085,-33.6596,-24.5634,-47.3746,-24.4973,-42.0863,27.5896,26.2700,27.6840,44.1322,50.8592,37.2420
602,0.062686,0.039042,0.399635,-0.360321,0.502232,-0.072526,-21.5960,-42.4991,-15.5132,-10.8945,-11.5484,-25.3113,55.6735,36.7774,17.3555,8.9320,10.1218,19.6969
603,-0.001932,-0.002490,0.391763,0.233397,0.083141,0.009515,-29.1108,-45.6776,-30.8063,-47.9451,-28.9763,-57.7743,42.8777,38.3202,32.7229,41.4234,39.6885,56.3121
604,-0.015440,-0.008807,0.407191,-0.005003,-0.236061,0.004979,-19.6138,-32.1946,-19.5417,-42.6721,-19.5691,-31.9267,19.2222,30.4739,26.8126,44.0682,0.6053,30.0924
605,0.053602,-0.025411,0.399643,0.265161,0.504306,0.071185,-23.4192,-34.0621,-19.7604,-17.4025,-21.5304,-46.6342,33.8528,25.9352,54.4640,6.8577,48.4676,39.8871
606,-0.050760,-0.002786,0.404484,0.021345,-0.445131,-0.013699,-17.5418,-24.1205,-21.6288,-44.6564,-22.8605,-25.1266,35.5160,16.6708,41.3847,36.3289,55.1911,16.3794
607,-0.002874,0.033866,0.385060,-0.554533,-0.154744,0.041204,-29.5219,-60.0819,-28.1260,-53.1843,-29.4918,-31.5338,39.3457,57.6702,29.8745,48.8019,59.6840,19.0412
608,-0.128468,-0.026115,0.384126,0.226627,-0.871849,-0.134959,-1.4501,-0.8135,-13.2156,-44.5023,-18.0417,-9.0708,1.2299,2.5886,14.3846,37.5826,34.6542,7.0199
609,-0.014854,0.024125,0.383717,0.288188,-0.230040,-0.033518,-30.6259,-41.0024,-32.3159,-58.7229,-27.2777,-55.7683,47.0549,29.7646,5.2772,56.9777,58.1939,55.3445
610,0.025373,0.060692,0.402126,-0.599547,0.230039,-0.075953,-16.3436,-45.4074,-17.2660,-19.1218,-12.9899,-14.8393,13.9276,44.9673,16.8102,15.3516,30.1401,11.0123
611,-0.001641,0.010003,0.393093,-0.368088,-0.182649,0.032457,-26.5696,-50.9061,-25.2017,-49.8793,-26.5206,-32.0083,26.0809,48.6714,46.1330,47.4084,32.4549,22.5580
612,-0.063859,0.031677,0.378369,-0.458406,-0.778992,0.170125,-17.9187,-31.6426,-23.7578,-58.3426,-22.2093,-12.9268,21.9906,26.0614,40.6434,54.9901,48.6643,3.9005
613,0.009739,-0.035931,0.392307,0.299419,0.311079,0.043700,-25.0150,-43.0629,-26.2699,-36.3249,-26.7437,-58.0165,26.3791,40.4935,53.8052,29.5574,1.4203,59.1965
614,-0.008614,-0.032335,0.404280,0.309262,-0.157232,-0.014205,-21.5655,-26.0957,-22.2379,-41.2315,-22.1220,-42.0153,25.5601,18.3200,58.5886,37.1539,14.0407,39.0351
615,0.006399,0.003256,0.387541,-0.556174,-0.064417,0.014924,-23.1638,-54.7314,-20.9545,-43.4559,-24.1667,-25.8966,7.7985,59.5664,42.9398,43.7111,6.2771,18.1845
616,0.072494,-0.009937,0.390448,0.129177,0.705238,0.079937,-24.2714,-39.0891,-16.0516,-9.9753,-19.3875,-44.5061,51.8148,34.1031,14.4342,2.8120,48.6214,36.7908
617,0.031590,-0.033625,0.387103,0.609096,0.492867,0.157271,-19.6777,-26.3793,-17.0057,-17.3370,-19.0496,-55.3026,30.2363,23.4612,2.8820,12.5982,23.9770,58.1646
618,0.017815,-0.062083,0.416481,0.304725,0.146128,0.047638,-13.6699,-14.5222,-7.9118,-15.5684,-18.7086,-30.2026,20.3344,14.1302,9.7757,8.9719,58.9646,20.4398
619,-0.008945,-0.045889,0.396610,0.600788,-0.098876,-0.033937,-19.3290,-15.9046,-18.0822,-36.1843,-21.1717,-47.0155,28.3962,9.4024,19.8806,33.2132,31.7517,45.5910
620,-0.015617,-0.015761,0.387597,0.306356,-0.076068,-0.011294,-30.9290,-44.8485,-32.3909,-56.2415,-30.8734,-60.7344,52.1383,36.6486,40.4173,51.4381,23.2579,59.1308
621,0.013129,0.030153,0.390127,-0.474412,-0.144713,0.028589,-26.7733,-54.8486,-24.4630,-49.5418,-25.7845,-30.5006,7.2694,54.8998,23.3991,49.3230,53.5959,21.7475
622,0.042429,-0.062002,0.398406,0.583392,0.356564,0.080765,-19.7047,-17.8041,-12.5733,-15.4752,-17.2436,-46.8456,40.3524,11.6571,27.7877,11.8279,15.4287,43.1320
623,-0.032750,-0.006064,0.396433,-0.026366,-0.435958,0.009666,-24.4855,-36.0651,-23.8556,-55.0176,-24.2150,-34.7537,46.6328,31.1025,27.0256,55.9323,10.4725,28.9445
624,-0.003824,0.056471,0.383229,-0.804559,-0.025318,0.019211,-20.7628,-54.9636,-22.6075,-35.3275,-18.4897,-13.1700,35.2506,53.8710,40.5391,31.4547,15.3283,5.2311
625,0.008508,0.026960,0.420564,-0.191552,0.023087,0.007171,-15.6996,-27.7583,-14.6629,-21.7515,-11.4522,-17.8020,40.1526,22.1633,19.4028,19.8901,11.7268,13.4477
626,-0.044020,0.054098,0.408971,-0.374530,-0.245843,0.024676,-12.1826,-30.2911,-21.9836,-31.9525,-15.7101,-11.1481,16.6512,23.4083,54.3493,20.9974,44.6841,6.7820
627,0.002348,-0.069821,0.389322,0.786375,0.089577,-0.025870,-19.1789,-9.9801,-12.8990,-26.0012,-18.2754,-50.6693,55.2787,3.8551,1.0071,25.7070,7.5818,49.4492
628,0.035904,-0.010050,0.371094,-0.025456,0.891573,-0.036241,-22.9048,-53.0311,-23.0236,-12.3428,-22.3481,-51.7741,52.5894,52.9744,36.1330,1.1854,0.6621,52.2236
629,-0.007772,0.039562,0.391682,-0.659679,-0.226042,0.066674,-18.6770,-47.7026,-18.9125,-41.8946,-18.8291,-14.0930,4.0035,51.2938,13.3070,43.5986,24.0016,8.0076
630,0.004706,0.015173,0.393923,-0.454630,0.132221,-0.030550,-24.0162,-53.2158,-24.3034,-35.3173,-23.1239,-29.7338,45.3660,50.8993,58.1164,28.9328,6.1651,22.0918
631,-0.027148,-0.029364,0.414677,0.272750,-0.232276,-0.019300,-12.7459,-14.4446,-15.0305,-31.9704,-16.2932,-28.3788,11.2690,10.8169,32.7780,28.8756,14.3724,27.1871
632,-0.000308,0.016606,0.384838,-0.338199,-0.205091,0.035549,-32.7568,-59.9326,-30.0155,-60.7178,-31.7670,-42.6377,34.8450,57.3198,29.6576,59.6127,48.1957,32.7181
633,0.080823,-0.052288,0.414249,0.375164,0.422962,0.047261,-14.6116,-10.0065,-3.3374,0.0337,-7.3063,-28.5639,26.6323,4.5327,23.1781,0.9997,2.7180,23.3783
634,-0.018414,-0.027046,0.417952,0.228373,-0.159649,-0.023682,-12.1579,-14.9625,-11.6245,-28.0950,-15.5183,-26.7217,12.5202,14.5192,1.9655,27.1444,24.3569,24.6810
635,-0.023519,-0.010170,0.405084,0.082483,-0.252947,-0.004873,-23.5829,-31.5217,-24.5461,-45.0109,-24.0344,-35.7194,53.7961,21.4453,54.9486,38.2891,30.9964,27.5293
636,-0.014137,-0.048358,0.404203,0.496717,-0.149977,-0.018491,-14.3993,-12.7666,-14.7182,-32.5739,-20.0278,-38.3789,0.9344,10.2397,18.9538,28.5549,45.2570,36.4655
637,0.031576,0.024434,0.385980,-0.075267,0.645930,-0.015837,-22.7226,-54.0820,-25.1377,-23.5169,-24.1606,-50.9926,10.2836,55.7295,6.1939,14.4099,51.9474,53.0024
638,0.064946,0.113980,0.381753,-0.882815,0.406165,-0.160329,-15.7079,-46.2487,-14.1720,-4.1892,-0.9934,-2.9920,26.6856,41.0829,10.7683,5.7736,1.0147,2.2447
639,0.029882,0.001861,0.397378,0.087888,0.450054,0.030267,-24.0883,-43.6368,-23.2205,-25.5285,-23.7684,-47.9266,36.3271,39.4356,23.4020,16.4589,50.2704,44.2690
640,-0.025821,0.013697,0.406610,-0.189959,-0.178570,0.025548,-21.4771,-38.0878,-21.1843,-41.2925,-20.8524,-28.3453,59.0234,34.4830,11.0422,39.4305,14.2013,22.3253
641,-0.000169,0.063282,0.394061,-0.705222,0.032806,0.010753,-19.5054,-49.9762,-20.0793,-30.1055,-16.3700,-13.3601,41.4486,48.5675,13.4551,26.9577,26.6504,6.0762
642,0.014088,0.033528,0.391457,-0.374051,0.418275,-0.066906,-23.6503,-57.0007,-24.3353,-28.6765,-24.5916,-38.8869,38.5286,58.2270,4.4511,20.4331,47.6640,34.5036
643,0.018909,-0.011485,0.388607,0.337074,0.538681,0.092510,-21.6934,-39.8119,-22.9073,-23.0170,-22.3266,-55.5654,33.7203,37.8148,14.0291,15.3115,21.6107,58.9060
644,0.014531,-0.086890,0.407747,0.620152,0.066329,-0.010137,-12.2642,-2.5275,-4.1893,-15.6539,-13.7084,-34.7427,26.1047,1.7142,0.5367,16.8038,6.5355,31.0303
645,-0.073977,-0.055482,0.402065,0.409370,-0.495215,-0.110613,-6.9426,-3.4253,-11.5327,-36.0383,-19.4363,-22.8560,3.5596,4.0837,14.8420,30.0731,42.0840,18.9739
646,0.004910,0.022172,0.380259,-0.612179,-0.248456,0.069494,-28.1098,-57.3067,-25.7729,-53.8757,-27.9169,-26.3276,17.7992,56.0714,51.1649,51.8908,47.0875,13.3071
647,-0.024629,-0.037704,0.381629,0.793271,-0.195748,-0.101863,-21.3740,-14.2867,-21.4390,-44.1652,-20.7700,-54.9193,42.5481,5.2420,9.6715,44.5860,9.9264,58.5505
648,0.003748,0.023620,0.393362,-0.152537,0.146897,-0.010173,-29.1249,-56.0286,-30.2341,-45.4679,-29.5765,-48.1756,41.8001,51.9110,22.3307,37.6834,58.7871,42.6149
649,-0.003980,-0.007668,0.396566,0.159129,-0.193309,-0.015227,-26.1707,-39.1104,-25.3291,-51.9285,-24.5933,-47.2694,19.7039,35.1130,23.9682,53.7108,16.9488,46.6043
650,0.008461,-0.040409,0.421554,0.308711,-0.020128,-0.024791,-14.9993,-10.9017,-10.2315,-19.9162,-12.8364,-26.9542,47.4839,3.6933,26.1470,18.1334,6.4576,21.0662
651,-0.013036,-0.026806,0.390922,0.366188,-0.203012,-0.036906,-29.5460,-35.7560,-29.4278,-54.4796,-28.8509,-54.5130,51.1109,24.6179,55.6288,49.7010,27.9358,49.5914
652,-0.012956,-0.045330,0.406927,0.491264,-0.119896,-0.040372,-15.3925,-12.8037,-13.6011,-31.1287,-17.3446,-38.1966,23.6332,9.5986,7.7155,30.7471,15.3709,37.5627
653,-0.011199,0.019049,0.401543,-0.179410,0.022776,0.002006,-24.9178,-46.9946,-25.1464,-41.3130,-25.1667,-37.6931,55.1605,43.4066,12.6835,35.7445,38.9081,31.3629
654,-0.027450,-0.036128,0.385797,0.548702,-0.550721,-0.145067,-21.3976,-16.3798,-21.2341,-55.0489,-20.8586,-41.7117,19.3698,8.0929,37.1861,58.7064,5.0888,41.2784
655,-0.042820,0.028746,0.380231,-0.521081,-0.681577,0.181970,-21.1440,-37.8588,-22.9743,-58.4764,-22.1863,-15.2704,25.4663,33.8276,32.8989,59.0956,35.5483,5.6877
656,0.065906,-0.105355,0.388124,0.813217,0.439206,0.223826,-12.9077,-4.5595,-0.9106,-1.8317,-14.0650,-43.6179,3.9623,6.5768,2.4192,1.5601,20.4595,40.0265
657,-0.007493,0.079618,0.391493,-0.797770,-0.054461,0.051179,-15.9556,-46.1292,-18.5994,-28.2825,-11.4305,-4.7382,32.3888,44.5267,15.3928,27.3258,9.8451,0.3396
658,-0.027362,0.017036,0.394569,-0.343544,-0.281494,0.053695,-25.6799,-47.9231,-25.2063,-52.1073,-25.9562,-30.5398,53.7152,45.1091,20.7296,50.1568,26.4904,21.6873
659,0.020883,0.085294,0.388619,-0.863792,0.177827,-0.096213,-13.4263,-48.8037,-16.4985,-17.4900,-8.3730,-4.4651,4.2957,50.4388,16.1252,16.5356,7.1466,3.6864
660,0.020729,0.076658,0.380620,-0.855323,0.166270,-0.109189,-22.0905,-59.5543,-25.2354,-29.0038,-19.8783,-15.6145,25.9094,55.6202,48.5293,19.0386,58.8264,5.8143
661,0.003845,-0.030085,0.397960,0.309630,0.102512,0.014314,-24.8849,-37.1106,-25.2548,-40.4301,-25.1826,-53.1353,29.2447,31.9313,48.3465,35.8350,9.3850,52.7260
662,0.048169,-0.021607,0.414666,0.205300,0.335411,0.012702,-18.1291,-22.8205,-12.7791,-12.8333,-12.8052,-33.1688,37.1077,15.7821,35.1379,9.7577,9.1930,29.1174
663,-0.026831,-0.066541,0.423615,0.395978,-0.165431,-0.037631,-4.6271,1.4798,-3.0836,-16.3702,-10.7300,-18.8933,6.6648,0.5934,1.9462,15.7697,5.1318,17.0352
664,0.030951,0.004168,0.390705,-0.106350,0.161081,-0.008570,-31.5396,-57.7140,-29.9751,-47.7215,-30.6091,-52.2385,11.4992,54.0963,50.4831,42.3882,53.8798,46.2029
665,0.057102,-0.054060,0.412422,0.284440,0.395704,0.099645,-15.8016,-18.5369,-7.1433,-7.2058,-16.4753,-32.3107,20.5524,16.7769,16.0958,1.2686,54.4567,22.5151
666,0.036522,-0.017565,0.387521,0.283555,0.624861,0.089375,-22.6239,-44.1257,-23.7766,-22.0186,-23.4469,-56.8400,10.7419,42.8103,39.9053,13.2058,22.8779,59.6515
667,-0.079088,-0.024797,0.382264,0.302262,-0.796254,-0.099945,-18.6539,-15.7342,-24.1668,-58.1451,-24.4659,-28.0876,49.8082,4.2263,59.2542,51.4770,34.4912,19.7889
668,-0.016512,-0.022408,0.391243,0.360362,-0.267720,-0.048077,-29.5343,-32.8687,-29.5785,-54.3101,-29.7389,-51.1349,57.0260,18.9500,59.0734,46.3809,56.0035,42.3368
669,0.005393,0.033214,0.395026,-0.479711,-0.158802,0.025627,-23.2127,-49.6565,-22.6085,-44.8457,-23.1006,-25.0483,6.1479,49.5646,24.5121,43.4961,49.9007,17.1467
670,0.059160,-0.113447,0.363267,1.086487,0.429751,0.281814,-20.1379,-8.1997,-9.7131,-10.6577,-21.6301,-60.4047,28.1059,2.4118,40.3169,3.6583,37.2866,54.4041
671,-0.020881,0.032265,0.410064,-0.310264,-0.201259,0.025778,-18.5104,-35.2876,-18.6766,-36.5229,-19.1557,-19.3790,42.2188,32.0870,0.9700,32.8491,50.4141,10.9175
672,0.057992,0.007563,0.392579,-0.091758,0.633024,-0.026999,-25.4261,-46.2784,-21.0109,-15.6979,-20.5452,-42.1584,54.9254,39.5945,37.7103,6.4036,38.8980,34.8749
673,-0.016226,-0.010027,0.415147,0.100651,-0.144839,-0.013259,-18.3006,-24.1561,-16.5707,-33.2788,-17.1535,-29.3395,53.1826,18.8098,12.4928,32.0782,9.6734,24.7537
674,0.005124,0.037023,0.410388,-0.395465,0.078599,-0.004480,-16.6948,-39.6128,-16.3641,-25.7431,-14.5182,-19.1127,27.2168,39.8356,3.7766,24.7304,15.9269,15.7381
675,-0.083715,-0.008706,0.403206,0.090263,-0.661929,-0.017942,-6.5830,-8.7674,-14.4834,-40.6178,-14.5325,-12.8399,6.7624,7.2977,21.4699,38.1677,12.0279,12.4943
676,0.003751,-0.067123,0.388769,0.740140,0.103893,0.008779,-23.5400,-18.2871,-21.0771,-32.3667,-22.8584,-56.5642,57.5454,6.7782,56.8747,25.8359,7.0330,53.8969
677,-0.027910,0.010558,0.390019,-0.418043,-0.350698,0.076260,-24.3381,-49.4265,-22.4177,-55.1364,-24.9617,-28.5641,35.4004,52.4442,3.4003,59.0126,6.6738,22.2176
678,-0.062181,0.003582,0.389528,-0.048276,-0.676619,0.018542,-19.8219,-26.4459,-25.0421,-55.8491,-24.5900,-24.3359,36.1491,17.0842,54.6105,48.8987,51.6290,14.9431
679,-0.023062,-0.042806,0.408616,0.428045,-0.240920,-0.033211,-14.1954,-12.6129,-15.8618,-34.6514,-16.9012,-34.4264,10.9575,7.9334,39.6471,32.9046,2.9794,34.7665
680,0.070537,0.030973,0.413428,-0.166832,0.398542,-0.041283,-19.5094,-30.1125,-14.0290,-8.0025,-9.3109,-21.9575,45.9116,19.1068,40.3615,3.7177,25.7774,14.6666
681,0.000245,0.034851,0.400390,-0.432704,-0.096646,-0.002397,-20.9822,-45.6467,-23.7969,-38.9631,-22.0440,-23.2894,8.7866,42.0113,52.1515,32.0062,52.3636,15.3958
682,0.004321,-0.014790,0.391752,0.000213,-0.133822,-0.000815,-29.1087,-49.9098,-26.4856,-55.9269,-28.1908,-49.9093,12.7377,49.9620,30.3833,58.9220,8.6404,47.7581
683,0.028358,-0.007912,0.386070,0.129554,0.662035,0.041322,-22.6862,-47.8437,-23.8277,-20.8104,-23.6689,-53.5137,30.4257,47.2686,28.8412,11.0972,21.7008,54.7941
684,0.025371,-0.034521,0.382460,0.658782,0.380672,0.139949,-23.2370,-26.5962,-19.9535,-24.4929,-23.4638,-59.0789,47.1011,20.1064,2.1713,17.0979,55.6346,57.5154
685,0.022639,0.035518,0.406859,-0.394096,0.260118,-0.048251,-17.0433,-44.2796,-16.7525,-22.2723,-16.1698,-24.2746,6.3611,47.1097,1.3849,19.8122,32.0568,22.0228
686,0.046242,0.037163,0.391450,-0.463583,0.546989,-0.118501,-22.7221,-53.2777,-20.6780,-17.0618,-19.2139,-31.6951,36.5604,51.3409,24.4868,9.1067,41.1907,25.3626
687,0.003505,-0.068017,0.383979,0.800635,0.037502,0.015569,-23.3080,-16.4575,-21.5608,-35.3670,-24.7476,-58.0384,42.4446,5.1631,54.9638,27.7164,31.5952,54.7290
688,-0.062387,-0.088535,0.403326,0.534527,-0.300420,-0.048833,-5.8007,0.2930,-9.3396,-27.1859,-20.6168,-26.8078,3.0229,0.7529,28.7854,17.1113,46.9673,21.1947
689,0.073389,-0.073392,0.378661,0.734318,0.590513,0.244273,-22.2524,-20.3770,-10.0384,-8.0911,-19.5765,-53.6096,45.1884,15.8585,9.9524,3.4503,42.4828,46.4531
690,-0.023246,0.023254,0.400211,-0.224521,-0.408322,0.023047,-19.5898,-34.4134,-21.4382,-47.4427,-21.8979,-23.4817,8.3953,31.0624,22.9412,44.9109,59.4380,16.3480
691,-0.038125,0.035663,0.386116,-0.472341,-0.533943,0.101965,-20.0720,-39.3195,-25.5547,-53.1352,-23.6606,-17.2473,10.0197,33.6077,59.5332,46.8150,59.4553,7.5510
692,-0.074382,0.032951,0.366898,-0.579220,-0.908385,0.279406,-16.5965,-29.9695,-24.0405,-62.0590,-21.4253,-8.9134,17.4462,24.4166,47.1097,59.5975,40.8365,0.6191
693,-0.093494,-0.028200,0.368967,0.477393,-0.973904,-0.269672,-13.3803,-6.9444,-19.3030,-60.0607,-22.7087,-23.0958,24.7840,0.8648,28.1166,57.3763,40.6210,17.3138
694,0.027553,0.034411,0.392741,-0.524890,0.340321,-0.098358,-23.0342,-55.7146,-23.1647,-26.6237,-21.6659,-29.5324,28.9802,54.4891,40.2015,18.6886,35.8168,22.6134
695,0.046893,0.040902,0.391327,-0.540614,0.567487,-0.146123,-19.0423,-50.7293,-16.6129,-11.5893,-14.1850,-25.8223,28.9225,52.2206,10.0507,7.9558,13.3857,23.1961
696,0.001837,0.048065,0.400712,-0.582944,0.004788,-0.005972,-17.6097,-46.4884,-18.7734,-31.1168,-16.8360,-16.1995,14.3721,47.9379,13.0213,29.0852,28.2587,11.3228
697,-0.003307,0.064983,0.389508,-0.765108,-0.088457,0.001028,-16.8772,-49.2967,-21.2452,-33.8317,-16.6965,-9.6796,4.5662,49.2358,36.9946,29.5014,33.8080,3.9573
698,-0.109248,-0.036145,0.404323,0.236610,-0.528673,-0.038557,-2.6899,-3.0695,-14.9373,-32.6835,-18.5994,-14.4543,8.8639,0.9168,46.2710,18.6220,42.6069,10.8939
699,-0.109516,0.022204,0.407376,-0.069726,-0.603183,0.067889,-0.1484,-5.8412,-15.5546,-31.7398,-9.6685,-3.1372,1.3743,2.7125,39.0748,23.8709,4.1331,6.8232
700,0.042248,-0.005658,0.390549,-0.131695,0.640641,-0.073601,-22.2755,-49.1412,-21.9711,-17.3465,-20.5681,-43.1485,30.1204,47.4483,55.0322,8.5967,3.9731,41.5214
701,0.064369,-0.077400,0.395658,0.540108,0.402398,0.110775,-22.5768,-18.2991,-10.3101,-12.5796,-20.2553,-44.7860,55.5631,10.6829,29.4292,6.2936,49.6963,32.0503
702,-0.022867,-0.016302,0.386605,0.506931,-0.310707,-0.091454,-26.9223,-26.1854,-26.8632,-53.4089,-26.4086,-51.6839,52.4037,13.9552,24.4049,49.7736,51.7038,47.4698
703,-0.034987,0.009914,0.408455,-0.093657,-0.307366,0.007067,-15.5005,-28.0787,-21.6507,-39.5650,-20.8415,-23.3563,3.7987,22.9884,53.4295,30.9281,52.9221,17.9328
704,0.080799,0.043454,0.401592,-0.359202,0.523573,-0.069241,-22.0595,-39.9485,-14.9337,-7.4552,-11.7806,-22.8389,48.8286,31.1515,27.2646,2.4572,43.6066,13.1241
705,0.051280,-0.047865,0.411463,0.348855,0.378433,0.077081,-17.6240,-19.1090,-12.3238,-10.3033,-16.8553,-36.3029,26.7168,11.7309,51.6017,1.3492,43.2913,28.0874
706,-0.019520,-0.008057,0.391781,0.474917,-0.223459,-0.061254,-23.2785,-25.6479,-23.9897,-48.0943,-21.9374,-49.9281,35.3920,17.9435,3.4514,48.6635,26.8166,51.9503
707,-0.006213,-0.006834,0.401510,0.237703,-0.044540,-0.009154,-24.9763,-33.4339,-24.4197,-41.6124,-25.3214,-45.7749,48.9244,25.1526,20.0689,35.2730,56.4086,39.9316
708,0.023311,0.014211,0.392205,0.166019,-0.008173,0.000072,-29.2035,-44.5164,-28.7583,-49.2227,-25.9328,-53.1162,6.4418,37.3279,26.6418,47.6340,59.1293,52.0890
709,0.049589,-0.080969,0.398969,0.697974,0.387164,0.156547,-15.0387,-10.1897,-10.0819,-8.3706,-15.8087,-44.4413,7.4082,4.8531,56.0513,1.5100,18.9513,41.6840
710,-0.019798,0.003389,0.400273,0.128524,-0.032845,-0.004325,-23.9402,-39.2499,-25.2865,-44.0434,-24.2695,-45.9090,48.9573,35.1912,5.5989,40.9590,23.3952,45.1088
711,-0.051648,0.024940,0.412545,-0.201472,-0.365629,0.027824,-10.1156,-22.7332,-17.6466,-34.2618,-15.1973,-12.7003,6.5618,19.8887,33.0157,28.2176,31.8883,10.0914
712,-0.038863,-0.026270,0.384957,0.605036,-0.413383,-0.171973,-23.2646,-16.7332,-21.8009,-51.0244,-24.3136,-46.2630,59.1930,6.4575,0.8114,49.3773,50.5261,41.3401
713,-0.041412,-0.018106,0.388391,-0.029505,-0.595803,0.030480,-26.2963,-34.6470,-25.8917,-60.5953,-25.9340,-33.1616,57.8882,25.8164,59.6259,59.7924,4.8186,23.8437
714,-0.002627,-0.031743,0.407649,0.420132,-0.036150,-0.007284,-16.4092,-18.7941,-15.8016,-31.3805,-17.2894,-40.6150,11.5664,16.1636,12.2038,31.2851,12.5098,42.4290
715,-0.046911,-0.020887,0.382212,0.485189,-0.640531,-0.180729,-23.2051,-18.2487,-23.3150,-58.8417,-24.4496,-39.8743,47.2967,7.6246,22.2068,58.4203,41.0980,34.0766
716,-0.022626,0.014682,0.387380,0.119374,-0.099734,-0.004110,-29.7717,-50.7674,-32.6615,-58.3307,-29.4891,-56.9484,44.5930,46.3766,5.3364,56.5134,28.0301,58.4611
717,-0.004766,-0.033960,0.389702,0.537158,-0.251998,-0.047886,-23.8620,-22.4582,-24.6381,-48.0119,-25.3602,-49.6427,13.1694,11.8138,53.7799,42.8797,55.3979,45.9880
718,0.005182,0.001883,0.416529,-0.042938,0.034478,-0.003903,-15.5008,-29.8087,-17.5997,-27.1454,-15.5730,-27.5813,1.9800,27.2855,44.1200,23.7511,10.0012,27.0263
719,0.032711,0.074076,0.400469,-0.594237,0.236190,-0.062074,-18.0266,-43.4850,-18.3370,-17.1188,-9.6893,-13.1843,37.7492,37.2097,31.6295,13.9224,11.8735,9.2413
720,-0.032883,-0.013562,0.405004,0.117341,-0.339121,-0.012812,-21.9531,-27.4982,-22.7907,-45.7206,-22.2726,-33.3693,56.1353,18.2525,45.8655,41.3797,17.5573,26.5062
721,-0.065626,-0.032901,0.399204,0.362942,-0.620271,-0.109580,-9.6080,-6.3779,-13.8496,-43.0134,-16.4915,-22.7485,5.3599,4.6404,16.0302,43.0623,13.8725,22.3697
722,0.052104,0.031822,0.401131,-0.359770,0.508930,-0.104675,-19.0472,-45.7019,-18.3039,-13.8244,-16.0963,-28.7052,8.6299,44.0580,33.6789,6.7008,39.3613,24.9587
723,-0.079912,-0.015463,0.382003,0.201548,-0.865601,-0.071663,-14.2696,-13.3837,-20.4927,-56.4228,-20.6173,-21.1858,21.9446,6.7477,40.7830,54.1150,25.8230,16.6590
724,0.044983,0.010983,0.392854,-0.026478,0.666238,0.010880,-20.4384,-45.3442,-19.2569,-14.8575,-19.8711,-44.2587,16.5766,46.1840,7.3526,7.5512,41.2471,43.9892
725,0.031829,0.040374,0.399699,-0.491896,0.375198,-0.092034,-17.9645,-50.1489,-17.7521,-20.4392,-17.2794,-25.8383,0.8734,54.2676,2.9850,16.7865,38.0656,23.4844
726,0.045238,0.045095,0.391044,-0.584418,0.423203,-0.160237,-22.2111,-56.2654,-23.4893,-21.9486,-20.8634,-27.8910,7.6373,53.9625,52.2755,11.3936,58.4658,20.7165
727,-0.013063,-0.015484,0.415456,0.127055,-0.074999,0.004667,-14.9203,-23.4609,-18.1477,-30.1338,-20.0777,-30.0537,2.6227,19.4716,43.9963,21.4296,52.5659,25.4961
728,0.021327,0.023418,0.385463,0.098358,0.556925,0.035937,-24.0744,-50.9761,-27.4539,-28.4625,-25.3377,-55.8267,22.4317,49.6095,3.5422,18.9067,56.2235,58.6060
729,-0.064866,-0.023253,0.379016,0.456797,-0.803702,-0.223541,-15.9486,-10.3580,-18.4417,-56.6733,-21.8883,-28.6006,16.9004,4.8158,13.8746,56.9340,46.4390,23.9146
730,0.054375,0.028610,0.382007,-0.524423,0.693733,-0.212125,-21.5797,-55.1318,-20.0576,-11.3713,-16.8154,-32.5400,33.9881,54.5596,38.4817,4.2177,8.4778,29.5799
731,0.038766,-0.020805,0.402431,0.164704,0.453115,0.023042,-20.5219,-37.1067,-20.1435,-20.6348,-19.5887,-45.0665,10.3981,33.9010,54.6734,13.8307,12.2687,44.8987
732,0.030429,-0.012914,0.404348,-0.010309,0.318181,-0.011579,-20.9025,-41.7801,-21.0142,-27.2373,-20.9111,-41.2578,1.1423,40.8739,53.5803,22.0756,12.5697,40.3325
733,0.015958,-0.000140,0.400521,0.004558,0.155785,0.000375,-24.1388,-46.0538,-24.1386,-39.1610,-24.1135,-46.2888,6.9908,45.7372,25.4152,36.8642,25.4005,46.0733
734,0.009539,0.038596,0.427987,-0.190368,0.074103,-0.011933,-10.4059,-20.4427,-12.6566,-12.1386,-7.4954,-10.5735,21.7737,13.4907,32.8251,6.5220,23.6693,7.4078
735,0.020675,-0.006343,0.403019,0.284306,0.136862,0.031392,-21.0368,-31.7326,-21.1374,-32.8868,-21.2944,-46.3877,0.5868,27.8643,18.7515,29.0224,50.9863,46.5939
736,0.025246,0.070048,0.389308,-0.803868,0.272588,-0.098944,-16.0686,-51.0856,-16.1746,-17.1473,-10.6037,-10.4352,20.9745,53.3415,8.3779,16.5812,3.5269,8.0524
737,-0.022574,0.043526,0.380858,-0.744127,-0.244318,0.114353,-24.1849,-54.1171,-25.5209,-47.1815,-23.0291,-16.2810,51.4557,50.2363,49.5736,42.7743,23.1240,4.6068
738,-0.018159,0.002478,0.401238,-0.061481,-0.367058,0.011464,-20.8592,-34.7513,-19.6453,-49.7528,-19.8753,-31.6995,13.5517,35.0353,2.7618,55.6843,3.8147,30.7961
739,-0.014647,-0.017315,0.391551,-0.025774,0.085644,-0.000683,-26.6887,-53.5475,-27.8289,-49.0258,-30.0470,-52.2048,34.6174,55.8733,27.5414,45.6922,0.8422,51.2727
740,-0.059384,0.012202,0.388933,-0.210918,-0.717613,0.085442,-20.7110,-29.4851,-22.4172,-57.4764,-21.7765,-20.4801,52.4918,22.8765,23.0411,57.6394,22.5985,12.0778
741,0.020270,-0.046849,0.393055,0.620002,0.310672,0.084573,-20.3706,-22.9446,-18.1911,-23.5914,-19.7417,-54.0373,33.0235,17.4064,26.6742,19.0536,11.4260,55.5525
742,0.022465,0.001701,0.386810,0.027284,-0.092939,-0.001302,-35.0995,-53.9305,-32.4456,-58.8186,-31.9781,-55.3400,22.0056,45.4929,54.8989,55.8413,58.5347,47.9180
743,-0.010020,0.050641,0.373710,-0.864938,-0.325716,0.132419,-23.6676,-56.2977,-23.1947,-51.5312,-23.8756,-13.2742,18.7517,57.4828,21.3231,51.0639,50.7957,1.0879
744,-0.006806,0.060890,0.405182,-0.600924,-0.058269,0.027622,-14.1953,-39.7527,-16.0360,-26.9751,-11.8751,-8.5699,20.2764,40.2185,2.9243,26.7125,16.2510,5.3192
745,-0.005259,-0.020597,0.402973,0.434843,-0.069588,-0.017866,-18.1621,-20.8487,-17.7162,-35.3474,-18.7035,-43.4076,15.5624,17.3699,0.0349,35.3987,27.3060,45.2341
746,0.001247,-0.036710,0.401975,0.522770,-0.033484,-0.002290,-17.5073,-18.2470,-17.3134,-33.4146,-18.2561,-45.3925,5.8319,14.4212,20.8330,33.0440,13.6863,48.2636
747,-0.093359,0.040365,0.405289,-0.208916,-0.633649,0.130941,-7.2469,-11.9424,-18.3114,-36.4579,-10.2291,-3.1447,44.5148,2.4709,39.5654,30.2833,3.6648,1.5468
748,-0.026483,-0.061734,0.402177,0.547789,-0.224271,-0.079035,-15.0830,-8.9281,-12.9070,-33.5581,-20.4814,-36.8651,29.3722,5.3586,9.8970,30.1996,38.7657,31.6605
749,0.017567,0.014001,0.409781,-0.170588,0.167523,-0.025937,-20.3897,-39.5446,-21.8049,-27.5896,-19.0182,-30.7766,23.0071,33.7615,58.2452,20.0878,25.9328,26.0337
750,-0.037001,-0.050427,0.381719,0.731586,-0.521279,-0.192029,-20.3961,-10.4826,-20.7575,-53.1136,-21.1544,-44.7092,32.2703,0.8082,39.5032,54.8494,0.3416,44.4691
751,0.005763,0.005989,0.396916,-0.261816,0.143778,-0.020014,-26.8461,-52.6885,-26.8350,-39.3950,-27.0487,-39.1749,48.1784,48.3862,54.7577,30.9509,29.3620,30.6522
752,-0.024944,0.056449,0.390939,-0.692823,-0.301012,0.095497,-16.7952,-43.6913,-20.9001,-40.9180,-17.1836,-8.8552,14.7265,42.7523,29.4845,38.6699,28.5831,2.5708
753,-0.007638,0.002736,0.403294,-0.101518,0.062932,-0.002830,-20.5344,-44.5148,-21.2174,-39.0434,-21.8408,-39.2516,16.0051,48.4216,1.5247,39.6645,1.6904,40.8160
754,-0.072498,0.008243,0.406472,-0.082815,-0.623089,0.025708,-12.3496,-15.4888,-15.8862,-41.6868,-15.5187,-11.7511,52.6430,9.8022,11.2569,39.5429,17.1750,5.4496
755,-0.057321,0.033740,0.425247,-0.117785,-0.293175,0.034189,-3.4496,-10.7196,-13.1159,-21.0568,-6.6735,-4.8623,7.5857,6.4072,32.3195,15.5978,3.2287,7.1632
756,0.041944,0.011186,0.399187,-0.259412,0.446838,-0.076204,-21.3592,-49.1410,-21.6520,-22.5825,-20.8184,-36.5807,2.3574,48.5202,50.3700,14.9168,32.0287,33.3744
757,0.036040,-0.014047,0.393870,0.330332,0.587062,0.106501,-18.5112,-34.5707,-17.5454,-15.3122,-18.1326,-49.7259,14.7555,34.8120,5.9289,10.4337,19.1697,53.6229
758,-0.006411,-0.009753,0.386353,-0.225631,0.173013,-0.019431,-30.6550,-61.5939,-31.0747,-47.9408,-33.9687,-49.9855,58.4587,59.8594,55.2888,37.9413,26.2315,41.1249
759,-0.007458,0.020338,0.398279,-0.384898,-0.088057,0.018352,-23.4006,-49.5558,-22.9433,-43.6326,-23.7149,-29.6071,29.9205,49.8727,19.3679,41.8156,26.5086,23.1077
760,0.008306,0.016364,0.399649,-0.030869,-0.117516,0.000651,-25.3616,-42.8025,-24.5578,-47.2944,-23.6268,-41.2241,9.1122,39.5179,14.7834,47.5629,45.2402,38.6815
761,-0.029874,-0.060744,0.383962,0.740678,-0.263373,-0.156824,-21.5633,-10.7569,-17.4707,-42.5405,-25.0524,-48.1833,59.8614,2.1097,3.6332,38.6437,56.1330,40.6457
762,0.032511,-0.016868,0.405113,0.055421,0.365207,-0.004199,-20.0417,-38.8834,-20.2283,-23.8556,-19.5908,-41.6289,4.1814,37.1140,56.2268,18.2836,6.8016,41.4841
763,-0.018886,0.040785,0.382775,-0.676941,-0.302081,0.104550,-25.6028,-54.1088,-25.7833,-51.7637,-25.6235,-20.0837,42.1560,51.1071,34.8297,48.0527,46.5784,7.3867
764,0.013454,-0.005197,0.414427,0.049185,0.114597,-0.001247,-20.7365,-29.7873,-17.1031,-25.9019,-17.2207,-32.3320,59.3607,23.0298,20.9580,22.5524,16.4374,26.1657
765,-0.074850,-0.044043,0.400952,0.390444,-0.537564,-0.078419,-9.1215,-5.6849,-15.8062,-39.5774,-18.9851,-24.1378,13.3457,1.5719,41.0738,32.6081,27.0171,21.3001
766,-0.006540,0.005254,0.400967,0.049871,0.005936,-0.000182,-25.4473,-42.5371,-26.0067,-43.5638,-25.4948,-45.1275,42.0559,37.6269,19.7716,38.8919,37.0321,41.6351
767,-0.007903,0.000079,0.390508,-0.331957,0.065622,-0.009459,-27.9403,-57.9221,-27.6053,-46.2744,-30.0812,-40.7141,50.5111,57.4287,43.8283,39.6169,21.4719,32.0017
768,0.060825,0.015687,0.392858,-0.203224,0.642030,-0.074118,-24.1126,-48.2338,-21.3416,-14.6413,-19.8034,-39.1892,37.0954,42.5434,46.7265,4.7274,41.1086,32.8497
769,0.047782,-0.058860,0.391526,0.566131,0.412492,0.135618,-24.5438,-25.9091,-18.6532,-20.1220,-24.5106,-53.5180,45.4891,16.2174,52.5501,8.7866,59.2279,44.3083
770,-0.009558,-0.022018,0.410906,0.257675,-0.043067,-0.021332,-19.4697,-23.7211,-16.9589,-32.3565,-18.6268,-37.0728,53.6224,18.5280,7.2257,30.7733,13.5541,33.6227
771,-0.045666,0.028715,0.422403,-0.162711,-0.218897,0.012799,-8.5461,-18.3675,-16.1105,-24.0795,-12.6519,-10.0277,21.3485,12.4149,39.2743,14.4901,35.9882,6.1084
772,-0.049271,0.078832,0.411830,-0.399365,-0.245223,0.052872,-9.5051,-24.2398,-20.7907,-25.4319,-9.7152,-3.9285,31.8163,13.4147,53.5128,14.6835,30.2094,1.4823
773,0.020336,0.008755,0.404940,-0.175689,0.114422,-0.015042,-22.0037,-44.5386,-21.9150,-34.8388,-22.0167,-35.4629,1.6797,43.6200,37.6716,31.0713,35.0305,31.7630
774,-0.036437,-0.009835,0.426716,0.067731,-0.268131,-0.010489,-7.4494,-9.3102,-9.2025,-23.1013,-10.1381,-12.7405,21.2102,7.4676,8.4545,21.8116,7.0678,10.6908
775,0.023031,0.032390,0.416382,-0.252653,0.215381,-0.037162,-16.7564,-34.1219,-18.1096,-17.8521,-15.6727,-21.2193,22.7730,27.4844,43.7436,7.8657,54.9292,13.9638
776,0.029162,-0.042119,0.406696,0.405378,0.274377,0.086697,-17.9781,-23.4842,-17.8323,-20.9519,-20.7906,-43.9320,2.2123,17.8212,58.3939,10.9176,47.8176,40.4114
777,-0.068133,-0.023424,0.413960,0.118957,-0.437016,-0.044230,-9.2950,-10.5185,-13.5839,-33.0967,-17.8849,-16.1907,31.0360,7.2025,22.0960,25.2738,41.8626,8.9740
778,-0.040805,0.035681,0.420268,-0.233547,-0.262395,0.031887,-8.2619,-20.1278,-14.6375,-26.1185,-10.2568,-8.2772,13.1092,17.0000,23.2893,22.1625,15.2529,7.3492
779,0.047409,-0.106381,0.362740,1.070575,0.384559,0.192820,-21.1234,-8.0274,-9.1156,-13.6893,-20.7928,-60.5742,46.9443,2.5212,11.7934,10.2551,31.6632,55.2690
780,-0.026786,-0.092903,0.387879,0.760891,-0.193694,-0.066570,-14.7440,-4.0098,-12.3907,-33.0551,-24.1852,-43.0348,22.8948,0.7205,20.4816,26.0388,57.4074,35.8882
781,-0.130201,0.023443,0.394819,-0.144877,-0.758946,0.079891,-1.3148,-6.7346,-17.1801,-38.1619,-13.0914,-0.9941,19.8884,2.6298,34.8870,28.0115,21.3743,0.4962
782,0.023680,0.039199,0.402723,-0.395071,0.234324,-0.041454,-23.2768,-48.0079,-22.6863,-27.1246,-21.1084,-27.8573,43.0943,42.1170,34.5731,17.9425,58.2007,18.1264
783,0.036240,-0.033899,0.402940,0.400760,0.352820,0.087767,-19.2386,-27.0313,-17.7308,-20.6818,-19.8811,-46.9388,6.8651,22.7935,39.7319,13.7629,36.7237,45.7285
784,-0.012007,0.027819,0.398055,-0.362104,-0.203016,0.034494,-24.3196,-47.0789,-24.1521,-47.1498,-24.2819,-28.5352,34.5026,44.2806,20.3532,44.4208,44.3849,20.1597
785,0.070099,0.070257,0.369282,-0.873833,0.692888,-0.265576,-21.1335,-56.6411,-14.8399,-3.3260,-9.2857,-19.1095,51.0454,56.1365,1.8286,2.6152,1.8974,14.8629
786,-0.042548,0.029456,0.398929,-0.385475,-0.522630,0.099264,-15.8070,-31.4787,-17.9118,-46.4715,-16.9561,-13.3396,20.3788,30.9075,5.0169,48.7846,19.2030,8.7178
787,-0.039547,-0.052353,0.385025,0.697894,-0.435723,-0.168635,-18.9684,-9.5060,-19.0427,-47.5958,-23.2274,-43.2891,33.3522,1.1119,25.8538,44.7895,39.1553,39.3253
788,0.040179,-0.048091,0.385293,0.602533,0.493961,0.131760,-25.0681,-29.4778,-20.3971,-20.2850,-22.7774,-58.0854,56.7388,20.4203,40.8221,11.5086,29.1769,54.2842
789,0.036377,-0.108144,0.408457,0.550216,0.196945,0.071642,-11.2724,-2.2949,-0.2839,-6.9102,-15.3472,-30.4453,20.1161,3.3806,6.7396,4.0788,35.4542,20.2879
790,-0.011778,-0.031644,0.400561,0.388641,-0.048176,-0.020952,-24.2694,-27.9069,-23.4517,-40.1982,-24.0773,-48.0619,59.9476,18.4089,38.5920,34.5347,21.2235,43.6366
791,0.027500,-0.009687,0.394367,0.269513,0.106910,0.020450,-28.5931,-41.2857,-28.3864,-43.4262,-27.3883,-55.1972,11.6492,32.4391,55.5561,36.7609,58.8989,51.7006
792,-0.031631,0.021426,0.393749,-0.253830,-0.555237,0.063833,-21.2763,-34.9890,-20.8926,-54.3650,-21.0115,-23.2664,24.9801,32.5163,4.6034,57.8789,31.0737,17.2252
793,0.014986,0.098614,0.402584,-0.688458,0.121798,-0.075144,-10.1976,-37.5244,-16.2389,-13.5758,-4.6005,-1.9793,1.9454,34.1875,25.9194,10.4847,12.4219,3.3094
794,-0.049894,-0.034529,0.400003,0.365359,-0.472957,-0.094846,-19.3319,-15.7833,-20.0946,-46.2795,-22.0961,-33.2891,59.2179,5.9332,37.7694,41.7489,23.8630,25.9570
795,-0.024111,0.009399,0.389698,-0.075458,-0.026588,0.000217,-27.7471,-55.8125,-30.1253,-55.0510,-29.8947,-51.8975,38.4137,57.2545,2.2427,53.4957,15.1998,52.4939
796,-0.003738,0.021280,0.405153,-0.159398,-0.018187,0.001725,-21.8434,-42.9185,-21.9877,-39.5999,-21.8143,-34.6370,24.5865,42.2837,1.6794,38.0336,35.3058,31.8080
797,0.008082,0.002615,0.408039,-0.050388,0.092516,-0.003205,-22.7469,-39.3638,-22.7421,-33.8939,-22.3520,-36.7530,34.9279,33.7399,42.0895,27.1828,34.7883,30.8708
798,0.119537,-0.023484,0.402075,0.161891,0.567798,0.020628,-21.5386,-20.3815,-4.0563,1.3321,-6.1674,-28.1631,59.0512,11.4998,8.8081,3.3058,4.5489,18.8260
799,0.027701,0.015455,0.390629,-0.442726,0.408258,-0.104538,-23.5329,-56.8313,-23.7138,-27.0892,-23.4136,-35.1016,26.8174,57.0670,49.6026,18.8127,22.3129,29.3932
800,0.044021,0.062167,0.390879,-0.704080,0.404279,-0.171176,-19.2290,-54.5282,-20.1648,-17.5743,-17.0571,-20.1499,4.4004,54.4018,27.6476,9.4987,58.3857,14.0320
801,0.055016,0.056179,0.415243,-0.363396,0.262298,-0.021185,-17.0734,-30.8433,-12.2147,-9.6137,-6.5127,-12.2670,45.7155,22.4179,16.2011,8.6345,20.7839,5.7853
802,-0.028606,0.037558,0.396830,-0.450825,-0.354991,0.071096,-20.3863,-40.8077,-23.4060,-46.1064,-21.6064,-18.4026,29.1234,36.0793,36.9347,41.3471,45.9034,9.4663
803,-0.068851,-0.020994,0.409134,0.208456,-0.550035,-0.039950,-8.5837,-7.6862,-13.8788,-37.4830,-14.2220,-17.5049,19.6181,4.3770,24.3706,35.5809,3.1058,16.6159
804,0.007587,-0.005699,0.403122,0.258631,0.058172,0.008942,-20.7179,-33.0332,-21.2603,-37.1132,-20.0416,-46.4567,4.3762,31.2516,9.9212,37.3962,18.4514,50.1678
805,0.021369,0.004134,0.394021,-0.073309,0.351822,-0.013045,-28.5051,-53.3810,-28.8177,-35.7097,-28.9028,-49.7296,43.8015,47.5516,50.7479,24.2102,52.1622,42.7248
806,0.003133,-0.014706,0.385397,0.455767,-0.112014,-0.023854,-31.2830,-36.8245,-31.5104,-53.8673,-29.3737,-60.3837,39.6474,23.5220,51.3337,47.9993,54.8837,56.7092
807,-0.026203,-0.007034,0.392530,-0.063729,-0.499200,0.026856,-25.3408,-35.8197,-25.3340,-56.7043,-25.2059,-32.7071,35.0606,28.0439,56.6905,55.1918,25.0473,24.1893
808,-0.010887,-0.016418,0.396427,0.004217,-0.386979,0.005290,-24.2532,-35.6340,-22.5344,-53.0659,-23.2767,-35.7444,16.9542,31.8036,44.5152,55.5821,7.8516,30.9874
809,-0.010980,0.035051,0.408138,-0.338782,-0.166683,0.014930,-17.6877,-37.9433,-18.6233,-36.8544,-18.7417,-20.5181,13.7803,37.6915,1.8508,34.9234,48.9708,15.0288
810,-0.038188,-0.005019,0.389762,0.237808,-0.119759,-0.012403,-26.4505,-43.0685,-29.9117,-54.5823,-27.8547,-55.3370,55.5336,39.3768,7.9159,52.4375,4.3892,57.8840
811,-0.003513,-0.008373,0.392302,-0.306619,-0.152488,0.023996,-26.2049,-51.6694,-23.5959,-50.6961,-26.9564,-35.8483,22.2160,53.5941,37.3407,51.3661,8.2189,28.8167
812,0.000779,-0.006678,0.389287,0.553072,-0.114593,-0.031575,-22.2752,-24.8308,-23.2477,-44.5838,-19.7357,-53.4308,6.7458,18.3678,4.5125,47.1531,24.0769,59.8329
813,0.027706,0.061091,0.403930,-0.559047,0.232646,-0.050151,-17.2273,-43.2076,-16.5150,-17.9785,-11.5177,-14.6762,30.9077,40.7408,13.7108,15.5294,20.1115,10.3444
814,0.034921,0.000875,0.376637,0.256544,0.732244,0.112212,-26.2565,-49.5329,-27.0978,-21.8765,-26.9471,-60.5618,45.6086,44.8778,25.0676,8.2870,56.7420,59.3094
815,-0.002034,0.082579,0.400510,-0.584895,-0.021639,0.016415,-16.7846,-40.2265,-22.2745,-26.1229,-10.5258,-9.8412,38.2422,30.7078,54.8210,20.5737,8.8091,6.6330
816,-0.043090,-0.004786,0.414988,0.041665,-0.246498,-0.000703,-13.7767,-21.0452,-19.8496,-33.2075,-19.9872,-23.1819,23.9225,13.8601,55.1900,21.5498,51.0739,16.4428
817,-0.012995,0.007876,0.385558,-0.449800,-0.216541,0.050495,-29.1654,-57.4908,-26.9029,-55.9955,-29.9766,-34.4699,42.9780,57.1485,35.1576,54.1698,27.9600,23.4487
818,0.062682,-0.124031,0.346451,1.233587,0.441451,0.329922,-20.2198,-4.8233,-5.6444,-8.5341,-21.8592,-63.6032,35.7384,2.0152,6.2225,4.6882,44.0311,56.9406
819,-0.009062,0.020377,0.420599,-0.205966,-0.043938,-0.002360,-14.3591,-27.6566,-15.5705,-24.2864,-16.2537,-16.9562,27.9738,23.6522,20.1822,16.8503,54.0426,8.9450
820,0.052892,-0.105222,0.374554,0.962556,0.392267,0.171045,-20.2680,-8.5826,-9.5428,-11.9693,-19.1906,-55.8422,39.6945,1.7721,35.7125,7.5343,20.7127,50.3221
821,0.009861,-0.012509,0.404521,0.019559,-0.080575,0.001149,-22.6665,-37.4972,-22.2176,-41.6179,-22.4209,-38.4986,2.9612,34.2791,51.3708,39.9206,20.2617,35.3104
822,0.047873,-0.098570,0.384872,0.774631,0.317345,0.105894,-22.1988,-12.4363,-10.7123,-16.3056,-21.7382,-51.3232,55.3745,4.5846,32.0067,10.1761,41.7911,40.5643
823,-0.055905,-0.021627,0.397440,0.334453,-0.588435,-0.128041,-17.0379,-14.1015,-17.1515,-48.6458,-19.4569,-29.3469,46.2585,8.5000,2.3125,49.9833,18.3197,25.2095
824,0.045938,-0.038509,0.381206,0.577587,0.592385,0.174956,-24.9688,-32.4049,-19.9142,-17.5071,-22.9136,-58.6759,56.0619,25.1095,24.6784,8.5292,39.9475,55.1555
825,-0.004405,0.031442,0.399799,-0.485212,-0.136671,0.019648,-18.1748,-43.3891,-21.1387,-37.3044,-18.3140,-18.3666,3.0807,42.3003,51.5687,34.2610,17.9557,13.6280
826,0.005070,0.015448,0.390875,-0.578201,0.017752,-0.010415,-21.3133,-53.2534,-21.0448,-37.4531,-21.6933,-23.2175,14.6801,56.3604,45.5220,35.4656,4.1756,16.7357
827,-0.045612,-0.035558,0.386959,0.590728,-0.583155,-0.190235,-17.1559,-9.5471,-17.8135,-50.6983,-19.9921,-36.5403,22.6691,3.1819,13.7944,52.6445,22.7456,35.2161
828,-0.016027,-0.008723,0.385334,0.470293,-0.235829,-0.059890,-29.0766,-32.4539,-29.7576,-55.3730,-27.2569,-56.4550,49.9505,20.1653,28.3048,52.1132,44.5408,54.3900
829,0.078396,-0.101126,0.377121,0.919586,0.534525,0.192898,-20.4529,-9.3351,-8.2337,-4.1631,-15.2111,-52.5798,37.4224,0.4597,53.1313,0.5497,5.2478,47.2730
830,-0.024493,-0.010923,0.402862,0.291400,-0.364548,-0.061194,-17.8462,-20.5358,-17.8246,-44.3774,-18.2229,-35.0191,15.6135,17.2381,0.1260,47.5466,19.3498,35.4310
831,0.033252,-0.020716,0.398545,0.198138,0.429498,0.024793,-25.1185,-39.0863,-23.2612,-24.4805,-22.8308,-48.7252,51.2998,30.7767,57.3580,14.8656,23.3430,43.7832
832,0.023251,-0.006542,0.390844,0.122637,0.459148,0.028327,-25.9837,-49.9298,-27.4582,-32.1752,-27.1317,-55.8432,25.5289,47.0819,40.5692,22.6682,35.3837,55.1412
833,0.028523,0.029674,0.377197,-0.306279,0.726997,-0.090077,-25.3148,-60.0853,-25.7142,-20.6697,-26.2231,-47.4947,52.2443,59.9902,8.1081,7.9398,56.8135,43.0810
834,-0.065036,0.035637,0.406837,-0.302001,-0.525957,0.095447,-12.6118,-22.0774,-17.9566,-39.0546,-14.4194,-7.9527,48.6846,15.5119,20.1121,35.1044,22.4569,1.8374
835,-0.013632,0.025495,0.395453,-0.058895,-0.207369,0.005076,-27.0997,-45.6074,-27.3735,-53.4286,-25.6902,-42.6139,35.9046,41.2030,1.2295,53.1287,44.4865,39.5103
836,0.016142,-0.059413,0.403547,0.519685,0.144400,0.062306,-17.8678,-17.2658,-15.0245,-23.7744,-21.4514,-44.0443,20.2245,12.2832,34.1386,16.0614,49.3446,38.5715
837,0.075986,-0.040786,0.404888,0.352861,0.472385,0.044275,-21.6384,-21.3414,-12.1511,-8.4094,-13.9065,-38.5630,50.7475,10.5398,48.3860,3.8227,19.4530,30.5180
838,-0.009001,0.043443,0.423866,-0.289490,-0.132890,0.037353,-12.1634,-22.0647,-12.5292,-20.7220,-8.4594,-7.1286,42.7266,15.8259,10.4701,18.8766,18.2462,1.7875
839,0.055500,0.032025,0.388563,-0.400794,0.618544,-0.119264,-24.9346,-53.7873,-22.1240,-16.2569,-20.4753,-35.7177,45.6571,49.0404,36.6901,6.3370,46.6947,27.8367
840,-0.056571,-0.010284,0.396465,0.119356,-0.579733,-0.035667,-18.2173,-21.7600,-22.4035,-50.6493,-23.3986,-27.2507,32.0381,13.7181,44.8348,44.3392,48.0441,19.5245
841,0.010525,0.001875,0.389639,-0.163227,-0.371613,0.028638,-27.5740,-43.1941,-24.4844,-55.9867,-25.4183,-35.1623,0.0389,38.6858,50.2080,57.9939,41.8291,27.1055
842,0.096542,0.040165,0.399739,-0.344930,0.568434,-0.050787,-22.7478,-38.2231,-12.3307,-4.1436,-10.4721,-21.8322,54.4367,29.1763,18.4764,1.0123,45.1708,10.4048
843,0.015822,0.082994,0.371041,-0.987305,0.213790,-0.060877,-21.9769,-60.9039,-21.6584,-24.5363,-14.9281,-10.4797,56.4830,58.5164,24.9738,20.6768,14.7637,2.1245
844,-0.027869,0.029043,0.395439,-0.454984,-0.384926,0.092723,-18.9638,-39.2914,-22.2926,-45.9752,-19.5666,-16.8552,17.4925,35.8335,49.0790,43.6875,20.5361,10.3775
845,0.054533,0.016904,0.383093,-0.332365,0.780202,-0.140705,-21.4325,-53.3495,-19.9754,-10.9164,-19.1253,-39.7639,23.6715,54.3061,27.9614,2.5106,24.5978,37.8667
846,0.016265,0.028965,0.405567,-0.401193,0.171168,-0.042554,-18.1934,-44.6134,-18.9368,-26.3943,-16.9893,-23.9770,11.9670,45.0248,29.1169,23.0457,17.3304,20.8835
847,-0.031817,-0.004735,0.393652,0.080562,-0.465020,-0.019574,-26.6538,-33.6976,-27.3589,-56.5855,-27.5310,-37.5797,51.3948,22.5347,50.6163,50.9648,52.0554,27.3266
848,0.057096,-0.035508,0.391051,0.426330,0.592304,0.126743,-22.5323,-29.9757,-14.9862,-12.3181,-18.6816,-49.4318,50.6043,24.9358,13.1988,7.1056,28.8199,45.2898
849,-0.097194,0.060225,0.414692,-0.203314,-0.444193,0.086434,0.0026,-7.6753,-16.5531,-23.2437,-5.4775,1.8182,13.2985,0.1060,46.4001,13.1399,5.7613,2.1501
850,0.056119,-0.051813,0.402299,0.480584,0.471010,0.126393,-17.6091,-20.6468,-12.5803,-10.1367,-16.6809,-43.6492,12.7589,15.9872,42.4819,3.6126,29.2628,40.3977
851,0.028050,0.067749,0.393151,-0.659691,0.252597,-0.068001,-21.2263,-50.6960,-20.9170,-21.7820,-14.4136,-17.1619,48.3167,45.1554,33.4796,16.6125,22.2421,10.2465
852,0.031487,-0.001113,0.389749,-0.178153,0.281644,-0.025783,-29.9708,-59.8713,-28.8798,-42.6545,-30.5946,-50.8401,11.7901,58.6899,54.2162,35.6430,45.3564,44.8079
853,-0.024813,-0.009849,0.398050,0.188086,-0.438401,-0.041893,-20.9146,-25.4417,-22.1056,-49.8485,-22.8266,-34.5791,15.0062,18.6330,34.7245,47.6893,46.8577,29.5043
854,0.007093,-0.007722,0.394378,0.395062,0.180548,0.039006,-24.3492,-33.3485,-24.3258,-35.1920,-24.4181,-53.6593,42.0186,26.1619,8.7943,28.4541,55.6711,52.2781
855,0.062844,-0.034703,0.392278,0.472002,0.652695,0.186121,-17.6337,-26.6037,-11.6590,-6.6210,-15.8658,-47.3830,12.1324,26.4285,4.6645,2.9102,27.4313,47.8267
856,0.006119,0.001925,0.422192,0.102932,-0.014039,-0.004343,-17.1169,-19.4984,-17.0695,-22.8063,-12.3567,-24.8480,52.3665,7.1460,57.1740,17.5699,3.5657,20.1465
857,-0.014187,-0.000481,0.388421,0.050857,0.398607,0.010249,-21.5963,-51.3447,-26.5402,-34.6402,-26.0923,-53.8284,32.3422,55.4525,3.3068,28.0712,3.7279,59.2388
858,0.010319,-0.002603,0.379899,0.573038,-0.203322,-0.056157,-27.5019,-28.1054,-27.6229,-52.5410,-23.5071,-57.3621,9.1647,16.4856,24.1868,53.1917,53.6532,59.5724
859,-0.045420,0.011949,0.401576,-0.198523,-0.559788,0.062662,-15.6573,-26.4963,-17.0482,-47.2249,-16.4005,-17.2792,23.4795,25.4839,5.6539,51.2937,2.8540,14.4172
860,-0.045933,-0.018610,0.391048,0.421496,-0.576471,-0.140625,-20.2417,-17.3638,-20.1400,-53.6588,-20.4679,-36.7811,42.2676,10.3312,5.9578,56.8999,13.1740,34.9777
861,-0.000745,-0.003619,0.412984,0.019471,0.011632,-0.000222,-18.7490,-31.8042,-18.5951,-31.7867,-18.3233,-32.8157,27.1555,28.8315,24.7179,29.3587,13.1500,30.4896
862,0.026114,0.023010,0.386655,-0.496312,-0.052825,0.006258,-28.6039,-58.9741,-25.6062,-48.8378,-27.7701,-33.3737,1.6139,58.9158,41.5244,46.9020,57.3966,23.0590
863,0.023521,-0.004639,0.394625,-0.071514,0.439279,-0.023592,-25.5803,-50.3773,-25.6529,-28.8553,-25.5605,-46.8525,43.5408,46.5011,51.6803,18.7275,25.5160,42.0675
864,0.081422,0.007993,0.394739,-0.086600,0.719113,-0.026123,-20.7988,-38.1332,-12.6988,-3.8754,-12.1785,-34.4000,40.5158,34.7193,12.2502,1.6089,14.4657,30.5698
865,0.036387,-0.036816,0.383067,0.690332,0.402981,0.179780,-22.0379,-25.9797,-20.2815,-23.4071,-23.2744,-59.7631,18.0673,19.9930,21.4415,15.0754,59.2827,59.7441
866,0.094138,-0.118244,0.371532,0.892256,0.532326,0.171103,-20.9209,-6.1140,-0.7118,-1.0131,-14.0071,-48.4151,51.9444,1.1761,8.3359,3.5165,10.8933,38.6310
867,0.043875,0.046516,0.421458,-0.248510,0.158766,-0.005207,-17.8411,-25.7380,-14.1141,-12.1444,-8.7555,-12.8760,58.9958,12.4637,37.5681,6.6391,37.0903,2.7690
868,-0.030143,0.045457,0.389065,-0.674871,-0.322461,0.135249,-19.3999,-45.1983,-21.7340,-43.9235,-18.2474,-11.4395,37.3787,42.9615,33.3238,42.8035,10.6531,3.8751
869,-0.014664,0.044980,0.391346,-0.663991,-0.220784,0.070750,-18.7922,-46.9891,-21.0578,-40.7410,-18.5514,-13.0897,16.8055,46.8761,33.6153,39.1192,21.1581,6.3403
870,-0.021234,-0.017490,0.406671,0.187829,-0.282572,-0.021053,-19.3530,-24.9199,-20.2586,-42.4530,-20.4452,-34.4123,24.4630,19.1907,36.2490,40.4300,19.3844,31.2123
871,-0.012595,0.022176,0.400644,-0.413750,-0.233105,0.047713,-17.9996,-39.9168,-20.7835,-40.1612,-18.1029,-18.8194,5.4396,38.3521,53.4715,38.5344,8.1258,14.5629
872,0.030285,-0.011435,0.391065,0.365486,0.500152,0.110914,-22.4528,-35.4617,-20.3129,-21.2616,-22.1786,-52.8819,41.7190,31.7043,0.6028,13.7203,48.8241,51.7921
873,0.024016,-0.000572,0.415732,0.027262,0.160708,-0.005430,-20.5661,-29.1353,-17.1840,-22.6116,-15.5345,-30.5505,56.5964,20.3741,36.3378,18.4462,13.2150,24.3337
874,0.065158,0.123738,0.352618,-1.150648,0.448482,-0.295234,-21.8275,-62.2090,-22.6068,-9.6921,-7.1189,-7.3097,43.4690,53.2887,45.6154,4.4929,19.2770,2.4240
875,0.003713,0.026396,0.402993,-0.270822,-0.126228,0.008902,-22.0805,-43.4156,-21.8798,-42.1942,-21.9699,-29.4648,7.1994,42.1835,16.4699,40.7484,49.8226,24.0441
876,0.023494,0.004737,0.385283,-0.319800,0.569460,-0.102804,-23.9997,-56.5489,-24.1498,-23.1518,-23.9597,-41.6992,50.0828,56.4321,43.6962,13.3600,8.5965,37.5027
877,0.003988,-0.038661,0.416006,0.364201,0.036869,0.004305,-12.7215,-14.1826,-10.2831,-21.9483,-13.9760,-33.0986,10.1139,14.0399,1.4528,22.4518,9.4956,33.7066
878,-0.014414,-0.001644,0.397625,0.080463,-0.006814,-0.000324,-24.7202,-44.6809,-26.1816,-47.0734,-25.5540,-48.8579,31.5274,43.8106,11.1739,45.8245,10.9867,50.0184
879,-0.003389,0.007653,0.416395,-0.017057,-0.042036,0.003484,-19.3097,-28.2101,-20.5515,-29.6602,-16.8981,-27.3254,48.8900,17.7776,57.2940,22.7671,17.3504,21.3550
880,0.035727,-0.001299,0.388189,-0.159507,0.325251,-0.026215,-30.5864,-61.0222,-29.5327,-42.3501,-31.1402,-53.0019,9.3624,59.6710,56.1272,34.8353,48.5221,47.2339
881,-0.019294,-0.021417,0.391099,0.480901,-0.065103,-0.024728,-26.0132,-30.8709,-27.0425,-46.2636,-25.7454,-55.7822,58.5648,21.2407,25.6677,41.4668,24.2000,55.0901
882,-0.016379,-0.008132,0.412275,0.136406,-0.190582,-0.021284,-16.3327,-23.3546,-16.3273,-35.4496,-19.0938,-30.3568,14.9208,21.2983,2.8304,33.3577,45.4762,26.7708
883,-0.006667,-0.017579,0.421073,0.133835,-0.105778,-0.017118,-15.5728,-17.8341,-12.4431,-26.0799,-14.3016,-24.7547,47.2181,12.8413,10.0407,25.1373,12.3886,19.3816
884,-0.014679,-0.024356,0.409813,0.290905,-0.211190,-0.026451,-15.9212,-19.6843,-16.3267,-36.7639,-16.8595,-34.5672,7.8970,17.2782,19.1621,38.1300,4.5633,35.8160
885,-0.001578,0.006857,0.398597,0.049394,0.146167,0.004274,-25.5468,-45.8155,-26.7889,-40.5172,-26.0681,-48.3711,41.2324,41.9459,18.2495,34.4270,37.1320,46.1790
886,-0.019359,0.013495,0.386873,-0.585058,-0.336695,0.107132,-22.1463,-49.1869,-20.0127,-50.4595,-22.4319,-19.9342,22.8295,53.1055,17.5403,54.3797,3.2629,12.2156
887,-0.014905,-0.058939,0.386466,0.735701,-0.144683,-0.060856,-23.7195,-17.2582,-23.2372,-43.3532,-24.3092,-55.1978,48.5973,5.4790,54.5518,38.4066,13.7584,53.0755
888,0.033493,-0.104895,0.395858,0.760894,0.218992,0.091564,-12.2404,-1.9166,-2.6153,-10.4490,-15.2719,-40.7564,12.8201,3.0447,0.7720,10.1491,19.0705,36.8603
889,-0.035877,-0.016928,0.399643,0.184086,-0.515290,-0.035355,-17.9869,-21.1241,-19.8005,-48.7622,-19.7305,-29.7958,15.8343,15.6825,36.4743,49.1266,15.6390,26.9729
890,0.007440,-0.003014,0.387263,-0.451280,-0.194066,0.044020,-25.5199,-53.7147,-21.0601,-51.2357,-25.5555,-30.5973,2.1584,58.9798,28.6658,55.7326,9.0393,23.3217
891,0.043775,0.026946,0.412804,-0.276490,0.377669,-0.035881,-16.5528,-36.7692,-14.1388,-12.7331,-14.8619,-23.0361,12.6417,35.4254,12.4493,6.5624,55.8401,16.7525
892,0.024692,0.057684,0.391093,-0.688652,0.281133,-0.091357,-20.1220,-53.2110,-20.0754,-22.1541,-15.7290,-18.4323,35.1664,52.0543,26.2330,17.6244,19.1272,12.7584
893,0.022837,0.026148,0.397343,-0.441809,0.242156,-0.065180,-22.6470,-52.7713,-23.0653,-30.3067,-22.1478,-30.2745,19.2739,51.7564,44.0940,23.3859,34.8271,23.8846
894,0.063212,-0.030253,0.393108,0.413705,0.712213,0.149525,-15.9489,-27.1336,-10.4377,-3.1374,-12.5158,-44.8097,9.6014,28.3876,3.0062,1.8389,1.2393,48.5263
895,0.008693,-0.001123,0.380245,-0.077959,0.561155,-0.022812,-27.9530,-60.6518,-30.8677,-33.5576,-31.4800,-57.0065,52.9573,59.2120,41.6771,19.6725,35.1718,53.7145
896,-0.013310,-0.003063,0.396089,0.250766,0.125646,0.014199,-23.2472,-39.7399,-25.9310,-40.4547,-24.1269,-52.6632,38.6407,36.9400,7.2739,36.7270,14.8230,55.9656
897,0.007722,0.029117,0.390837,-0.646779,0.037055,-0.019114,-20.3684,-54.4043,-20.0322,-35.8967,-20.7727,-20.8204,7.9838,59.1547,25.1363,34.7358,17.4367,14.8354
898,0.009952,-0.039766,0.402014,0.520685,0.143186,0.035491,-17.7188,-21.1383,-17.1695,-27.8231,-17.7995,-47.9996,11.8002,17.9886,23.7698,26.5178,1.5093,51.8665
899,-0.004174,-0.062558,0.409101,0.389296,-0.065840,-0.035933,-19.1437,-15.2009,-12.9210,-28.4375,-22.4676,-35.3907,58.1881,8.9222,16.7448,21.7289,56.7968,22.6727
900,-0.064805,-0.004604,0.403666,0.067667,-0.552612,0.009258,-15.4965,-18.2047,-21.1008,-44.7257,-19.0159,-21.5007,45.7813,8.6902,51.8936,38.3998,19.5511,15.6403
901,0.008475,-0.000885,0.392284,-0.189155,0.309203,-0.030236,-26.2484,-56.4059,-27.0288,-37.6579,-28.4640,-46.8720,34.6974,56.7007,38.8069,29.6212,25.3784,42.5315
902,-0.058239,0.029661,0.408850,-0.279826,-0.451794,0.037148,-9.9110,-23.1876,-16.5246,-36.8900,-15.5780,-9.5383,9.8465,22.0375,15.1671,32.4174,38.5481,5.6291
903,-0.040386,0.002072,0.401314,-0.082170,-0.527444,0.033960,-16.7222,-25.7055,-19.4897,-47.5149,-18.3826,-21.8270,15.4711,21.8706,34.4134,47.8952,12.8883,18.2911
904,-0.001769,0.025511,0.425345,-0.220508,0.006793,-0.003791,-11.7271,-23.8113,-12.7258,-17.7677,-12.1732,-12.3531,23.8056,20.0485,17.4680,11.6640,42.8417,5.9587
905,-0.004868,0.019670,0.391872,-0.258338,0.092342,-0.011973,-27.8939,-58.5628,-28.7951,-47.6611,-29.4004,-45.1933,36.6210,58.7626,14.6882,42.7324,39.2285,40.7086
906,0.030904,0.009607,0.384901,-0.198536,0.611055,-0.061190,-26.9729,-56.7992,-26.6813,-24.6456,-26.6064,-47.8152,56.2198,53.0703,41.9592,12.0246,39.8804,41.5662
907,0.011261,0.000026,0.411928,0.025658,0.156657,0.005613,-20.2829,-33.2183,-17.6391,-26.8330,-18.8927,-34.5436,45.8750,29.5333,6.6530,23.0794,30.8815,29.6259
908,0.004843,0.041865,0.392469,-0.584368,-0.114925,0.019538,-22.8805,-52.5157,-22.6897,-42.9928,-22.9748,-22.3717,10.1625,53.0353,21.2773,40.6160,53.0133,13.7407
909,-0.004859,0.054728,0.405385,-0.532866,-0.041968,0.017552,-17.9292,-42.1409,-18.6908,-30.3050,-16.5859,-14.4718,34.8663,39.9844,6.3393,26.4324,43.8312,6.9663
910,-0.029521,-0.030237,0.427337,0.130839,-0.126692,-0.008282,-5.8891,-9.3378,-7.7097,-18.4361,-12.9771,-16.0999,0.5032,11.0416,8.5051,13.6390,31.6487,12.9728
911,-0.033535,0.035871,0.381124,-0.728997,-0.402818,0.182500,-21.0405,-47.4125,-22.5261,-49.1874,-20.0986,-11.7234,39.0876,45.5468,41.8918,49.0539,4.9399,2.6104
912,-0.030854,0.022990,0.392152,-0.237913,-0.475922,0.054523,-25.2944,-41.7804,-24.4078,-57.7131,-24.3765,-30.4196,43.0140,38.1361,2.5580,59.8983,34.1186,23.5044
913,-0.009763,0.023063,0.395576,-0.505551,0.043787,0.000483,-21.6824,-51.9528,-21.4778,-36.7033,-21.8852,-25.7547,43.2840,53.9257,18.6532,33.9682,7.7865,19.5636
914,-0.044206,-0.018954,0.397616,0.199246,-0.509042,-0.033559,-19.9725,-22.5614,-23.3199,-50.3180,-23.2404,-32.0155,32.2138,13.1873,57.5784,44.8173,33.9640,25.5010
915,0.003974,-0.044358,0.408389,0.411853,0.034024,-0.000245,-19.7068,-19.6960,-17.5280,-28.8359,-20.0498,-41.0890,42.3421,11.5491,42.6372,22.9129,23.8494,35.9270
916,-0.022312,0.036641,0.413751,-0.337850,-0.178136,0.022117,-16.3356,-31.8819,-18.0736,-31.3368,-17.4951,-14.4998,41.9119,26.7002,16.4001,24.4982,55.3113,4.9932
917,-0.110062,-0.040594,0.409333,0.184010,-0.433325,-0.033962,-0.3712,-2.8464,-12.6583,-26.9393,-18.7252,-11.8668,1.7060,3.4382,39.6658,10.8531,54.4434,7.2542
918,-0.033520,-0.031835,0.406855,0.334167,-0.319934,-0.064956,-17.9852,-16.8488,-17.5836,-39.8912,-19.7919,-33.5870,46.4891,9.9716,23.5066,37.4021,19.0442,28.7401
919,0.017494,0.028986,0.397327,-0.182510,0.042997,-0.004057,-25.5900,-51.2906,-25.0134,-44.6090,-24.0230,-41.8183,0.7114,51.6342,3.5771,45.0261,46.1093,40.6755
920,0.007280,0.004424,0.404124,0.099774,0.042589,0.003408,-22.9168,-38.1362,-23.0908,-38.8130,-22.5907,-43.3163,17.1087,34.6108,16.7888,35.9066,40.0812,41.9498
921,-0.026537,0.050805,0.421998,-0.360882,-0.212762,0.049264,-8.5587,-21.2510,-11.6912,-21.8547,-7.1998,-2.8125,25.2285,18.5614,1.1785,21.0968,12.8110,0.5439
922,0.052586,-0.036440,0.417280,0.275033,0.346942,0.042659,-16.5959,-17.2276,-11.3911,-8.3100,-13.8240,-30.9650,30.9531,8.4386,52.7630,0.4995,34.4440,23.0422
923,0.015411,0.092876,0.373525,-0.907442,0.138354,-0.037410,-22.8617,-57.7024,-25.4826,-27.2932,-13.8696,-10.8532,59.8279,48.7880,59.7623,21.1350,9.3203,3.2932
924,-0.036569,-0.008841,0.397905,-0.008261,-0.292397,0.003008,-24.6914,-39.7918,-24.7598,-52.7314,-25.4223,-39.3725,56.9509,36.5832,19.5827,52.3556,1.3020,35.1856
925,-0.009816,0.061805,0.384020,-0.827403,-0.216953,0.069737,-18.7553,-51.4157,-20.5312,-41.3066,-19.1735,-9.2263,9.5214,53.6522,12.1917,40.0642,44.9735,0.9492
926,-0.052391,-0.019574,0.405921,0.155242,-0.437006,-0.049589,-17.8393,-19.3802,-19.7512,-42.8807,-22.9150,-26.8631,53.4208,10.9719,34.4779,34.7729,51.3639,16.5513
927,-0.001378,-0.055895,0.392336,0.659075,-0.033757,-0.003029,-21.6771,-17.6324,-20.6108,-36.3751,-23.8972,-51.8622,32.6543,8.3631,44.2824,29.6997,39.5931,48.3220
928,-0.059137,0.011640,0.401306,-0.123914,-0.589436,0.024041,-13.3307,-21.9312,-18.2570,-45.6503,-18.2376,-16.2163,15.3041,19.0031,20.8723,43.3006,34.0880,11.6469
929,-0.046725,-0.016547,0.412613,0.091300,-0.393638,-0.042797,-15.7130,-17.4082,-15.7667,-37.3718,-19.7374,-21.8066,54.1794,11.3601,14.9315,31.9508,43.6721,11.9127
930,-0.060560,0.033625,0.401494,-0.359424,-0.558775,0.128763,-11.0968,-24.3084,-17.7783,-41.7086,-12.9586,-7.7402,16.6002,21.5317,27.1484,41.5999,0.7942,6.3586
931,-0.031329,-0.046217,0.405482,0.489586,-0.280513,-0.099038,-16.5724,-10.9153,-14.4549,-36.4399,-17.4354,-35.5973,49.5866,5.0658,11.2403,36.9169,0.4378,33.0939
932,0.023040,0.026775,0.401020,-0.123640,0.202400,-0.009826,-23.8075,-47.8609,-24.0805,-35.5746,-23.3792,-41.5258,6.4684,46.4928,10.5504,31.1726,59.7054,39.2141
933,-0.008897,-0.004184,0.401358,0.127965,-0.206237,-0.013351,-23.0964,-35.1051,-22.6753,-47.6880,-22.0896,-41.6616,18.5131,32.1357,15.2267,49.6925,15.4938,41.3628
934,-0.034208,-0.048603,0.395256,0.558249,-0.355263,-0.103459,-19.4875,-13.6923,-19.7137,-44.3706,-22.4476,-41.4190,40.6976,4.7616,38.0756,40.5562,25.6984,37.0367
935,-0.016963,0.027462,0.395983,-0.346006,-0.165108,0.031055,-27.3471,-50.4551,-27.3139,-49.1214,-27.3684,-32.6416,58.9011,44.6936,27.8543,42.9433,51.9543,21.6123
936,0.057482,-0.045644,0.398663,0.475397,0.522787,0.133219,-19.0882,-24.8078,-15.3124,-11.6013,-17.9374,-47.1390,11.2313,19.3529,51.5412,3.7852,29.5823,44.7996
937,0.076479,-0.005907,0.425386,-0.033616,0.286690,0.012184,-15.6221,-16.1616,-4.2055,-2.3432,-6.8143,-14.3449,46.5509,8.5682,11.4215,2.0944,31.1373,2.8503
938,0.045675,-0.005810,0.383329,-0.100117,0.733912,-0.064218,-24.6379,-52.4712,-24.0936,-17.2906,-23.0633,-48.1071,40.7691,49.3282,57.0850,5.9412,16.4820,45.0240
939,0.018613,0.104083,0.371158,-0.968667,0.153446,-0.043074,-22.0615,-57.7671,-24.4158,-24.9739,-12.4847,-7.8215,57.2156,49.2787,47.6130,19.3064,18.0344,0.2027
940,0.060352,-0.047150,0.407825,0.354514,0.368025,0.046843,-21.6357,-20.7147,-12.9447,-12.7288,-16.8546,-38.3932,53.5540,10.2545,47.4474,6.1144,34.6029,28.0410
941,-0.011869,-0.004733,0.392174,-0.005008,-0.335404,0.002661,-30.3503,-43.1609,-29.3797,-58.1148,-29.5900,-42.8894,45.0392,33.2360,58.9168,53.5358,46.7448,32.6135
942,-0.010929,-0.000609,0.387932,0.247291,-0.261593,-0.032460,-30.8911,-41.6484,-30.7184,-59.8039,-28.4273,-54.2223,41.0786,32.3474,29.1836,58.9821,36.4742,51.5490
943,-0.001751,-0.004602,0.380599,-0.011016,0.552176,-0.003632,-25.3290,-57.5583,-29.3850,-32.4255,-29.8248,-56.9818,49.8539,58.4861,28.9679,20.2291,19.8146,57.1738
944,-0.021655,0.007865,0.393835,-0.043479,0.031339,-0.000843,-26.1524,-51.5556,-28.5597,-49.0194,-28.2025,-49.3044,43.6989,51.3799,7.3057,45.4541,18.8075,48.9328
945,-0.010813,-0.014819,0.400524,0.295639,0.043506,-0.000503,-23.5015,-33.3336,-23.8220,-38.9718,-23.5133,-48.6496,51.5555,27.2139,18.3013,34.4826,21.0232,47.3991
946,-0.031571,0.033421,0.410526,-0.267907,-0.243245,0.031354,-13.6530,-29.9924,-20.9955,-34.2426,-15.5789,-16.3468,8.4746,24.5677,57.0440,27.5706,22.2696,13.9360
947,0.068177,0.041526,0.393408,-0.410685,0.568140,-0.097922,-24.9786,-49.0159,-19.9581,-13.3170,-17.4977,-29.9416,53.1015,40.9515,35.7790,4.5089,54.1380,19.4951
948,0.010123,-0.004169,0.398999,-0.007118,0.154756,-0.000573,-23.7988,-47.8208,-24.0172,-40.6727,-24.4845,-47.4511,5.7203,49.9136,19.5296,39.7922,12.4692,48.8322
949,0.026177,-0.002504,0.402635,0.048602,0.423853,0.010765,-19.9929,-40.3855,-19.6392,-22.4923,-19.6898,-42.7597,18.9746,40.1794,18.6070,17.4580,19.6236,43.1808
950,0.067513,0.024001,0.412434,-0.224859,0.468697,-0.031945,-17.0294,-32.6266,-11.2162,-5.9369,-10.7984,-21.6830,24.4428,28.7260,14.6156,2.2983,38.9785,15.1291
951,-0.067006,0.013105,0.391832,-0.169931,-0.758019,0.058224,-12.8294,-20.3411,-17.8746,-51.0386,-17.4006,-13.2517,11.3339,18.1062,16.8864,51.8402,24.1170,9.5645
952,0.023802,-0.006283,0.386166,0.188101,0.629197,0.060934,-22.7092,-46.4179,-24.2037,-22.1768,-23.8202,-54.8611,33.1176,45.3673,22.3693,12.6345,24.8160,56.7638
953,-0.029692,-0.014968,0.401883,0.302298,-0.412445,-0.073567,-17.1324,-18.3417,-17.5034,-44.5583,-19.1046,-33.1582,14.4592,14.5776,4.8742,45.8923,31.7161,31.6467
954,-0.069570,0.012861,0.404664,-0.160954,-0.577367,0.016894,-14.6359,-20.9657,-17.8806,-43.2173,-19.6248,-13.3650,55.8023,15.0263,11.9608,37.3216,48.9345,2.9572
955,0.002645,-0.027350,0.391744,0.037069,0.082537,0.001669,-29.4704,-52.1350,-28.7886,-49.3874,-31.1519,-54.0508,32.8164,50.1069,56.6033,44.3843,12.1727,49.5287
956,-0.046383,0.010280,0.406970,-0.085258,-0.419975,0.040976,-18.0654,-26.0198,-22.2369,-42.9013,-19.0034,-21.9265,49.4031,16.3915,52.4259,36.9875,19.5286,15.2808
957,0.025509,0.036025,0.396394,-0.394281,0.407412,-0.051188,-23.3033,-51.4860,-20.9471,-23.1031,-20.9133,-32.2381,54.6088,49.6929,4.9900,16.1224,44.0991,24.8773
958,0.025702,0.050234,0.382728,-0.671600,0.339502,-0.110003,-27.3337,-62.8955,-26.9385,-29.7202,-24.7207,-29.4380,57.9325,57.8429,46.1519,18.3830,53.9616,17.5083
959,-0.015483,-0.001837,0.396751,0.151486,0.003293,0.000718,-23.2748,-43.0472,-25.4730,-46.8188,-24.0282,-50.9105,20.5101,44.0319,0.4572,47.9314,0.0534,56.0580
960,-0.030588,0.001818,0.385452,-0.474228,-0.293010,0.072210,-25.7281,-54.2592,-23.5973,-55.7258,-27.6700,-30.2833,44.9187,58.1881,14.1445,57.5742,1.9117,21.9688
961,0.003833,0.034259,0.385782,-0.014760,-0.086819,0.002299,-32.2431,-55.7002,-32.9195,-59.2170,-28.8998,-54.9469,23.1504,50.6395,3.7388,59.5030,53.2851,54.8599
962,-0.114908,0.009138,0.381341,-0.117409,-0.900586,0.021488,-10.6158,-14.7343,-20.6040,-52.9380,-21.5484,-9.9917,42.4956,8.7749,30.0392,43.9861,50.3877,1.4323
963,0.060049,0.059572,0.414351,-0.346973,0.303812,-0.042622,-16.3055,-30.2299,-12.3448,-7.5777,-4.6444,-12.7079,39.2920,21.4583,22.4947,7.2581,8.8595,8.7691
964,0.012018,-0.000866,0.387467,0.271135,0.034645,0.004905,-32.6320,-47.4352,-33.2050,-52.9274,-30.6893,-61.5126,34.0047,37.0696,46.3404,46.6743,55.9192,58.5055
965,-0.026035,0.004321,0.414857,-0.062810,-0.215070,-0.008788,-15.2974,-26.0351,-17.1627,-34.0921,-19.6853,-22.7990,19.8342,23.2341,16.1654,27.9747,57.4713,15.7938
966,0.017163,0.049394,0.398194,-0.598221,0.200788,-0.059743,-18.8130,-50.4726,-19.0491,-25.5613,-17.2669,-19.8270,18.6246,52.0370,11.8291,21.8638,32.8707,14.7637
967,0.030048,-0.029808,0.406577,0.326481,0.276287,0.059338,-19.3080,-27.9175,-18.9115,-23.5030,-20.3524,-44.4149,4.8911,22.9056,49.7989,15.8541,38.2354,42.3545
968,-0.019274,0.020967,0.387993,0.032408,-0.203325,-0.002967,-32.3630,-50.6799,-33.4603,-60.6433,-31.0322,-52.3586,58.6089,41.8558,17.9649,56.4477,54.5486,47.1617
969,0.063889,-0.078727,0.380929,0.778430,0.517714,0.185526,-23.8175,-19.7872,-15.0553,-12.6822,-20.7661,-56.4361,46.9590,9.6668,56.3289,4.4337,30.3608,49.6075
970,0.062649,0.089560,0.377099,-0.813577,0.471518,-0.213116,-23.4978,-56.3274,-22.8088,-13.3216,-12.2545,-17.5574,49.0977,46.5991,51.7384,5.5881,31.9738,10.1675
971,-0.001107,-0.012274,0.385882,-0.078728,-0.071854,0.002544,-34.9199,-59.0792,-33.2327,-60.2681,-35.4456,-54.9929,47.7604,53.7570,58.6310,54.6137,36.9242,45.6182
972,0.016858,0.053656,0.396801,-0.612298,0.150554,-0.063860,-19.6438,-50.4976,-21.5668,-27.4918,-17.8881,-18.9513,18.6717,48.6022,37.2290,21.1589,37.6589,12.6128
973,0.005369,0.003272,0.388373,-0.133093,-0.270673,0.017655,-32.4188,-51.0233,-29.5144,-59.8833,-30.3859,-44.2992,29.2584,44.2101,50.1206,58.2817,49.6258,34.3981
974,-0.004854,-0.056527,0.413887,0.340489,-0.027004,-0.004090,-18.3303,-15.4080,-15.5753,-25.4886,-22.1834,-33.0962,54.8162,5.5373,53.3801,13.5829,58.2612,19.8525
975,-0.045408,-0.011356,0.395919,0.099157,-0.556280,-0.023341,-22.0997,-27.4237,-22.1680,-54.7880,-22.1389,-32.0186,51.2165,20.9471,24.3108,56.2357,5.5790,26.9188
976,0.027878,-0.001014,0.385604,-0.176371,0.038398,-0.002293,-34.8145,-61.8124,-31.5314,-55.5379,-33.5837,-52.6750,18.1304,57.8517,59.1115,51.3354,53.2154,43.3949
977,-0.126275,-0.028268,0.377643,0.296144,-0.940887,-0.197693,-4.1775,-1.4368,-14.1898,-49.3279,-19.8419,-11.3906,13.0265,1.6538,12.5051,43.2640,39.0657,7.2081
978,0.056316,-0.052531,0.402224,0.432604,0.395937,0.069157,-22.4226,-22.2865,-14.2576,-14.6801,-18.6409,-43.6427,51.8978,12.6878,45.3328,7.7474,34.2741,34.6117
979,-0.010752,0.000023,0.392607,0.257175,-0.254546,-0.033268,-26.8768,-36.5792,-26.8194,-54.6796,-24.5374,-49.6726,27.7404,30.0717,15.2686,56.4744,25.1972,49.9325
980,0.010995,-0.065432,0.389273,0.832879,0.136918,0.054522,-15.2923,-8.6342,-12.6365,-23.1981,-16.3165,-51.6133,10.5372,5.7074,10.1445,23.1855,3.0942,56.4381
981,0.010066,-0.068218,0.384967,0.759958,0.109853,0.037834,-24.8092,-19.2532,-22.0201,-33.4776,-25.9489,-58.5715,52.1648,7.0909,57.6056,23.9850,40.5335,52.7831
982,0.053890,-0.018713,0.383545,0.216419,0.749401,0.058591,-24.9544,-43.5542,-21.9215,-14.1435,-21.4997,-52.5712,50.5651,37.5059,47.3512,3.9951,19.7996,49.6921
983,-0.019803,0.003216,0.391040,-0.063177,-0.389226,0.012301,-30.5472,-43.6287,-30.0143,-59.5978,-30.0978,-40.5140,54.3729,32.8229,54.7126,54.0312,55.0673,28.6915
984,-0.027561,-0.027288,0.406720,0.278263,-0.275370,-0.030037,-15.5792,-18.8281,-18.2033,-38.4172,-21.7597,-32.9215,3.6147,14.8115,32.4675,32.1342,56.5519,28.4243
985,0.009335,0.023569,0.393948,-0.319720,0.081413,-0.013642,-28.0337,-57.0525,-27.6672,-45.0440,-28.2817,-40.4758,29.3093,55.1927,27.8338,39.3592,53.4678,32.9845
986,0.043241,0.003430,0.392564,0.189269,0.577446,0.080112,-22.4740,-42.3262,-22.0743,-20.7108,-22.6966,-51.1213,13.4098,39.9222,16.3632,11.7217,59.9726,50.4762
987,0.006355,-0.058537,0.421179,0.421647,0.041370,0.007544,-9.4747,-5.3555,-6.4188,-14.3921,-11.3597,-27.2528,10.9190,3.9471,18.5453,13.1859,3.3743,25.8522
988,0.054444,-0.009252,0.380392,0.409471,0.737411,0.189638,-23.2580,-41.2661,-22.4991,-16.0897,-23.4697,-58.5816,14.1168,37.7837,26.2860,5.0140,59.5415,58.8815
989,-0.015135,-0.036613,0.383831,0.662187,-0.270156,-0.090196,-24.3531,-19.1851,-24.3088,-49.0230,-25.4915,-52.6948,33.4971,7.6568,35.8493,44.7115,52.3156,49.3952
990,-0.015832,-0.002306,0.387056,-0.299516,-0.231798,0.034210,-29.8852,-56.0746,-27.5420,-58.9484,-30.8155,-40.7631,41.6303,56.1741,30.1983,58.6844,18.9259,32.1680
991,0.018350,-0.017589,0.387797,0.239739,-0.136937,-0.018643,-31.4799,-44.8279,-28.6980,-57.2412,-27.9771,-57.1453,7.7435,39.0917,45.2405,59.6529,22.0429,55.9352
992,-0.000834,-0.069258,0.414730,0.454117,-0.061641,-0.039810,-15.0654,-6.9476,-9.4342,-21.7413,-16.5575,-30.5107,49.2049,0.3570,27.9443,17.5406,22.9091,21.5945
993,0.010677,-0.012755,0.407033,0.234827,0.095900,0.019471,-20.8518,-30.0129,-19.9205,-31.7527,-22.1160,-42.1718,22.1020,25.2891,18.0168,25.9035,55.7455,38.1616
994,0.078538,-0.004987,0.397186,0.045698,0.630844,0.015863,-24.1954,-36.9904,-16.0305,-9.6160,-16.6785,-39.0355,53.0917,28.7999,34.3702,3.1511,36.5569,30.6044
995,-0.003150,0.036651,0.425137,-0.252377,-0.063752,0.017885,-11.1148,-22.3877,-11.5886,-18.7679,-8.1796,-9.2951,28.2719,18.6634,7.7907,17.7789,13.2846,6.1524
996,0.021239,0.014532,0.396016,-0.215713,0.208140,-0.023058,-26.1292,-54.8024,-25.8450,-39.8457,-26.3985,-43.7524,10.2275,55.1091,26.9235,35.4389,42.7475,40.1188
997,-0.021775,-0.007898,0.397085,0.012657,-0.321958,-0.000455,-25.8913,-39.2131,-25.0765,-54.0057,-25.4940,-39.8308,40.9136,34.4324,30.6198,54.0553,15.1304,34.6909
998,0.018087,-0.004449,0.391908,-0.106324,0.373996,-0.021639,-26.6528,-55.5471,-27.4084,-36.0533,-28.4865,-50.2426,26.8717,54.9553,44.9544,27.4063,29.8842,46.7108
999,-0.004781,0.070474,0.419490,-0.424331,-0.081311,0.039613,-11.1260,-25.1260,-13.7014,-18.0259,-5.7646,-3.1373,35.1066,18.1896,15.6657,15.9435,14.3384,0.0362
1000,0.000301,-0.019114,0.383746,0.658002,-0.050006,-0.015057,-24.2501,-23.6926,-24.8663,-43.2212,-23.4055,-57.8491,26.0496,13.8090,16.9120,40.1129,48.1121,59.7952
1001,-0.012475,-0.020547,0.391481,0.240616,0.295409,0.029348,-24.4803,-43.6100,-27.0615,-36.1421,-26.6735,-55.5680,59.6275,40.2786,30.0695,27.7995,3.8550,56.2261
1002,0.004028,-0.015966,0.387686,0.454693,-0.083362,-0.016906,-29.6354,-35.3942,-29.9321,-51.0982,-27.9784,-58.9459,34.4049,23.5514,46.9351,45.9742,48.7218,56.4931
1003,-0.026327,0.003349,0.391718,-0.186937,-0.537408,0.059411,-22.4289,-34.8517,-23.6181,-54.7355,-22.9842,-26.0411,16.2426,29.0097,55.3888,53.9722,28.3290,18.4498
1004,-0.006019,-0.040435,0.384582,0.670354,-0.133977,-0.044700,-25.9717,-24.4886,-26.2782,-48.3165,-24.9851,-59.0911,33.4215,13.5348,48.6232,45.5720,16.9635,59.8785
1005,0.020464,0.014491,0.386893,-0.336092,0.620995,-0.100225,-19.7978,-52.5419,-19.4524,-16.5780,-19.5145,-37.5020,44.1818,56.5805,6.2590,10.5127,0.5522,37.0815
1006,-0.015636,-0.020498,0.414203,0.150037,-0.137766,-0.019137,-18.1319,-22.6851,-16.7754,-32.7845,-20.8377,-30.4218,42.1079,17.1071,19.1065,26.6598,50.5919,21.8546
1007,0.000160,0.015990,0.394956,-0.337428,0.032264,-0.004453,-28.5258,-54.4366,-28.5232,-44.1887,-28.5061,-36.9105,55.0698,48.2095,56.4585,34.9964,43.9876,25.5907
1008,-0.003142,-0.024082,0.429539,0.149268,-0.104720,-0.019211,-9.8568,-8.6319,-6.1569,-17.2439,-8.8061,-16.3548,31.2249,6.2867,0.2055,18.7710,0.8973,12.8419
1009,0.035844,0.013871,0.383413,-0.241361,0.749502,-0.081114,-20.3427,-50.0110,-18.0906,-11.0043,-17.9917,-40.0195,50.2749,52.3999,0.4429,5.0778,5.0077,39.6281
1010,0.047856,0.081313,0.401414,-0.553107,0.293749,-0.079597,-20.8331,-42.4813,-20.4468,-14.6639,-11.8308,-14.5865,50.8410,29.9132,47.6647,5.6097,52.2017,5.0107
1011,0.018415,-0.035212,0.394319,0.391232,0.411094,0.057056,-23.2136,-34.6099,-22.3445,-25.1684,-22.1337,-53.6211,50.4248,28.4897,44.4252,17.6910,2.2369,53.3144
1012,0.002000,0.030337,0.376646,-0.767482,-0.192892,0.063788,-24.6560,-58.0887,-23.8593,-48.2387,-25.0502,-18.8531,13.6151,59.2528,51.0057,46.0298,34.3433,7.0723
1013,0.028469,0.017769,0.379154,-0.218514,0.661344,-0.064335,-28.4894,-61.1905,-29.1131,-26.4710,-29.3348,-51.6990,58.8134,57.5236,35.0935,11.6071,58.4111,44.9832
1014,0.021608,0.044650,0.415417,-0.376270,0.147158,-0.018045,-17.1468,-35.0637,-16.0834,-18.6057,-14.2073,-15.6367,37.3154,29.2462,20.2513,11.7829,53.8189,6.5738
1015,0.023814,-0.025195,0.391187,0.507936,0.425916,0.112006,-20.9132,-30.7475,-20.4539,-23.1453,-20.8143,-55.4758,26.4236,26.9799,15.9066,17.2914,24.6924,58.4449
1016,-0.030716,0.040006,0.423848,-0.268787,-0.206525,0.029659,-6.2329,-19.0712,-11.4124,-21.6001,-6.7714,-5.3097,3.2632,18.7175,7.8166,21.2889,1.6006,6.9342
1017,0.074795,-0.065092,0.412215,0.382473,0.358898,0.052453,-17.7365,-11.3269,-5.3327,-4.4477,-12.4672,-30.4503,45.4015,3.2860,33.4406,1.2061,29.6634,18.7745
1018,0.034960,-0.052253,0.376544,0.764763,0.445985,0.175110,-23.9619,-24.0242,-17.8758,-20.4215,-23.1377,-60.8831,57.3600,16.8785,6.8157,13.2916,47.6065,57.6707
1019,-0.041771,-0.047585,0.390972,0.671255,-0.489940,-0.176831,-14.0791,-4.6765,-14.5331,-44.2778,-17.1195,-36.5565,14.2789,0.5252,8.9143,47.7238,4.2974,38.3420
1020,0.011642,0.009622,0.402129,-0.355072,0.050207,-0.021624,-20.0398,-45.3446,-21.1717,-33.9045,-19.8296,-26.9349,5.1135,44.9406,59.9044,30.4332,6.1022,22.8921
1021,-0.016661,0.017625,0.391605,0.108350,-0.302576,-0.018059,-28.4552,-41.0586,-28.5702,-57.3989,-26.1668,-46.5756,40.5666,33.4390,7.9681,57.5037,45.1266,43.6706
1022,-0.027086,-0.028280,0.386494,0.508234,-0.476970,-0.120181,-22.1802,-18.6035,-23.0476,-53.1131,-24.4304,-42.8924,19.9629,8.8721,37.0847,50.5269,53.1851,38.4492
1023,-0.040832,0.030343,0.396869,-0.494694,-0.416395,0.124151,-18.5413,-38.9759,-18.9654,-46.3319,-18.1697,-14.8236,43.5548,38.9834,0.9411,48.9621,4.9738,8.8233
1024,-0.007810,0.007906,0.385626,-0.300165,-0.234040,0.035459,-33.6763,-57.7426,-31.6429,-60.7713,-33.4225,-42.4307,53.8090,51.0794,54.0393,55.3195,51.8131,29.0022
1025,0.016197,-0.006482,0.402055,0.186972,0.360484,0.034485,-18.0333,-37.4298,-19.3739,-25.7681,-18.7185,-46.7261,0.3127,40.0669,4.9377,24.1184,5.3665,52.9213
1026,-0.120309,0.006129,0.395164,-0.041845,-0.681456,0.014443,-7.8819,-12.2481,-21.4828,-42.0052,-20.7276,-10.4165,43.1420,3.7590,56.4016,25.6047,55.8612,2.3686
1027,-0.047177,0.121003,0.410855,-0.447910,-0.151923,0.025575,-3.2718,-18.5397,-19.4381,-13.9567,-0.7537,4.5896,14.3111,6.0277,56.7853,3.3597,11.9927,0.2846
1028,-0.022572,0.035356,0.383106,-0.520081,-0.509560,0.127275,-26.0717,-47.3046,-24.8882,-59.0639,-25.4656,-22.8806,33.3414,43.7662,17.6712,59.7298,52.9501,11.4894
1029,-0.006121,0.009243,0.386015,0.332952,-0.311228,-0.053487,-28.9217,-35.1438,-28.7219,-57.7269,-25.1853,-51.9351,28.6872,24.8882,15.5621,58.8798,48.2563,51.1416
1030,-0.017701,-0.027581,0.410788,0.322151,-0.179655,-0.034923,-15.9572,-17.8178,-15.3909,-34.3193,-17.3364,-34.3710,23.2987,14.6422,10.3955,34.1779,13.9433,33.5132
1031,0.004952,-0.003856,0.409744,0.034871,-0.023279,0.001340,-20.4591,-33.6889,-21.7971,-35.6402,-21.7361,-35.4968,8.9377,28.5330,49.2325,29.4043,42.9991,30.9478
1032,-0.038726,-0.034004,0.409920,0.306933,-0.298043,-0.033412,-16.9717,-15.3862,-19.4787,-36.7276,-20.5996,-30.8969,47.5558,5.0131,58.1914,27.8954,29.7721,23.6020
1033,0.003108,0.049920,0.404031,-0.540769,0.013088,-0.012682,-16.9428,-44.0904,-18.5161,-29.4133,-16.3465,-15.9975,12.3970,44.5744,13.5033,26.3881,35.9387,11.0929
1034,0.030684,0.013941,0.397158,-0.248081,0.217948,-0.031064,-25.7956,-53.5775,-25.0979,-37.3564,-25.7227,-40.8987,3.3421,52.7468,40.2576,31.8859,49.7443,35.5607
1035,-0.026788,-0.023151,0.394239,0.322963,-0.480396,-0.073693,-22.1334,-23.5070,-21.8924,-53.1972,-21.7107,-38.9161,26.2722,16.5215,32.4457,55.4092,11.0411,36.6554
1036,0.005841,0.008241,0.401042,-0.120585,-0.028495,0.001247,-24.3796,-46.1445,-23.6585,-44.3017,-23.9625,-39.8835,12.4217,45.7645,19.2963,43.9224,27.8710,37.2823
1037,-0.004516,0.055580,0.389352,-0.715101,-0.180321,0.036605,-19.6562,-50.3202,-21.6039,-40.8696,-20.3893,-13.6824,6.6015,50.9896,22.8683,37.8417,52.1440,5.2555
1038,0.043173,0.040622,0.404589,-0.404851,0.398142,-0.072905,-18.0180,-41.8205,-15.3135,-13.4915,-11.3103,-21.9082,33.5109,39.7980,15.1304,11.8698,5.3229,19.2482
1039,0.017033,-0.013925,0.405587,0.103881,0.326263,0.008874,-19.5684,-36.7950,-19.2223,-24.6819,-19.0380,-41.9659,25.3857,35.7789,27.2030,20.8157,1.1846,42.6968
1040,0.003189,0.020425,0.396978,-0.020246,0.089704,-0.000016,-27.2176,-48.9195,-28.2741,-44.3700,-26.9346,-47.8759,34.2555,44.3306,14.8790,38.8180,54.2993,44.7128
1041,0.016695,0.000667,0.395612,-0.156022,-0.048463,0.002576,-28.2955,-50.5538,-26.2484,-48.7194,-27.4495,-42.4736,12.0996,47.7790,46.6563,46.5020,38.6175,35.7877
1042,-0.000197,0.066882,0.403278,-0.656069,0.006534,0.018438,-13.5747,-40.7331,-14.9930,-23.4412,-9.6147,-6.6482,20.4011,41.7804,0.7243,24.5629,4.0689,4.7073
1043,-0.028109,-0.019295,0.375996,0.688717,-0.513212,-0.199998,-23.2485,-15.1849,-22.9071,-56.1530,-22.4556,-47.6917,28.7495,4.4387,10.4018,58.3364,43.5869,46.9751
1044,-0.073326,-0.016832,0.395863,0.159107,-0.586762,-0.037876,-14.0279,-17.5044,-22.1368,-47.6728,-23.6958,-24.8540,16.4148,10.5713,56.9881,37.0526,57.9878,18.0512
1045,0.000486,0.003453,0.389757,-0.305151,0.333285,-0.050246,-25.3070,-57.4485,-26.1281,-34.5907,-27.5293,-42.2092,53.2730,58.0756,36.0693,25.6825,15.6543,36.5827
1046,0.015660,-0.053420,0.410061,0.416015,0.080378,-0.001336,-20.7219,-17.3122,-15.7812,-24.4593,-19.8968,-38.9051,58.7273,6.6560,48.7965,16.9548,32.6107,29.2340
1047,0.065055,0.089823,0.368404,-1.004211,0.559388,-0.288938,-21.0011,-60.5971,-18.9487,-8.3183,-12.0456,-14.6154,29.4145,58.3256,19.2040,2.4219,42.6703,7.8991
1048,0.024559,0.011531,0.405828,-0.252292,0.303082,-0.049485,-18.7679,-43.5438,-18.9317,-23.4344,-17.5325,-30.8325,12.9610,43.8927,35.5462,19.5113,7.3707,29.2798
1049,-0.073332,-0.058522,0.388514,0.545562,-0.584468,-0.193008,-12.9928,-5.6839,-15.6684,-45.6892,-23.9972,-30.4586,27.4525,1.6042,21.6516,39.0570,55.5064,22.8429
1050,0.059867,-0.022314,0.387287,0.290116,0.772182,0.094032,-20.1006,-36.5267,-16.3137,-7.3605,-16.4027,-48.4586,27.0412,34.5454,27.5953,1.6662,5.4074,49.8347
1051,-0.032571,0.006299,0.414040,-0.026588,-0.235681,0.011341,-15.3513,-24.8292,-20.7788,-34.7694,-18.4033,-23.4915,23.0986,17.3069,57.2325,26.2066,33.2646,18.6478
1052,-0.021029,-0.049422,0.421268,0.277205,0.028719,0.041024,-8.5895,-11.3907,-12.3177,-17.1703,-18.2804,-25.8546,0.4563,9.0727,49.1797,4.0195,55.0381,20.0557
1053,-0.002760,-0.022725,0.394311,0.008728,0.141857,-0.000441,-27.5210,-50.4610,-27.8691,-44.3097,-29.6168,-50.8880,43.1930,48.1289,53.1601,37.4736,10.2751,46.4225
1054,-0.060653,-0.011362,0.413730,0.048428,-0.408578,-0.026826,-9.6251,-14.6760,-14.6357,-34.2272,-17.7723,-16.9665,16.1360,12.7490,19.9960,27.4821,43.7620,11.6559
1055,0.002765,-0.008943,0.400899,0.043616,0.006076,0.000263,-27.5408,-43.0935,-27.5342,-43.9529,-27.5409,-45.3597,43.3875,34.7840,59.5526,35.8943,40.0099,37.7034
1056,0.002919,0.057877,0.392629,-0.719150,-0.049814,-0.013291,-17.2867,-49.4983,-20.2418,-33.2980,-17.4093,-12.2141,0.2194,50.9297,28.1920,29.8537,37.8532,6.4461
1057,0.007228,-0.005881,0.396198,0.208746,0.436758,0.045316,-18.5031,-39.9305,-21.0269,-25.1951,-20.1149,-50.0537,15.4029,42.5820,1.1494,21.4696,2.6228,56.8342
1058,-0.097102,0.031289,0.384238,-0.350867,-0.818513,0.155573,-9.7282,-20.0754,-20.8657,-50.5772,-17.2501,-6.1808,18.4345,15.5681,36.5179,45.2399,29.4493,2.2958
1059,-0.005666,0.038534,0.393368,-0.627418,0.015609,0.011749,-20.5749,-51.3120,-20.8600,-34.2155,-18.9339,-18.7433,40.7481,51.6985,26.3335,31.7394,6.6136,12.1273
1060,-0.019533,0.025192,0.398082,-0.353891,-0.345226,0.050007,-20.4172,-39.4628,-23.1393,-46.5221,-21.8825,-21.8551,11.5329,35.3973,47.4930,42.6230,42.9315,14.2773
1061,-0.061124,0.019739,0.397559,-0.238282,-0.632585,0.077571,-13.5901,-24.0838,-19.0242,-47.4505,-17.3492,-13.4068,17.3617,20.8140,25.7276,46.1360,23.5732,9.1885
1062,-0.060468,-0.057487,0.405976,0.455475,-0.396353,-0.068199,-9.5890,-4.2751,-13.9043,-33.8624,-18.7183,-26.7902,19.1768,0.0528,40.0009,26.4782,26.4274,22.9172
1063,-0.036270,-0.016012,0.412739,0.162862,-0.345654,-0.034763,-15.4672,-17.7523,-15.5286,-37.4314,-16.6539,-25.8597,40.8561,13.2609,12.0124,37.1495,9.2612,22.2804
1064,0.021504,-0.011905,0.407397,0.234035,0.200694,0.032575,-19.1232,-30.9054,-18.8443,-27.8082,-19.5656,-42.8949,2.5359,28.6526,20.6806,24.0798,35.7386,43.2098
1065,-0.098051,0.023056,0.376204,-0.308438,-0.932799,0.128648,-9.1471,-18.0009,-19.8321,-54.8015,-18.6048,-6.7494,3.1336,15.7430,29.8079,51.0420,38.6871,2.8023
1066,0.053016,0.034160,0.418485,-0.187951,0.296073,-0.031224,-16.4719,-27.8116,-12.6787,-9.6718,-7.5502,-18.3481,36.9223,19.7178,28.5536,7.8081,11.4881,14.1171
1067,-0.030418,-0.036321,0.405574,0.401724,-0.306836,-0.073407,-13.6429,-12.2592,-13.6805,-36.5371,-19.0418,-32.4499,8.7004,10.7948,0.2995,35.1822,42.7786,29.9510
1068,0.018614,-0.061017,0.395122,0.672984,0.181214,0.070152,-17.9255,-14.8537,-14.0554,-23.3228,-19.6954,-49.4099,22.0530,10.7251,15.6000,19.3762,32.7543,48.0673
1069,0.079548,-0.044511,0.388301,0.464449,0.672238,0.118544,-21.8701,-25.2587,-9.8381,-4.4566,-13.2757,-45.8249,57.0841,20.0530,6.5513,4.2880,2.5910,42.1738
1070,-0.040351,-0.002633,0.428231,0.029780,-0.109627,0.002431,-5.5982,-11.9829,-12.7233,-17.6936,-12.5327,-13.5382,4.1346,8.7438,40.9044,7.1624,35.6507,10.9996
1071,-0.013328,0.008206,0.403213,0.100586,-0.181245,-0.013928,-22.8705,-34.1959,-22.9082,-44.9283,-22.5689,-39.3754,32.5288,29.2611,5.1852,43.5167,42.0121,36.3912
1072,-0.010176,-0.004061,0.391075,0.229494,0.035863,0.003156,-30.2336,-45.8650,-31.9597,-50.1709,-30.4089,-57.7724,58.4114,36.8361,36.3504,42.1725,42.3704,54.2230
1073,-0.023909,-0.025809,0.392082,0.282688,-0.376206,-0.051255,-27.3089,-32.8124,-26.6254,-56.9444,-26.5329,-46.7640,47.1832,23.9017,46.3822,56.0731,12.9153,42.0413
1074,0.030116,0.096019,0.406855,-0.628548,0.201395,-0.081900,-10.8737,-35.0121,-14.3771,-9.1328,-3.3321,-2.8633,8.9553,30.3511,20.4436,6.6648,15.5250,3.0919
1075,0.079058,0.096018,0.370140,-0.969898,0.601024,-0.294190,-19.0436,-54.8857,-15.5265,-2.0845,-6.1344,-11.2705,27.3814,51.8671,13.2452,0.3786,19.4185,7.6955
1076,0.034823,0.022843,0.400042,-0.319902,0.483716,-0.074880,-18.7677,-46.8703,-17.6908,-17.1096,-16.9300,-31.5880,18.9286,48.8773,12.3052,12.8150,18.5666,30.1229
1077,-0.013343,0.057605,0.406529,-0.532657,-0.124647,0.060075,-17.4340,-38.5317,-17.8746,-30.7565,-14.3551,-11.0343,49.3678,34.5910,5.0622,28.5253,28.6632,3.6214
1078,0.018756,-0.001697,0.392996,-0.233467,0.152328,-0.017883,-27.1851,-56.8958,-25.7124,-43.9969,-28.1376,-44.8513,8.5610,59.1478,36.5586,41.2536,26.3536,40.4548
1079,-0.008337,-0.019063,0.389855,0.034286,-0.124020,-0.003130,-29.6781,-51.4911,-28.3182,-57.9523,-30.2099,-53.2569,26.3362,51.5525,30.3292,59.2135,3.1717,51.3899
1080,0.044234,-0.004216,0.410207,0.039253,0.407496,0.017048,-18.9811,-32.7330,-15.0541,-15.3418,-16.4252,-34.6354,26.7590,29.5596,19.0920,10.3947,33.9016,30.2459
1081,0.033756,-0.001097,0.386196,-0.078656,0.389882,-0.015079,-30.9203,-61.5220,-30.9165,-42.0175,-31.7912,-57.6202,12.1579,59.8302,52.6581,33.5107,48.8542,53.6602
1082,-0.012547,-0.036933,0.385366,0.587878,-0.360522,-0.103491,-25.2887,-22.6302,-24.6923,-54.3923,-23.5659,-51.6862,25.0816,12.6256,45.4716,55.8567,10.4090,51.5930
1083,0.004314,0.038235,0.389100,-0.567227,0.069668,-0.019767,-26.6780,-60.2928,-26.4238,-42.2684,-27.1257,-30.8692,37.9830,59.5230,24.8189,35.6685,55.2660,20.6194
1084,0.008984,-0.014935,0.392380,-0.099623,-0.111727,0.005317,-28.8570,-51.1154,-25.6880,-53.5669,-28.3175,-45.9556,12.4551,51.2435,39.8289,55.1077,13.9989,41.1799
1085,0.027824,-0.059683,0.391957,0.720281,0.274184,0.120893,-16.9919,-14.8858,-13.2140,-19.6173,-18.5923,-51.2832,11.6631,12.1401,11.4819,16.1830,30.3398,52.1923
1086,0.057107,0.078094,0.395959,-0.552011,0.383221,-0.126215,-21.6183,-45.4698,-21.4272,-13.6936,-10.9888,-18.3461,47.0049,33.3226,56.7287,6.0075,30.6510,11.7703
1087,-0.007980,-0.030095,0.407292,0.370518,-0.052541,-0.017726,-18.9367,-21.8245,-17.8473,-33.8537,-19.2682,-41.0520,34.1457,16.8110,18.2759,31.9222,14.8867,39.8138
1088,0.031479,-0.060114,0.390675,0.682592,0.372651,0.092691,-20.5887,-19.4045,-15.1588,-18.2781,-18.2057,-53.1341,45.5004,13.0015,25.2800,14.6242,5.5084,52.6184
1089,-0.057208,-0.040432,0.413970,0.283470,-0.326651,-0.030600,-8.6403,-8.2705,-13.8538,-30.2514,-17.8935,-22.5494,13.3676,5.1174,37.6055,21.5607,35.4081,18.3457
1090,0.052070,-0.016447,0.381443,0.359057,0.718967,0.152631,-25.0465,-40.9115,-21.4485,-15.6375,-23.4784,-56.2179,47.3078,35.5389,23.6064,4.9340,50.1884,52.6794
1091,0.056357,-0.096731,0.375039,0.941247,0.434667,0.316294,-18.2214,-12.4888,-12.1500,-11.6650,-22.9039,-57.4402,4.7733,8.2040,49.3278,1.0973,56.5100,52.3432
1092,0.048364,-0.043984,0.410067,0.371120,0.371347,0.063268,-16.2020,-18.5615,-9.0489,-10.6975,-13.4346,-36.9615,24.8453,16.1393,10.8098,9.5556,13.7213,34.2427
1093,0.040779,-0.043443,0.402455,0.473498,0.391624,0.114404,-16.4803,-20.5172,-11.1050,-13.8504,-16.5693,-43.7758,14.4354,19.9094,0.3781,11.1839,31.0289,42.8925
1094,0.013960,-0.019479,0.391288,0.336873,0.216666,0.037054,-28.7656,-42.8833,-29.6581,-41.5663,-28.7809,-60.1113,36.5180,34.3952,54.1875,32.6743,39.4870,57.7820
1095,-0.030930,-0.077145,0.414306,0.425806,-0.170040,-0.039677,-9.5828,-3.8252,-7.7647,-22.6776,-18.1874,-25.7239,24.1593,2.7562,18.4404,15.9957,39.9857,17.5824
1096,-0.041576,0.055105,0.384973,-0.734749,-0.420618,0.176134,-21.1774,-46.6683,-22.2538,-49.4402,-20.8414,-10.9413,55.4853,44.4661,2.1064,48.4779,36.6190,0.1731
1097,0.057688,0.037997,0.384690,-0.547308,0.646180,-0.192275,-22.8344,-58.3166,-22.2549,-15.8161,-21.0768,-34.0955,10.7771,57.9659,36.7040,5.3735,58.1257,28.2211
1098,0.002081,0.001050,0.389726,0.314928,0.278977,0.044907,-26.1422,-42.3954,-28.5963,-37.6212,-26.5994,-58.3399,46.6860,35.8999,16.6021,29.1430,44.2152,59.0737
1099,-0.000211,-0.005340,0.397281,0.188821,0.307190,0.025967,-23.1429,-40.1207,-23.7157,-30.9371,-23.4412,-49.5861,56.8022,36.4180,9.7239,24.1694,22.0837,49.0000
1100,0.008124,-0.000566,0.414089,-0.001627,0.074432,-0.001159,-18.6484,-32.0406,-19.1487,-28.6495,-18.5658,-31.9569,20.6587,27.5372,39.0071,23.2626,27.7711,28.1821
1101,-0.009887,-0.023371,0.375605,0.798000,-0.379747,-0.157321,-20.3984,-11.1919,-20.4311,-49.8224,-18.4609,-50.4274,0.8160,2.6672,7.0913,55.0162,27.0900,55.8392
1102,0.041792,-0.034211,0.421490,0.097887,0.251517,0.037307,-15.1825,-19.4497,-7.3202,-10.4927,-15.1410,-24.3347,30.8733,17.1730,7.6116,5.6541,53.3500,13.3800
1103,-0.026667,-0.033051,0.400044,0.354018,-0.280390,-0.047953,-23.8566,-24.3689,-24.2786,-46.1971,-25.2019,-42.2747,57.1785,12.5321,57.1224,38.9900,33.1684,34.4686
1104,0.069207,0.089834,0.366570,-0.992286,0.580159,-0.301182,-20.1241,-58.2297,-17.5535,-5.4904,-8.0016,-13.2684,35.2281,55.4255,22.5140,3.0041,8.7700,9.7248
1105,0.066715,-0.073300,0.404122,0.529836,0.463847,0.157644,-13.3833,-11.6879,-3.5107,-2.3377,-12.9248,-36.9668,5.5271,12.3613,8.0598,0.8769,24.9904,32.8522
1106,-0.036341,-0.004603,0.387996,-0.142256,-0.680785,0.077133,-19.1895,-28.1127,-21.2469,-55.5605,-19.8758,-21.7366,5.6783,23.3583,55.8971,57.9135,7.9653,16.8963
1107,0.056054,0.021796,0.400850,-0.285082,0.564065,-0.106661,-18.3096,-44.2245,-17.8846,-11.9540,-15.2945,-31.0994,1.5209,43.0972,41.1536,5.3162,26.2657,29.4921
1108,0.032322,0.095597,0.384780,-0.899303,0.253019,-0.163127,-13.2625,-49.7030,-17.4645,-13.6426,-6.9551,-4.1937,0.0639,49.5301,26.8866,11.1184,9.5270,4.3444
1109,-0.130521,0.009224,0.351556,-0.153319,-1.210764,0.062941,-10.9966,-13.3260,-23.2669,-65.7952,-24.1449,-9.1253,35.3259,6.9226,37.4627,57.6599,55.5685,0.3697
1110,-0.027294,0.043515,0.392745,-0.627820,-0.337713,0.112942,-18.6986,-43.8861,-19.8772,-44.4282,-18.6213,-12.5744,27.0561,44.3714,10.1551,45.1711,22.6056,5.5646
1111,0.004310,0.016237,0.404782,-0.138493,-0.023019,0.000426,-22.2766,-42.8448,-22.0713,-40.2881,-21.9886,-35.6530,12.8875,42.0955,12.0585,39.1642,35.5647,32.9104
1112,-0.024749,-0.025831,0.406178,0.304243,-0.229682,-0.065082,-20.3679,-20.8239,-17.5181,-39.0537,-22.0803,-36.2985,57.8476,14.4618,0.0690,35.7998,46.6499,28.5591
1113,0.035412,0.007315,0.398254,-0.108658,0.582205,-0.030403,-17.8481,-44.4921,-17.6378,-15.7550,-17.6339,-39.5116,6.2527,48.2611,8.7326,11.4272,14.1721,41.8344
1114,-0.075483,-0.033611,0.398846,0.264434,-0.610557,-0.134633,-14.3314,-11.2549,-15.9915,-44.9694,-22.5765,-22.9005,51.7891,5.8855,13.8344,38.7801,51.4924,12.4214
1115,-0.012102,0.056168,0.389769,-0.678840,-0.157372,0.043128,-20.7403,-49.7858,-24.4665,-39.9458,-20.1674,-14.8252,28.1612,45.6178,50.3059,33.6507,37.5064,6.0236
1116,-0.038393,-0.001383,0.388654,0.050776,-0.629188,-0.018826,-24.2356,-29.8079,-24.9657,-59.2778,-25.1052,-32.1023,37.1668,20.7787,39.3710,57.7108,44.3221,23.5613
1117,0.029225,0.052875,0.406089,-0.483743,0.260671,-0.100214,-15.2138,-41.8122,-18.3863,-17.2878,-11.7871,-17.3412,2.5517,39.3113,44.2058,12.0598,16.7556,16.2266
1118,0.050521,0.018332,0.385547,-0.375051,0.684851,-0.154242,-22.2064,-52.3152,-20.3116,-12.7316,-17.5205,-36.0029,42.8485,50.5964,39.3094,5.5381,3.9363,33.1379
1119,0.048872,-0.095758,0.379452,0.887868,0.378687,0.214125,-20.0625,-12.6729,-13.1894,-14.8015,-22.3035,-56.1923,24.6281,5.6413,53.0616,5.4963,43.2165,50.0552
1120,-0.020251,0.003572,0.394518,-0.154079,0.270058,-0.018275,-21.4177,-50.4136,-23.8428,-34.3295,-24.7479,-42.6866,53.2041,53.7410,3.0968,28.6621,0.4950,42.5901
1121,-0.020605,-0.000073,0.393652,0.167688,-0.395936,-0.040228,-26.7390,-33.1917,-26.6313,-55.2064,-26.6607,-41.4867,40.3161,23.1021,32.2640,51.6396,59.9178,33.7787
1122,-0.009987,0.010823,0.418011,-0.105682,-0.102933,0.003839,-14.1151,-27.4673,-15.0196,-29.3708,-14.7396,-21.9949,11.4489,27.0510,9.2596,28.7036,18.1498,20.3422
1123,0.053726,0.013744,0.403762,-0.151631,0.517676,-0.053057,-20.2244,-40.8459,-18.3234,-13.9013,-16.2979,-33.7257,21.7030,36.5036,42.1992,6.7726,29.0255,29.9230
1124,0.062927,-0.009390,0.379645,0.188061,0.805146,0.087175,-26.7830,-48.0840,-24.2848,-15.4630,-25.0218,-55.6448,37.5459,41.6172,51.1347,1.7812,56.3988,50.4260
1125,-0.021358,0.062417,0.392412,-0.697325,-0.212814,0.079187,-19.9679,-47.6207,-21.6837,-40.1848,-19.4065,-11.9731,41.1640,45.4163,9.5716,36.5401,47.0213,2.3300
1126,-0.125302,-0.061631,0.385204,0.406899,-0.751236,-0.237598,-2.5077,2.1033,-10.1115,-40.9240,-22.0403,-13.9241,13.8039,1.2426,5.2478,31.5888,55.1155,6.5364
1127,-0.012965,0.031070,0.398556,-0.371534,-0.272398,0.034993,-22.3310,-43.0337,-23.8118,-46.1923,-23.3918,-24.2678,19.6812,38.8921,35.2430,41.6020,57.3395,15.1949
1128,-0.002005,0.009978,0.429535,-0.175592,-0.027407,0.002040,-10.2662,-18.8224,-8.6757,-15.5008,-11.3549,-9.7006,27.3448,16.9417,1.3465,11.2437,43.4686,1.6952
1129,0.011263,0.005652,0.395606,-0.265863,-0.041553,0.001464,-27.8463,-51.6860,-26.8807,-46.7221,-27.7948,-37.9052,22.9183,47.4742,59.9820,41.1278,43.0168,28.4897
1130,-0.009849,-0.028033,0.388347,0.046100,-0.184253,-0.005586,-31.5024,-50.4176,-29.3726,-59.8675,-31.9673,-52.7615,39.7673,47.1779,50.9627,58.7863,8.1943,46.8539
1131,0.078180,-0.010146,0.416795,0.033651,0.433549,0.017651,-17.5556,-22.4202,-8.2901,-3.6802,-10.4500,-23.9831,36.8131,15.2718,25.3410,0.2409,36.1314,14.5006
1132,-0.082106,-0.040176,0.393397,0.397187,-0.675817,-0.161626,-7.8295,-4.0032,-13.0151,-43.7788,-19.0996,-21.2121,2.8656,4.0185,9.2412,40.8321,37.7233,18.3851
1133,0.026219,-0.002301,0.404935,0.093311,0.345766,0.019381,-19.4501,-38.3534,-19.5089,-25.1100,-19.4868,-43.0171,3.6534,38.5542,17.1326,21.3988,24.7381,44.6073
1134,0.034107,-0.058132,0.385688,0.710342,0.342198,0.146497,-21.9582,-21.1916,-17.1188,-22.1067,-23.1765,-56.5236,34.3753,14.7901,22.2989,14.3986,53.4152,52.5897
1135,0.031621,-0.002089,0.385194,0.139811,-0.076124,-0.006230,-35.0701,-51.0923,-32.0569,-58.1516,-30.7348,-58.2969,10.5671,41.9790,56.5703,56.7005,56.6085,52.9952
1136,-0.092924,-0.016865,0.402972,0.152193,-0.622913,-0.036588,-10.8003,-9.1906,-18.4441,-40.7848,-19.2181,-16.1589,52.3083,0.1773,47.0695,30.1126,35.0920,8.1779
1137,-0.001785,0.002173,0.393511,0.322304,-0.169978,-0.028017,-25.8861,-33.6585,-26.1277,-49.7226,-23.6969,-50.2494,21.5361,25.9764,15.4941,49.5546,41.6124,50.5472
1138,0.030089,-0.019811,0.403007,0.240107,0.262223,0.037788,-22.7130,-35.6416,-22.7550,-29.8216,-22.9974,-47.8193,7.3447,30.0081,55.4174,22.1223,40.2598,45.4263
1139,-0.020900,-0.002071,0.398664,0.022572,-0.174063,-0.002070,-27.0877,-42.2312,-27.2298,-50.6452,-27.2192,-43.3923,56.6404,35.6414,31.2985,46.3424,28.7665,37.1551
1140,0.019998,0.000132,0.393202,0.400189,0.300932,0.070241,-21.9160,-34.5755,-23.4069,-30.9225,-21.6590,-54.7842,10.8568,30.6838,5.7452,26.2978,44.7065,59.0410
1141,0.040349,0.006504,0.383975,-0.294213,0.634958,-0.110283,-25.8977,-58.5224,-26.0146,-23.0209,-25.7658,-45.2748,34.7957,56.4723,57.5335,10.8059,33.5437,39.6892
1142,-0.035741,0.043032,0.389415,-0.597764,-0.419288,0.135938,-20.4819,-43.0971,-23.2768,-48.5028,-20.6661,-13.9620,37.5704,39.0177,34.6953,45.7597,30.6233,4.7693
1143,-0.013405,0.029608,0.401635,-0.400152,-0.190728,0.033984,-19.3508,-41.0821,-22.9699,-39.6337,-19.4815,-20.5512,17.0957,36.6536,58.8074,34.6139,23.0577,14.6383
1144,-0.055607,0.012874,0.402314,-0.157183,-0.540024,0.073692,-18.0697,-26.0150,-21.2411,-46.7908,-18.2381,-18.7665,57.4042,17.6431,37.4343,44.2585,8.0746,12.1598
1145,0.035599,0.002495,0.391508,-0.032911,0.225480,-0.003654,-29.9079,-55.6033,-28.7079,-44.6145,-28.7849,-53.9218,0.1992,53.4312,43.3378,40.6848,46.5208,51.1591
1146,-0.035731,-0.042782,0.398495,0.474868,-0.377769,-0.084724,-18.5045,-14.7415,-19.6321,-44.0895,-21.8124,-38.2075,33.7548,6.5383,41.0132,40.1689,25.4728,34.0287
1147,0.008330,-0.021423,0.400891,0.111169,0.084505,0.003812,-25.1807,-41.7201,-24.9411,-40.7932,-25.4582,-47.4821,24.5373,37.7431,52.8078,36.1871,14.9001,44.5197
1148,-0.029728,0.062165,0.392639,-0.670765,-0.267135,0.113644,-20.7546,-45.5431,-22.6969,-41.5831,-19.1900,-11.6125,58.0857,40.3176,17.7503,37.2246,40.3662,1.0338
1149,0.010210,-0.013472,0.389613,0.379807,-0.152386,-0.024208,-29.2868,-35.2543,-28.7817,-52.1019,-27.2250,-54.7615,20.7379,24.0203,50.8183,48.4450,53.6419,51.2279
1150,-0.018651,0.004108,0.421167,-0.066929,-0.149629,0.001620,-16.3638,-22.4529,-16.5666,-27.4610,-17.6042,-18.9952,54.5122,13.6458,34.2296,18.5136,51.2777,7.8376
1151,0.024288,0.011277,0.400980,-0.115438,0.372304,-0.014103,-24.1921,-45.8951,-22.5940,-26.2580,-22.6414,-40.1939,50.8874,41.4054,25.5315,18.0413,39.8379,33.9792
1152,-0.012518,0.018172,0.392227,-0.346909,-0.464902,0.074734,-21.8986,-39.4800,-20.9873,-52.5387,-21.4623,-22.8878,3.8256,38.2224,25.9600,55.6495,32.1251,16.1825
1153,0.006424,0.012519,0.394978,-0.030039,-0.287818,0.002281,-26.8136,-41.1187,-24.8975,-53.3338,-24.2673,-39.6614,7.8024,36.1822,23.8364,55.2514,47.1586,35.1137
1154,-0.039556,0.048147,0.389934,-0.622683,-0.413677,0.159299,-16.5066,-39.1546,-22.1862,-43.8021,-15.8578,-8.7943,23.3049,35.0570,52.0142,41.8964,3.3048,4.0239
1155,0.054274,-0.032543,0.391223,0.448659,0.568319,0.153515,-22.6439,-32.8977,-19.6281,-16.8417,-22.3208,-53.5399,19.5140,27.1168,43.1937,6.8020,51.0114,50.2936
1156,0.034404,0.040500,0.398669,-0.442642,0.394947,-0.067641,-21.9269,-49.6041,-19.7031,-20.4136,-18.4876,-27.8295,41.7924,47.3132,14.5815,14.0551,41.9873,20.7606
1157,0.038072,-0.013400,0.417395,0.045877,0.265458,0.019534,-18.5282,-26.7024,-13.3982,-15.8823,-16.9810,-28.9862,37.8713,20.9973,25.0480,9.0168,51.5730,19.3191
1158,-0.029510,0.018348,0.408431,-0.185248,-0.288296,0.026601,-17.9920,-31.6557,-21.6130,-40.0229,-19.7313,-22.2986,28.5637,25.5001,43.4205,34.0627,36.0627,15.8425
1159,0.030717,0.042338,0.398416,-0.464876,0.370805,-0.056843,-21.9389,-49.1881,-19.0249,-20.4561,-17.4595,-26.1786,52.2767,46.8101,9.3603,15.4866,31.3104,19.1138
1160,-0.015537,0.026573,0.396905,-0.387948,-0.197481,0.040363,-25.3229,-47.9754,-25.6979,-47.1351,-25.2499,-28.0827,47.7165,42.7492,37.0335,41.7580,43.4425,17.6323
1161,-0.004042,-0.007640,0.404704,-0.050526,0.036562,-0.001005,-22.7218,-41.5926,-22.7313,-38.6348,-23.0499,-38.9681,35.0154,39.4646,34.9871,35.2190,7.8341,35.6619
1162,0.001254,-0.015146,0.399216,0.323604,-0.012774,-0.001497,-23.7190,-33.2290,-24.0851,-42.2260,-23.1201,-50.0423,21.5599,27.8102,27.1826,40.2065,22.7502,50.7768
1163,-0.068116,0.039420,0.378780,-0.547099,-0.717585,0.219768,-19.5202,-35.2627,-25.9488,-57.3933,-22.1791,-12.0977,44.8176,26.8909,50.6626,52.0279,39.7985,1.8525
1164,-0.100559,0.037754,0.371357,-0.505060,-0.906927,0.262103,-10.8144,-23.1183,-23.4460,-56.1258,-18.3761,-4.7942,15.0583,17.5388,50.0085,50.3878,31.1889,0.4288
1165,-0.003528,0.004169,0.394073,-0.250054,-0.291501,0.036485,-25.7528,-46.3306,-23.1287,-53.2773,-24.7576,-33.7145,15.3787,46.0196,25.5861,56.2782,20.5905,27.6195
1166,-0.029833,0.030019,0.408833,-0.282362,-0.264242,0.027488,-17.2785,-33.0642,-20.9312,-37.9215,-19.3521,-18.7207,30.6688,27.6218,33.0541,31.2180,47.3047,11.1320
1167,0.024339,-0.026095,0.393769,0.265899,0.204421,0.027672,-27.6349,-43.8908,-27.3905,-41.3994,-27.3731,-57.5148,12.0020,38.9163,59.3178,36.0360,24.4326,56.5387
1168,0.000416,0.014398,0.391912,-0.096577,0.167955,-0.008252,-28.5214,-56.5363,-30.1881,-46.4884,-29.7127,-51.5814,34.9608,54.7916,20.5708,40.2710,41.4688,49.0043
1169,-0.074372,-0.040607,0.390753,0.486105,-0.695428,-0.202079,-12.6837,-5.1239,-14.9060,-47.9629,-19.2659,-25.9416,34.0739,0.6580,11.1500,47.4690,20.0215,21.9065
1170,-0.015248,0.023307,0.388150,-0.141381,-0.164218,0.012126,-31.6923,-56.3742,-32.1106,-60.1522,-31.0576,-49.0997,46.8139,52.1258,12.3657,57.8269,45.7706,44.0877
1171,0.006522,-0.011026,0.402203,0.149827,0.075027,0.005847,-24.9645,-39.2133,-25.0374,-39.7102,-24.9396,-46.9840,30.8441,33.3669,40.9900,34.0411,32.5712,43.5332
1172,-0.073654,-0.014709,0.402562,0.141586,-0.644795,-0.064891,-12.0447,-11.6873,-15.3029,-43.9077,-17.6386,-17.8918,39.0029,7.5521,10.9787,41.9390,22.3524,12.5485
1173,-0.004655,0.023518,0.384164,0.149679,-0.118131,-0.007172,-32.8000,-51.4929,-34.3380,-60.6760,-29.7573,-59.2470,35.9824,43.4946,12.7265,59.2892,49.5556,59.4301
1174,0.000213,-0.014124,0.385103,0.448339,-0.159801,-0.034964,-31.2988,-36.4852,-31.3830,-55.4909,-29.1485,-59.5585,40.0430,23.3180,49.4269,50.6412,51.4431,56.0035
1175,-0.009268,0.025473,0.388785,-0.652008,-0.089610,0.038189,-21.0283,-52.6161,-20.8675,-39.9749,-20.9187,-18.8319,28.4460,55.2263,33.1849,39.0453,2.7524,11.5381
1176,0.016881,0.012764,0.410817,-0.139710,0.187439,-0.011342,-20.9966,-37.7107,-19.3369,-25.6619,-17.5639,-30.5367,49.2742,32.1666,30.7939,21.0346,15.8342,25.1884
1177,0.072812,0.079665,0.382648,-0.795495,0.578322,-0.264566,-17.4235,-50.6326,-15.9180,-3.8007,-7.2543,-14.4977,15.1202,48.1589,24.1297,0.8277,16.1958,12.6937
1178,-0.024130,0.022841,0.387668,-0.396161,-0.460862,0.090903,-26.7853,-46.2623,-25.9773,-58.0069,-26.4266,-27.2096,41.3018,41.1257,31.8218,56.7548,44.9300,15.9426
1179,0.060107,-0.064651,0.409791,0.442459,0.282850,0.007525,-17.9970,-10.9637,-4.4195,-9.4232,-11.0320,-33.6237,54.8732,5.6733,1.5540,12.6810,0.9678,26.4048
1180,-0.002798,0.029857,0.392527,-0.463156,-0.119345,0.023059,-27.1507,-53.8575,-27.1595,-47.4796,-27.1965,-29.9240,38.7825,49.1871,44.9050,40.8903,55.2068,18.2266
1181,-0.068717,-0.030638,0.394527,0.338624,-0.648431,-0.097532,-15.9766,-12.2561,-19.8294,-49.4514,-20.8134,-27.3645,44.4669,3.5398,42.7649,45.3239,18.7409,21.7786
1182,0.012988,0.052056,0.392309,-0.747057,0.158889,-0.064162,-16.3162,-52.2130,-16.9145,-25.1325,-15.1111,-13.7463,5.7581,57.9322,5.4415,24.5264,14.5713,10.5991
1183,-0.011127,0.027963,0.401796,-0.456931,-0.179397,0.040669,-17.4004,-40.8573,-19.7673,-37.4771,-17.0656,-17.3777,9.5735,40.3540,41.7388,36.4203,6.0265,13.5154
1184,-0.022017,0.034316,0.384128,-0.701589,-0.419393,0.151376,-18.1914,-44.2170,-19.3871,-47.5893,-18.3950,-10.0803,5.2081,46.2125,29.9012,50.3030,11.7754,3.4275
1185,-0.016972,-0.047125,0.376102,0.764172,-0.484364,-0.166687,-22.1302,-12.5100,-22.7419,-54.5664,-22.4045,-48.5465,8.8279,1.4589,52.9339,55.3803,23.4441,48.4005
1186,-0.033316,0.002313,0.414280,-0.007584,-0.266927,0.010306,-12.6666,-22.5256,-18.6770,-34.3521,-16.8106,-22.1564,0.3728,18.4526,49.6610,28.3786,26.0863,20.3871
1187,-0.095502,0.010710,0.375316,-0.161189,-0.926289,0.102439,-13.7549,-19.6241,-23.9002,-58.6217,-21.5021,-13.9556,24.3997,11.9361,55.1368,52.2805,37.4299,7.7141
1188,-0.016324,-0.039262,0.390010,0.623188,-0.314623,-0.093133,-20.7257,-15.9569,-20.9068,-46.6876,-21.2385,-47.1716,17.5581,7.7665,32.9076,46.7821,20.2481,47.6408
1189,0.022305,-0.017072,0.403337,0.143974,0.305104,0.015129,-22.7628,-38.4791,-22.4203,-28.3278,-22.2419,-45.7141,29.0818,33.6758,48.6747,21.2349,19.6889,43.2529
1190,0.042816,0.031355,0.383688,-0.449170,0.659276,-0.135349,-23.7721,-57.1080,-21.9423,-16.6943,-21.5268,-37.3978,44.0600,56.6246,19.3284,7.3495,40.1165,31.7151
1191,0.007276,-0.010942,0.390367,0.134704,0.357351,0.023746,-26.3971,-50.8238,-28.7089,-38.0191,-28.5099,-57.4824,31.9709,48.9717,36.7918,29.7028,22.8215,57.8297
1192,0.031906,0.001126,0.383272,-0.095300,0.638795,-0.032341,-25.8038,-58.4916,-27.5430,-27.5652,-28.0306,-54.1960,18.8874,59.0464,41.3317,16.2418,38.5771,52.8708
1193,-0.001372,-0.015106,0.401270,0.246101,0.219645,0.017934,-22.2993,-35.0349,-21.9879,-31.2883,-21.9893,-47.5500,55.1249,30.6268,14.7194,26.1874,12.7372,46.7928
1194,0.047943,-0.059890,0.393781,0.639285,0.466771,0.119923,-18.3011,-18.0815,-11.4268,-11.1638,-15.0228,-48.8201,31.6180,14.0569,19.4978,9.3578,0.3746,49.1044
1195,-0.034655,-0.075191,0.405508,0.517204,-0.142866,0.013186,-12.2242,-8.2198,-15.3432,-28.0658,-22.9374,-35.0681,15.7945,2.9045,59.1768,14.7020,54.9899,27.7767
1196,0.023785,-0.008641,0.391682,0.084671,0.564699,0.023113,-20.3625,-47.7830,-22.4924,-24.2757,-22.5435,-51.6498,1.4936,51.7241,21.2170,18.5526,8.9096,56.6512
1197,0.045018,-0.046709,0.388913,0.665339,0.475616,0.194879,-18.2846,-21.8985,-14.5400,-14.8131,-18.8948,-53.6346,9.2191,19.5556,13.5616,9.6202,36.3403,54.9068
1198,-0.044281,0.028528,0.385222,-0.457088,-0.577855,0.141318,-23.8849,-41.0536,-26.0747,-57.3939,-24.7041,-20.0664,48.7547,33.5801,44.5817,53.6203,42.2887,8.2522
1199,-0.003964,0.008249,0.388876,0.348939,-0.212586,-0.039436,-27.8708,-34.2171,-28.1971,-52.8641,-25.3618,-52.0994,30.3671,23.8752,15.3144,51.2007,59.3691,50.6345
