idx,x_x,x_y,x_z,rpy_roll,rpy_pitch,rpy_yaw,dL0,dL1,dL2,dL3,dL4,dL5,tau0,tau1,tau2,tau3,tau4,tau5
0,-0.040101,-0.049659,0.405193,0.450884,-0.348714,-0.109141,-13.6929,-8.6130,-12.3756,-36.0906,-19.0232,-30.9802,30.6511,5.8935,1.6653,34.5006,31.9815,26.1982
1,0.073168,0.010886,0.402320,-0.116255,0.649307,-0.023313,-17.6187,-35.9267,-11.4327,-4.0374,-11.5255,-30.6787,18.8126,35.2203,7.0841,1.9042,20.9891,28.3226
2,-0.003944,-0.075052,0.417571,0.438824,-0.080522,-0.045091,-11.6619,-3.3838,-5.3565,-18.6565,-14.5403,-26.1250,36.9571,0.8739,9.1021,16.8861,19.4326,18.3887
3,-0.009675,0.006194,0.424053,-0.040355,-0.046300,-0.000044,-10.8625,-21.1124,-13.4002,-22.1480,-12.4535,-19.0164,5.3570,19.2807,23.9155,18.5631,19.3771,17.7957
4,-0.045979,0.045390,0.408155,-0.435338,-0.404526,0.092800,-10.7974,-27.0952,-15.3138,-35.1952,-11.8624,-5.7579,19.2227,26.4936,3.1656,35.5798,12.5144,3.3925
5,0.056571,-0.009741,0.402426,0.114101,0.565586,0.039712,-19.7320,-34.3185,-14.9758,-11.4471,-16.3394,-39.5828,26.4947,31.5957,19.2806,6.4368,28.1078,36.6338
6,-0.077626,-0.025170,0.421415,0.148454,-0.339897,-0.013473,-2.2334,-3.8086,-10.9314,-22.8838,-13.5502,-11.3074,5.5526,2.7451,32.0995,12.7691,29.8501,9.0503
7,-0.075571,0.001287,0.412581,-0.042024,-0.509464,-0.004867,-8.7150,-12.9269,-14.7044,-34.8068,-15.9505,-10.8258,33.1505,9.0593,19.8463,27.9768,35.2128,4.7354
8,-0.013928,0.019858,0.431789,-0.110230,-0.055231,0.001166,-7.3449,-14.3980,-10.3404,-14.0234,-8.1634,-8.6738,17.2172,10.2019,22.8721,8.6603,23.5043,5.6187
9,-0.007304,0.011386,0.412506,-0.079307,-0.100074,0.001153,-17.8986,-32.5467,-18.0314,-34.9988,-18.4389,-28.4409,17.4630,31.3176,5.9752,33.7876,32.1546,25.4862
10,-0.016749,0.052426,0.406081,-0.518314,-0.161207,0.035201,-15.1115,-38.1143,-18.0279,-32.3327,-15.0169,-11.4178,18.8789,37.1046,12.5413,29.7592,31.9285,6.5122
11,-0.080793,-0.004273,0.427485,0.008662,-0.412227,-0.006730,1.5144,-0.1943,-6.2525,-18.9401,-7.2035,-0.5818,4.9947,1.5654,4.2861,14.5210,8.9873,0.8373
12,0.003142,-0.068770,0.409351,0.540483,0.034398,0.023636,-11.6644,-7.8048,-8.3239,-20.1513,-16.3844,-35.8737,5.4835,8.0233,7.2720,17.8750,27.1073,33.8694
13,0.028359,-0.025695,0.418401,0.188324,0.211398,0.022343,-15.5293,-20.9591,-10.9701,-16.2038,-14.4135,-30.5931,24.9695,18.3785,11.7453,13.6763,24.8681,26.3767
14,-0.005710,-0.072823,0.412005,0.501886,0.015707,0.037107,-11.0679,-7.5224,-10.2271,-19.6483,-17.9745,-33.6154,6.8816,5.4654,34.9324,12.2075,36.0364,29.1641
15,-0.051825,0.020711,0.410469,-0.201130,-0.466232,0.052307,-10.7558,-21.3286,-15.5923,-37.6144,-13.4162,-11.6634,14.8764,19.7367,14.7705,37.3369,9.7961,10.0628
16,0.049673,-0.040555,0.421036,0.261718,0.301158,0.038562,-14.1619,-13.8189,-7.8254,-6.7137,-11.7611,-27.0075,25.5509,8.0483,34.1551,1.9707,27.3064,20.0023
17,0.069050,0.090652,0.397125,-0.597063,0.413198,-0.136304,-18.4011,-40.9531,-17.1020,-6.6570,-5.7820,-11.8482,36.0951,30.1770,39.2409,2.1774,26.2803,7.2046
18,-0.019116,0.014600,0.423123,-0.129457,-0.141594,0.005322,-10.6661,-21.6361,-12.6711,-24.6779,-12.2431,-14.9488,12.7393,20.6997,8.8468,22.5924,21.5621,12.6127
19,-0.077863,-0.037299,0.408132,0.246059,-0.506384,-0.078534,-6.3475,-5.8844,-11.8347,-34.7110,-17.7009,-17.4517,9.1492,6.1029,14.4693,28.6754,37.1771,13.4678
20,-0.005483,-0.045034,0.416984,0.365366,-0.026692,0.006023,-11.7979,-12.1115,-11.3726,-22.8003,-15.4173,-31.0952,6.3194,10.4176,22.6252,19.5505,19.9945,29.7173
21,-0.005216,-0.024072,0.411801,0.271178,-0.034949,-0.010228,-17.8676,-22.7072,-16.6835,-31.3410,-18.1428,-36.7885,31.0257,18.6408,16.7950,29.4396,15.7465,34.9477
22,0.003128,-0.033375,0.414607,0.310404,0.030162,0.016355,-14.0395,-18.0464,-13.0234,-24.7124,-17.2778,-34.1649,3.9647,17.0565,12.0586,21.4848,35.8099,32.3843
23,0.037887,0.034113,0.406383,-0.344606,0.361593,-0.056606,-18.7507,-41.2566,-16.3494,-16.1213,-12.9562,-24.1373,36.3850,38.5157,19.3776,13.5318,9.0080,20.7847
24,0.040872,-0.004354,0.404570,0.070134,0.445792,0.026447,-21.2462,-36.6188,-17.5987,-18.2404,-19.0615,-40.0077,36.0641,32.9618,17.9847,12.0433,37.9945,35.4498
25,0.002460,0.008362,0.424550,-0.023625,-0.000455,0.000408,-13.8828,-21.0691,-14.1606,-20.4759,-11.9617,-19.8414,31.8779,14.5239,32.6771,16.2397,16.5673,15.7788
26,0.057325,0.048229,0.417440,-0.298176,0.323050,-0.044211,-14.3143,-28.4530,-10.5520,-6.2376,-4.4826,-13.4843,26.6588,22.8254,15.0660,6.8264,4.6550,11.3280
27,-0.029153,0.044494,0.415629,-0.387691,-0.240591,0.046230,-12.4174,-27.5730,-14.7077,-28.7911,-12.6788,-7.8225,33.0921,24.9105,1.5809,26.1463,32.5319,2.0188
28,0.071668,0.034146,0.403602,-0.319015,0.538926,-0.056909,-19.2397,-38.6751,-12.2912,-6.5656,-10.5958,-23.5701,36.8850,35.2385,6.1273,4.9290,25.4016,17.9179
29,-0.022055,-0.046646,0.418202,0.372065,-0.162996,-0.027694,-11.1975,-7.8213,-11.2495,-24.8980,-14.3826,-26.9856,23.1391,3.7129,29.0030,21.6587,8.7298,24.4227
30,0.015123,0.032706,0.411489,-0.336982,0.151126,-0.026349,-16.6439,-38.2452,-17.0925,-22.6276,-13.4267,-20.8708,22.8129,36.3346,26.0982,20.3146,6.5848,18.6245
31,-0.004107,0.019335,0.429167,-0.166030,0.007914,-0.005543,-7.6713,-19.3422,-9.4086,-14.6629,-8.9235,-10.7138,1.8764,19.6414,5.7628,11.9777,24.1077,9.1202
32,-0.047731,-0.041992,0.418100,0.288698,-0.340798,-0.059844,-7.8248,-4.9693,-8.9620,-27.7285,-13.9630,-19.3387,19.1989,4.2538,7.6897,25.7258,14.6382,16.3565
33,-0.052882,-0.022156,0.425677,0.122690,-0.221235,-0.006438,-4.4220,-7.4570,-10.5152,-20.5769,-13.1423,-13.7613,3.9215,6.4734,28.4494,12.1580,30.4162,11.2245
34,-0.011446,-0.008615,0.408290,0.029246,-0.064284,-0.000399,-20.8705,-34.8206,-20.8514,-38.4721,-20.7864,-36.3389,36.1636,31.9013,26.2893,36.7280,4.6244,33.9472
35,-0.072251,-0.029145,0.417646,0.160898,-0.428642,-0.045442,-4.3837,-4.8129,-9.6555,-28.0910,-14.1215,-12.5863,10.7099,5.3188,11.3612,22.8118,25.5465,9.5916
36,0.010259,-0.013140,0.418255,0.125526,0.099059,0.008588,-14.6902,-24.3121,-15.6242,-23.0902,-15.4645,-30.8109,3.0143,21.5260,37.1378,18.9471,17.9757,30.1290
37,0.010045,0.017058,0.412743,-0.241001,0.080002,-0.017061,-16.0615,-36.8857,-17.2636,-27.0132,-15.5369,-24.3963,1.6522,37.2730,28.9225,25.1958,10.8956,23.3680
38,0.009747,0.004423,0.415628,-0.063180,0.128474,-0.004346,-15.9170,-32.1770,-15.4788,-24.7594,-15.0355,-28.9120,13.3452,32.6308,11.0184,24.1860,6.2824,28.9851
39,-0.025402,0.019849,0.411369,-0.216578,-0.263696,0.029716,-16.3264,-30.9046,-17.4788,-37.3676,-16.6628,-19.9148,27.5152,29.1114,9.3878,37.0261,18.7190,15.9682
40,-0.017416,-0.025811,0.406228,0.399576,-0.211494,-0.048939,-16.0569,-16.7407,-15.6412,-36.7238,-17.4379,-37.1895,14.4533,14.0843,1.1420,38.1130,18.4763,38.1777
41,-0.004176,-0.022255,0.429968,0.161526,-0.023362,-0.001010,-7.5804,-9.4531,-7.2528,-14.7035,-8.8758,-17.8451,7.1009,8.6544,12.5972,13.7642,3.8988,17.4001
42,-0.007105,0.069928,0.409447,-0.560191,-0.029259,-0.019416,-10.6883,-35.3117,-16.4888,-22.0094,-9.9923,-6.1977,0.0780,34.2849,21.7170,18.0016,26.0221,5.0703
43,0.008426,-0.013088,0.411982,0.133865,0.088190,0.005617,-19.3665,-30.1065,-19.0294,-29.5952,-19.2864,-37.0444,23.7667,25.6528,34.2858,25.0955,23.0170,34.2845
44,0.019684,-0.059571,0.408562,0.547531,0.169271,0.038259,-13.5582,-10.9389,-8.9713,-17.0518,-13.9350,-39.1174,14.0828,9.7701,8.0866,17.1790,3.9444,39.7550
45,0.033342,0.059496,0.416313,-0.392236,0.238317,-0.058163,-13.9361,-32.1792,-15.0708,-11.1528,-8.8167,-12.2257,20.5203,25.6167,32.0069,5.0674,35.1559,7.9192
46,-0.060265,0.054466,0.396164,-0.505828,-0.491827,0.127562,-12.9891,-31.0662,-21.6819,-42.0592,-15.8215,-6.9966,23.0364,25.8250,39.8052,36.3646,29.5295,2.3074
47,0.050574,0.036754,0.409671,-0.301614,0.405864,-0.071976,-17.6749,-37.7978,-16.2649,-11.8663,-12.3193,-23.0438,21.1747,32.7047,34.7543,6.1258,30.7328,18.7430
48,0.083476,0.015882,0.396750,-0.164899,0.693458,-0.043317,-20.3238,-38.3907,-12.2366,-3.4550,-11.4800,-31.1399,36.6935,35.0310,11.1067,1.3328,19.6919,26.6435
49,0.013206,0.002495,0.411990,0.004801,0.195992,0.004779,-18.9856,-33.8838,-17.0362,-25.1930,-17.8110,-34.1350,34.7280,32.0354,4.3049,22.3245,24.3565,31.3589
50,0.012030,-0.014978,0.411605,0.203102,0.171713,0.015806,-18.1477,-27.1971,-15.4970,-24.6400,-17.4277,-37.6447,33.0129,24.9927,0.8522,22.6191,21.9892,35.9964
51,-0.008601,0.001996,0.407133,-0.118926,-0.026466,0.004146,-21.5560,-39.7352,-21.5391,-37.8356,-21.3279,-33.5617,39.1938,37.1796,28.2322,35.0200,9.9686,29.4761
52,-0.013029,0.012086,0.410815,-0.113564,-0.217992,0.006868,-17.0461,-31.2864,-17.9280,-38.2155,-18.0115,-25.4894,7.0759,30.4431,11.8959,38.1479,29.1656,22.8457
53,-0.093154,0.016670,0.398573,-0.152768,-0.685675,0.046808,-6.1859,-14.4650,-17.0682,-42.0585,-15.4862,-7.7527,3.6569,12.8617,27.4168,36.4895,28.0929,6.2352
54,-0.030595,-0.043521,0.414443,0.347858,-0.219070,-0.029399,-11.4936,-10.4060,-12.9795,-29.3368,-16.9830,-28.2081,14.0182,7.4940,26.9905,24.8588,24.5757,25.3202
55,-0.034300,-0.039186,0.422336,0.293978,-0.190298,-0.011517,-6.7014,-6.0857,-9.7827,-22.2917,-12.6856,-21.2230,1.7813,5.1536,25.2742,18.3596,11.2430,20.9596
56,-0.011625,-0.001861,0.414751,0.045758,-0.139645,-0.005539,-16.0514,-26.1126,-16.3805,-33.5788,-17.2324,-28.4752,14.0552,24.5794,9.5077,32.7000,25.1854,26.5312
57,-0.039165,-0.007017,0.410758,0.070692,-0.373350,-0.015562,-15.0179,-20.7208,-17.4806,-39.2839,-18.3565,-24.2175,23.8671,16.5263,23.9856,36.1943,28.7054,19.9120
58,0.007280,-0.047455,0.415261,0.362150,0.070481,0.025115,-13.0443,-14.3775,-10.2138,-20.4912,-16.6434,-33.1563,8.9721,14.0050,7.8291,17.2537,35.1939,29.9595
59,-0.046217,0.021765,0.411781,-0.196126,-0.384679,0.034859,-13.4006,-24.3101,-17.6262,-36.8759,-16.1343,-14.6169,29.2765,20.0800,22.2649,32.7813,29.4124,9.4854
60,-0.103266,0.002873,0.396446,0.000075,-0.766796,0.025965,-8.3974,-9.6700,-17.8698,-44.3121,-15.9940,-9.9269,39.5227,3.1474,33.8624,38.0740,17.1348,5.9015
61,-0.026841,-0.045816,0.408845,0.456694,-0.255331,-0.054982,-13.0277,-9.7552,-13.4430,-33.2382,-16.2299,-32.9605,14.8569,6.6053,20.6740,32.8011,6.0480,32.9788
62,0.024713,-0.011820,0.420095,0.112715,0.171922,0.001409,-16.0131,-22.5397,-12.8127,-17.7005,-12.7148,-28.3528,31.9560,17.7468,23.6306,15.7559,7.7008,25.3840
63,0.012466,-0.003324,0.407914,0.017793,0.112031,0.000503,-21.7322,-38.0312,-21.8079,-33.4502,-21.7331,-38.9521,18.6256,34.3123,38.4736,28.3924,30.4703,35.5988
64,0.007545,0.031076,0.425594,-0.167803,0.052848,-0.007137,-10.5226,-22.5027,-12.4696,-15.7529,-7.3595,-13.7932,12.1693,18.8381,24.5539,14.2039,1.1702,14.1875
65,-0.018330,0.047104,0.404006,-0.502588,-0.175431,0.056435,-15.9974,-38.4099,-19.4335,-33.7436,-14.1809,-12.5821,25.2035,35.5716,33.3929,31.8904,5.8295,8.9947
66,-0.004865,0.023265,0.409471,-0.280007,0.024708,0.006526,-19.0841,-39.9797,-18.5567,-31.5863,-17.8399,-25.4529,39.8618,39.1655,6.0760,29.9294,15.1249,21.3241
67,-0.034945,0.059115,0.404897,-0.566623,-0.307238,0.073194,-11.3262,-32.9899,-16.0757,-33.2463,-12.6079,-4.4801,11.3452,33.5023,2.0903,32.1781,27.6731,1.1613
68,0.029439,-0.027094,0.413413,0.245392,0.259413,0.033185,-17.3719,-24.0920,-14.5097,-18.5312,-16.6239,-36.5517,21.7523,19.8708,30.0172,13.6532,26.0902,33.2361
69,-0.040859,0.014585,0.413204,-0.128542,-0.312057,0.011077,-12.2861,-24.2209,-18.1908,-35.0507,-17.1872,-17.7365,6.6501,21.0989,34.9885,28.7585,38.8988,14.0178
70,0.069712,-0.062244,0.400165,0.504872,0.536379,0.192345,-14.9087,-16.9835,-5.7793,-3.2856,-14.8910,-40.2712,4.1542,17.8983,5.9249,0.2306,37.4493,36.2067
71,0.026653,0.028150,0.408580,-0.292677,0.268049,-0.038819,-19.3450,-41.7775,-18.7142,-22.1265,-17.0767,-26.9380,25.2692,39.0778,25.9468,16.6227,33.6570,22.0233
72,0.070804,0.104546,0.400886,-0.593688,0.380626,-0.132928,-14.4064,-34.6518,-14.1251,-1.8017,-0.1829,-5.4808,24.3257,24.1701,31.7208,0.1088,12.1910,4.4979
73,-0.011430,0.003791,0.426680,0.056533,-0.065374,0.003759,-10.2183,-15.5426,-13.4306,-19.9561,-9.7999,-18.4813,15.8374,9.9870,39.5877,16.2297,0.9234,18.4748
74,-0.028896,-0.001283,0.418094,0.029748,-0.240318,0.008338,-12.0103,-19.6943,-16.0702,-31.2743,-14.0819,-21.2304,9.3894,16.1813,36.7056,28.4662,7.0684,20.7349
75,0.073120,-0.058663,0.401664,0.427051,0.514929,0.145034,-17.6175,-19.0959,-6.8540,-5.0948,-15.5089,-39.0459,24.0134,17.1317,10.5449,1.7706,39.4654,31.7213
76,0.011393,-0.035924,0.415440,0.321122,0.079444,-0.004104,-16.8014,-17.8378,-13.1368,-22.5672,-15.1008,-34.4966,38.8497,12.5709,22.3694,20.8779,5.1461,31.5552
77,-0.017468,0.046486,0.407040,-0.474628,-0.172333,0.038969,-14.9734,-36.9304,-18.1047,-32.7696,-14.5849,-12.5177,17.1891,35.6926,19.5919,30.8199,20.9488,8.7053
78,-0.056190,0.028102,0.419263,-0.247184,-0.319020,0.009907,-5.7361,-18.4710,-13.0614,-26.6306,-12.4493,-5.9222,2.5790,18.8675,10.4858,20.7361,37.3003,3.4465
79,0.007190,0.016052,0.419098,-0.141992,0.061249,-0.003599,-15.3649,-29.6680,-15.2756,-23.2186,-14.2204,-22.2988,21.8015,27.0069,18.2460,20.1530,23.2755,18.8492
80,-0.012791,-0.009199,0.423705,0.100332,-0.115303,-0.004295,-13.2169,-16.3303,-13.6555,-24.1225,-13.0496,-21.5223,34.0655,10.0767,31.3010,20.3604,12.4284,17.5677
81,0.060665,-0.026432,0.413157,0.184723,0.449518,0.058369,-15.6737,-22.7017,-8.2744,-6.7655,-12.5218,-31.5628,17.7174,21.3388,7.7518,4.8239,26.9957,27.2990
82,-0.013312,-0.007958,0.406422,0.125450,-0.175713,-0.012028,-21.9810,-30.9712,-22.1385,-42.1241,-22.5710,-37.4234,34.3581,24.6598,30.2514,38.3068,35.0822,32.4371
83,0.020232,-0.075637,0.404008,0.616908,0.146061,0.032096,-14.4782,-8.2365,-7.4670,-17.2220,-15.7720,-40.0739,24.5844,6.7391,2.7486,16.6738,17.0969,37.1344
84,0.002226,0.001414,0.409554,-0.103733,-0.057429,0.002210,-18.9362,-36.4811,-19.0186,-36.3807,-18.9579,-31.0988,4.3607,36.4820,26.7276,36.3242,12.1179,29.6062
85,-0.006212,0.022193,0.409978,-0.225674,-0.120531,0.008058,-18.1440,-36.6954,-18.7183,-36.3318,-18.6320,-25.0337,12.0188,36.2376,9.5338,35.1373,34.8651,21.2827
86,-0.025123,0.084393,0.411204,-0.538750,-0.104691,-0.000526,-8.3807,-29.7093,-17.4361,-20.4799,-8.1660,-1.7526,8.8041,24.9592,30.9974,13.3140,30.5416,0.8198
87,0.071194,-0.012850,0.394944,0.182437,0.712681,0.104723,-19.1958,-34.0813,-12.5044,-5.6784,-16.0344,-41.7452,19.9214,33.5890,4.0658,0.9943,38.5100,38.9273
88,0.001797,0.018763,0.410617,-0.198510,0.090187,-0.001811,-19.2922,-38.9717,-18.4666,-29.7519,-18.2508,-28.6976,36.8058,37.9016,4.7716,27.3352,22.2420,24.9065
89,0.008781,0.011597,0.410689,-0.123423,0.081843,-0.006217,-20.5999,-38.1061,-20.8548,-31.2144,-20.4504,-31.7078,25.8275,33.8727,33.5290,25.1615,39.8408,26.1283
90,-0.049322,0.022483,0.407403,-0.227864,-0.467394,0.033569,-13.6643,-25.2399,-16.9444,-40.9037,-17.1987,-14.2191,24.2894,23.2542,5.6205,38.9211,36.9906,8.6905
91,0.009995,-0.047248,0.421956,0.337725,0.124479,0.036995,-10.6539,-10.7010,-9.9277,-13.6542,-13.7706,-28.1422,7.3647,7.3808,38.9970,7.1695,24.2850,24.9481
92,0.034395,-0.013291,0.419521,0.088736,0.219319,0.008873,-16.5896,-22.9703,-10.5679,-15.3583,-12.6451,-27.5091,38.4543,19.4101,5.7916,14.6716,16.1858,22.5905
93,-0.025125,-0.027000,0.408500,0.274370,-0.250120,-0.031998,-17.9979,-20.1479,-18.9120,-38.5192,-20.6633,-34.1063,31.1408,13.5210,35.7888,33.8109,30.8092,29.2910
94,0.044509,-0.044056,0.414796,0.322272,0.314668,0.053294,-15.9094,-17.4960,-10.1504,-11.1771,-14.5058,-33.6715,23.7519,12.8295,30.7261,6.4796,27.5944,28.0992
95,-0.036043,0.028264,0.427126,-0.206091,-0.177170,0.006801,-6.1304,-16.5402,-11.4446,-19.2261,-9.6497,-5.9069,11.5257,14.6490,14.7427,13.5722,29.4556,3.2299
96,0.064763,0.011488,0.420900,-0.089379,0.327537,-0.004377,-15.9937,-23.2724,-8.0222,-6.2554,-7.4201,-18.7359,37.6237,17.5408,9.6833,6.6318,16.7092,12.4575
97,-0.007346,-0.009955,0.406720,0.073193,-0.074935,-0.002255,-22.1493,-35.0385,-22.1600,-40.3112,-22.1419,-38.8346,32.2781,30.7178,33.2830,37.5399,15.9399,35.6459
98,0.023837,-0.031049,0.426842,0.209987,0.146830,0.012886,-9.7107,-11.6470,-5.4973,-10.4158,-8.7294,-22.4845,8.4552,11.7865,3.0386,11.4636,3.1340,21.6127
99,-0.068547,-0.054025,0.398434,0.510714,-0.562763,-0.173152,-8.4961,-0.9790,-10.4869,-39.1449,-17.2382,-24.4433,14.1312,0.7070,1.1743,38.7055,20.4804,22.2905
100,-0.011399,0.057333,0.402161,-0.573745,-0.106590,0.033582,-15.4461,-40.5066,-19.4413,-30.7333,-13.2567,-10.8132,19.8895,37.9911,34.1672,28.1953,9.4275,7.6262
101,-0.063065,-0.047527,0.404326,0.416787,-0.479955,-0.088127,-8.2694,-4.4625,-12.7701,-36.6101,-17.2756,-24.4696,4.2122,3.1181,22.8628,33.0087,22.4359,23.1407
102,0.060827,-0.055184,0.420310,0.312742,0.348309,0.062447,-11.3557,-9.5587,-1.9965,-1.3750,-8.9643,-25.0994,12.3304,8.7552,8.6015,1.2721,16.8100,19.8307
103,-0.019707,-0.029697,0.407254,0.330929,-0.240398,-0.031343,-16.9620,-18.7849,-18.0700,-38.2219,-19.5814,-35.6414,14.5609,13.7484,32.8364,35.4736,25.3629,33.5713
104,-0.004039,-0.013791,0.417225,0.131886,-0.039352,0.002655,-14.2625,-22.7049,-15.3163,-27.9028,-17.2369,-29.5524,1.2285,21.1146,22.1566,23.9876,35.5966,27.4806
105,0.020400,0.018993,0.410451,-0.217167,0.209819,-0.028692,-19.1523,-39.3828,-19.2775,-24.3103,-16.9767,-28.2694,25.0702,35.8737,37.3622,19.2116,20.0439,24.4883
106,0.069500,-0.003674,0.392024,0.050470,0.747678,0.021243,-20.2772,-37.8209,-13.5113,-5.2186,-14.0110,-39.9315,38.8097,36.1631,7.7899,2.1545,11.0266,38.2433
107,-0.017690,-0.045453,0.406624,0.477825,-0.195115,-0.039163,-15.4686,-13.2903,-15.8609,-34.6482,-17.2098,-37.7965,16.4597,8.5732,32.9904,33.9102,0.1917,38.4833
108,0.027733,-0.014692,0.422964,0.096999,0.178753,0.008407,-13.9368,-19.9478,-9.5403,-14.3852,-11.5560,-24.9348,24.2425,17.6750,7.9458,13.5641,15.0326,21.5141
109,-0.001645,0.015405,0.417386,-0.168146,-0.021977,0.000746,-14.2546,-30.4839,-15.4026,-27.1096,-13.8871,-21.7483,7.8025,30.3788,16.9928,26.4939,9.0812,21.0503
110,0.037144,-0.075957,0.404303,0.571872,0.234907,0.041108,-16.3256,-10.0947,-6.3102,-13.7020,-15.0631,-39.3241,37.5228,7.5324,0.9591,13.8229,16.4129,33.9825
111,0.013694,-0.013520,0.410889,0.143600,0.237933,0.009513,-18.0450,-30.4886,-16.4274,-23.4000,-16.5534,-37.7933,31.5933,28.8184,13.5453,21.5875,0.6060,38.0929
112,0.010883,0.033270,0.419143,-0.222370,0.063267,-0.004185,-15.3989,-29.5008,-16.0069,-20.8658,-11.1870,-17.9594,32.1547,23.4715,31.0641,17.7566,10.5273,14.7871
113,0.030868,-0.052925,0.411569,0.442838,0.234216,0.045336,-16.0099,-15.1977,-11.5710,-15.6389,-15.2774,-37.7944,24.1782,10.0613,35.0152,11.5774,15.4762,34.4627
114,-0.098302,0.037679,0.402094,-0.273727,-0.628210,0.095270,-5.1796,-14.7896,-17.5405,-37.2766,-12.7259,-2.5583,19.3520,10.6763,29.8558,29.9750,22.5267,1.0963
115,0.030642,-0.019296,0.412577,0.206184,0.309567,0.033925,-16.1816,-26.6128,-14.2400,-17.7679,-15.4513,-36.9785,8.1674,25.3007,20.3800,14.8180,16.8826,37.1268
116,0.024588,0.036189,0.413963,-0.325281,0.210684,-0.032384,-16.4933,-36.7653,-16.0454,-18.7971,-14.2170,-20.1130,20.3521,34.1244,18.3191,13.8531,39.0868,14.9743
117,-0.034148,0.025272,0.414302,-0.223453,-0.306745,0.048141,-13.5759,-25.6507,-16.6682,-33.9781,-13.3832,-14.4398,30.0619,21.8321,21.2695,32.8389,6.3977,11.5930
118,-0.022439,0.007548,0.409562,-0.141509,-0.244158,0.023386,-18.3005,-32.3872,-19.0028,-39.8007,-18.1796,-25.1820,30.5359,29.8965,21.4140,39.6302,7.4516,21.6514
119,-0.002316,0.084643,0.423525,-0.350077,-0.044644,0.021651,-7.8283,-18.7014,-13.3922,-11.7558,-0.7669,-0.5265,25.6461,8.8679,31.0254,9.0176,0.1547,1.6976
120,0.023138,0.000362,0.411542,-0.007553,0.316787,-0.001436,-16.0888,-34.4727,-15.2958,-20.0274,-15.2568,-34.0931,6.9388,36.4487,7.2613,18.8618,6.5190,36.0087
121,-0.002857,0.024777,0.410282,-0.316383,-0.062721,0.006598,-16.5824,-37.9102,-17.4985,-32.5750,-16.4998,-21.4949,7.9127,38.9397,14.4114,32.1540,17.9504,19.0233
122,-0.083062,-0.011024,0.406817,0.124789,-0.598550,-0.010467,-6.7775,-8.0399,-15.2261,-37.9609,-14.3827,-13.9315,14.1671,4.5768,32.5685,33.4015,10.0185,13.2762
123,-0.005512,0.019232,0.416456,-0.170486,-0.047673,0.003566,-16.6210,-31.0605,-17.8681,-28.7896,-16.3540,-22.2084,27.7276,26.6729,27.8723,24.0838,29.9163,17.1921
124,0.071400,0.040893,0.406395,-0.333493,0.480408,-0.064861,-19.6125,-37.5336,-14.0660,-7.5572,-10.9142,-21.4639,37.3499,30.6595,24.2761,3.1739,37.5158,13.9731
125,-0.017078,-0.029694,0.420559,0.270567,-0.144107,-0.017388,-12.7382,-11.9519,-13.1189,-25.4928,-13.5849,-25.9160,29.8479,6.0760,34.6498,22.4756,3.0904,23.5141
126,0.081697,-0.068701,0.412132,0.435071,0.424460,0.074930,-13.2154,-7.1942,-0.2434,1.7001,-7.5486,-28.5497,20.3201,4.7989,10.0421,0.6295,4.8365,22.9493
127,-0.047281,-0.008808,0.411698,0.086528,-0.435365,-0.019849,-13.2770,-16.8016,-15.5188,-38.5197,-16.1485,-21.0080,29.4283,13.1175,15.9123,37.4630,13.9358,17.7378
128,0.014174,0.071268,0.404654,-0.614471,0.110885,-0.026131,-14.4388,-40.6066,-16.0650,-19.4309,-9.2877,-8.8064,21.1430,38.7524,14.2339,18.0551,12.3529,6.4332
129,-0.015142,-0.015061,0.419183,0.131178,-0.120076,-0.004935,-13.4708,-19.2984,-14.7406,-28.1076,-15.7542,-26.0844,15.3089,16.1263,26.1471,24.5578,21.5220,23.5843
130,0.038102,0.026112,0.424619,-0.220630,0.217767,-0.009240,-12.6446,-24.7107,-8.7715,-9.1975,-7.9558,-13.3790,22.1350,22.1894,2.5565,8.2048,25.3185,8.6032
131,0.015546,0.026764,0.408435,-0.276613,0.167469,-0.018405,-21.1158,-42.0555,-20.4362,-27.3086,-18.9900,-27.8167,39.9755,37.5287,28.1483,21.2235,36.2179,21.0019
132,-0.034289,-0.036017,0.426085,0.213808,-0.160896,-0.010119,-6.7310,-6.5574,-9.1883,-19.3500,-13.0869,-17.5926,12.8689,4.6709,25.6731,12.9873,24.7818,13.8915
133,0.008461,-0.002755,0.414498,0.090398,0.071106,0.006356,-16.2220,-28.6282,-15.8803,-27.7719,-16.8566,-33.3156,3.2681,28.6165,5.0310,26.6902,27.6106,33.4114
134,-0.084871,-0.044200,0.399767,0.351146,-0.595181,-0.117147,-7.1292,-4.0945,-13.0439,-39.3790,-19.0410,-20.0394,11.0184,3.2849,19.1395,33.4745,36.2617,16.1341
135,0.015150,0.102348,0.395021,-0.763785,0.105589,-0.049843,-12.6399,-41.6947,-17.6909,-16.6346,-5.1560,-2.1771,15.0728,37.3370,28.5623,14.6370,3.7660,2.4885
136,-0.019648,-0.041139,0.414233,0.361631,-0.172331,-0.035020,-14.6622,-12.5771,-14.0452,-29.8091,-16.4900,-31.1733,33.3358,6.9911,29.5730,26.8906,10.4983,27.8559
137,-0.030841,0.043619,0.434029,-0.141336,-0.070155,0.000242,-2.7400,-9.8070,-11.1450,-9.2864,-4.2366,-2.4624,8.6306,3.5485,37.1717,0.9422,18.1810,2.9849
138,0.016882,0.096201,0.404684,-0.649752,0.105383,-0.034948,-11.3473,-35.9058,-15.3966,-14.0035,-3.6810,-2.2754,14.9716,31.3540,20.9163,12.9654,2.9713,3.0467
139,-0.005657,0.015831,0.411036,-0.175699,-0.009751,0.004644,-19.0759,-37.3241,-18.7693,-33.2030,-18.5250,-28.1999,33.4032,36.0954,7.5887,31.4827,20.1127,24.6227
140,-0.012775,-0.083343,0.397412,0.718058,-0.096799,-0.021888,-13.5824,-4.2517,-11.5571,-27.5225,-19.3457,-41.4523,16.6990,0.6569,27.7484,23.2665,25.2798,38.6402
141,0.041839,-0.040575,0.406501,0.395986,0.378422,0.051367,-17.6190,-20.6889,-10.7364,-13.0884,-13.7357,-40.3076,37.3222,17.6590,6.3503,12.8576,1.6995,39.1266
142,0.012604,0.010313,0.406824,-0.171075,0.185412,-0.016895,-21.7518,-42.6158,-21.4795,-29.8391,-20.5657,-33.8277,35.9242,39.2098,35.2541,24.2351,22.0058,29.0364
143,0.078880,-0.083411,0.391469,0.635436,0.515531,0.177400,-19.6604,-14.9322,-7.2639,-5.1229,-16.9104,-44.7840,34.1188,9.5816,30.6161,0.4646,35.8550,35.6762
144,0.044148,-0.042634,0.415444,0.364656,0.361548,0.070495,-12.9904,-15.7714,-9.8834,-8.1844,-12.3973,-33.8610,1.2357,12.6641,38.8986,3.6303,15.3612,32.7828
145,0.017510,-0.009222,0.407995,0.139518,0.219083,0.017362,-20.9358,-34.0749,-19.8565,-27.7533,-20.6249,-41.2092,28.2614,30.0463,24.8384,22.2807,33.3411,38.2707
146,0.038324,-0.115915,0.386971,0.817210,0.230921,0.088538,-16.9308,-4.1517,-5.3520,-13.4804,-19.3537,-45.8286,36.1806,0.9490,18.0464,9.8674,33.7602,36.6902
147,0.043812,0.048560,0.422146,-0.332855,0.210010,-0.014496,-13.4802,-26.2245,-9.8141,-8.1212,-5.9632,-9.1039,31.6131,20.5710,8.5376,6.8943,25.6295,3.4276
148,-0.010279,-0.004100,0.415606,0.048184,-0.114728,-0.003073,-16.0530,-25.8888,-16.6230,-32.2999,-17.1235,-28.3815,16.1712,23.5223,18.2066,30.4226,22.4226,26.0963
149,-0.010484,0.060122,0.425597,-0.393556,-0.012976,-0.013917,-5.9888,-21.8777,-10.9715,-12.1647,-5.8635,-1.4141,4.8038,19.9075,10.6540,7.5212,29.0057,0.0698
150,0.023878,0.004390,0.407873,-0.045687,0.306619,-0.005850,-19.6301,-39.3135,-19.0267,-24.3621,-19.0126,-37.0155,17.2507,38.3722,20.8289,19.8544,25.8866,35.4217
151,-0.014824,-0.026423,0.411368,0.261314,-0.188845,-0.016119,-16.1493,-20.3051,-17.0914,-35.5958,-17.1747,-33.7167,12.7190,16.5623,33.9452,34.9914,2.3157,33.7808
152,-0.049748,-0.026592,0.411918,0.210309,-0.356479,-0.033120,-12.8549,-14.1039,-16.6323,-35.4900,-19.1630,-24.5825,27.2173,8.6059,37.5285,28.0852,36.4069,18.8738
153,0.047426,0.055576,0.406577,-0.482069,0.401983,-0.127265,-14.6962,-40.5627,-15.8405,-9.9125,-10.4639,-17.0249,0.1871,38.4196,30.4793,4.3002,32.9195,14.9639
154,0.032581,-0.031004,0.411651,0.277229,0.287943,0.050417,-17.2830,-23.6396,-13.2347,-17.4937,-17.1388,-37.6199,20.9959,20.8089,17.1903,13.0556,34.4411,33.8262
155,0.031716,-0.023017,0.416415,0.162607,0.235418,0.022573,-18.1775,-24.1596,-14.1724,-17.6563,-16.9880,-32.4433,34.4168,18.0161,32.7370,11.1509,39.3335,25.0808
156,0.003434,-0.010120,0.407233,0.118957,-0.116781,-0.003797,-20.1823,-31.4688,-20.0845,-39.8068,-20.0381,-37.6059,0.8460,28.9306,30.3851,39.8897,20.1897,36.9196
157,0.017697,0.067508,0.419551,-0.356331,0.076112,-0.008317,-13.7106,-27.1460,-15.6048,-14.4327,-6.8749,-8.6583,37.6752,16.9258,35.9680,9.3319,23.0350,4.3188
158,0.035312,-0.052505,0.420653,0.292624,0.288152,0.073623,-10.8181,-12.8824,-6.2580,-6.9446,-13.6345,-27.5588,2.1436,12.7256,20.7381,1.4164,38.4772,22.1562
159,-0.027342,0.008056,0.412469,-0.084263,-0.263604,0.020762,-16.8973,-27.4600,-19.5218,-37.2038,-17.3547,-23.1967,31.9187,21.6364,39.3101,33.6342,14.7895,18.9283
160,-0.042230,0.049121,0.405566,-0.478116,-0.377426,0.096920,-13.8890,-31.2437,-17.1826,-37.0723,-14.2350,-7.6371,35.3598,28.7702,3.7350,35.8511,25.0444,2.0892
161,-0.017965,-0.028085,0.409447,0.372145,-0.196316,-0.042158,-14.9505,-16.1058,-14.5585,-34.6811,-16.0435,-35.1892,14.5814,14.2257,3.1957,36.8088,5.0113,36.9587
162,-0.010740,-0.022242,0.415715,0.224247,-0.105571,-0.013247,-14.5925,-19.1360,-14.1385,-29.7313,-16.6990,-30.7441,15.1347,17.2493,9.9940,28.2167,24.1631,28.9388
163,-0.051814,0.011770,0.409873,-0.119560,-0.444233,0.013403,-13.3309,-22.2380,-17.2746,-39.3385,-17.6047,-16.3904,26.7063,18.7282,17.6311,35.2976,36.4720,10.7480
164,-0.024361,0.017024,0.409672,-0.201234,-0.283966,0.027992,-16.7480,-31.3758,-18.4465,-39.1521,-17.5484,-21.2029,20.1697,29.2792,18.8075,38.2912,21.2262,17.2974
165,0.042889,-0.043766,0.410917,0.404106,0.373327,0.082348,-14.4436,-18.3604,-11.5981,-11.0874,-14.1258,-38.3368,0.7111,15.5210,38.2815,6.5377,15.8039,38.0578
166,0.017366,0.008207,0.404717,-0.036850,0.305844,0.000297,-21.4944,-41.7519,-20.8256,-27.0757,-21.0756,-39.9170,32.7561,39.9423,12.3936,21.5232,33.9425,37.2488
167,0.055499,-0.030743,0.408626,0.296798,0.485261,0.072715,-15.6637,-23.2560,-10.5849,-8.2122,-12.9699,-37.4409,9.3530,21.7800,19.2425,5.8285,13.4431,37.0212
168,0.034680,-0.043049,0.413001,0.388468,0.301337,0.070182,-12.8115,-16.1835,-8.0953,-12.0301,-12.9539,-35.7191,2.4887,17.3499,0.1216,11.8007,14.6056,36.3094
169,0.032399,-0.066908,0.416361,0.374302,0.191220,0.043787,-13.3155,-10.7804,-5.0268,-11.5286,-14.7481,-29.9663,23.8485,10.1392,3.9115,9.2550,33.4328,22.3672
170,-0.015094,0.065060,0.399021,-0.641493,-0.135438,0.051849,-15.9981,-41.9747,-19.6954,-31.9706,-13.7716,-8.8636,27.0703,39.2462,25.9126,29.2016,18.4494,4.1343
171,0.068302,0.045321,0.413087,-0.322199,0.419153,-0.059853,-16.2598,-31.8843,-11.6372,-4.8444,-7.3541,-16.0885,27.5765,25.5119,21.0558,2.0859,28.7518,10.6397
172,0.077380,0.019262,0.406835,-0.143834,0.548591,-0.046939,-19.0909,-33.5527,-12.7997,-5.4467,-10.0800,-26.8881,32.8837,27.2747,27.6646,2.6084,18.9057,22.1787
173,0.051193,0.019568,0.407716,-0.194504,0.466341,-0.038738,-18.4088,-37.6972,-14.4662,-11.9038,-13.1814,-28.3140,28.6166,35.4586,14.3937,8.8927,19.6457,24.9976
174,0.004703,0.013745,0.425433,-0.090950,0.050515,-0.004476,-11.0312,-22.3136,-12.2098,-17.6749,-10.4226,-17.5927,8.3748,20.3536,19.7116,15.1464,14.3776,16.5631
175,-0.084185,-0.026434,0.420636,0.172659,-0.398650,-0.019348,-0.9765,-0.8793,-9.8264,-23.1762,-12.0993,-9.4901,6.2275,0.1811,27.5023,14.6177,19.9354,8.3695
176,0.038351,0.080580,0.405471,-0.553392,0.243604,-0.067998,-15.9683,-38.5140,-16.7167,-12.9090,-7.1434,-10.3485,30.3811,31.1525,30.4656,9.4767,17.9252,7.1359
177,-0.085141,-0.018713,0.409260,0.166966,-0.605961,-0.044286,-7.4012,-4.8505,-13.3114,-36.0446,-14.3323,-12.4994,37.5948,0.0149,23.5113,31.3529,11.8800,8.5755
178,0.013492,0.012059,0.417393,-0.096625,0.110608,-0.006535,-17.2569,-30.3627,-16.3547,-22.8774,-13.4876,-25.3630,36.2088,25.3777,29.8240,20.5764,2.2814,22.6223
179,0.034675,0.012148,0.408966,-0.137291,0.363592,-0.026258,-18.4351,-39.4246,-17.7408,-19.6055,-17.2471,-32.6092,9.0314,38.4740,25.8019,14.4065,31.4991,30.3077
180,0.019033,0.022489,0.407464,-0.255962,0.209588,-0.027312,-20.9930,-43.0044,-20.7309,-26.9190,-19.3907,-29.9010,31.1704,39.3900,32.5337,20.6794,34.1050,24.1931
181,-0.006530,0.034638,0.428105,-0.218801,-0.067494,0.011825,-10.0623,-19.1210,-11.4334,-16.5202,-8.2053,-7.7720,29.6256,13.7671,16.5214,12.8061,23.4945,3.2749
182,0.001036,-0.018493,0.409444,0.232206,0.028234,0.002095,-19.3594,-27.9969,-18.9586,-32.7451,-19.4589,-40.0589,24.0340,24.2367,23.5621,30.2427,16.7427,39.1740
183,-0.054339,0.065200,0.396697,-0.600017,-0.444275,0.160536,-10.3723,-30.5533,-19.0114,-37.3512,-10.6508,-1.6359,14.4079,27.4522,31.5144,35.8720,1.8741,0.9037
184,0.028301,-0.011276,0.409208,0.080624,0.315175,0.005822,-18.6462,-34.7554,-18.3544,-22.5906,-17.9052,-38.8066,8.1624,32.9096,38.8546,18.1517,12.5700,38.7235
185,-0.045546,0.055758,0.421469,-0.290110,-0.201290,0.021694,-7.1766,-19.2151,-16.4454,-20.9147,-9.4969,-4.3143,22.4117,11.9096,39.6568,11.1075,33.0282,1.6351
186,-0.108328,0.010671,0.402600,-0.028522,-0.710439,0.049262,-4.6943,-6.2984,-16.1284,-37.9004,-12.5923,-5.4794,32.3311,0.4256,33.3283,31.0410,9.6015,3.9350
187,-0.076578,-0.015997,0.408560,0.133508,-0.534373,-0.030484,-9.1845,-10.3039,-15.7884,-37.5611,-17.0333,-16.6083,26.3310,5.7664,32.1030,30.8375,27.2340,12.3022
188,-0.058507,0.066339,0.425982,-0.227951,-0.225831,0.034062,-1.1811,-10.1290,-13.8674,-14.6213,-3.1791,1.4694,9.1267,2.9844,39.4845,6.2071,8.8936,1.8085
189,0.010513,0.002981,0.410584,0.111772,0.082355,0.008684,-17.9719,-31.4940,-17.8389,-30.6906,-18.2718,-37.2856,2.3132,31.1001,0.7147,29.6747,35.2642,38.0238
190,-0.112150,-0.015663,0.399545,0.123914,-0.730835,-0.048860,-1.3714,-2.3414,-12.2509,-37.9184,-14.2538,-7.5748,2.2619,3.3200,15.1113,32.6328,18.3492,7.4926
191,0.056446,0.046293,0.422579,-0.288017,0.307979,-0.038497,-12.2627,-24.4452,-8.8399,-3.1630,-4.2189,-9.9263,20.3819,18.8252,15.0790,1.7221,21.7785,6.0379
192,-0.074214,0.008554,0.411483,-0.048609,-0.551003,0.027133,-8.3299,-12.3054,-14.9756,-36.0297,-13.0912,-10.1285,29.3042,7.9727,22.3472,32.4673,11.1234,7.5948
193,0.062179,-0.017173,0.414934,0.141575,0.415157,0.021894,-17.7076,-23.3994,-11.5739,-8.1549,-12.5453,-30.3721,30.7617,16.3414,36.9724,3.3167,27.1388,24.0944
194,0.080969,-0.006944,0.395657,0.075783,0.722575,0.024138,-19.4621,-33.1883,-10.4996,-2.2742,-11.0633,-36.4407,37.7939,30.9403,4.5955,1.8621,4.2349,34.4128
195,-0.000857,0.075392,0.422193,-0.413645,-0.016217,0.007978,-8.5083,-22.9733,-12.6919,-13.0062,-3.7540,-1.4820,20.7379,16.7261,19.0763,9.9916,14.5923,0.5079
196,0.018695,0.122783,0.403122,-0.645890,0.129543,-0.076451,-9.5327,-32.2999,-17.3381,-9.0587,-0.7631,1.0071,12.9622,22.6644,39.1133,3.9696,13.6312,1.0496
197,0.043305,-0.044043,0.406571,0.404646,0.369710,0.076798,-18.2923,-21.9570,-13.9652,-14.8955,-17.1927,-41.9964,22.1840,16.6601,38.6862,8.9594,26.8218,38.3751
198,-0.033290,-0.049366,0.417597,0.353423,-0.243460,-0.049605,-9.8424,-6.0728,-9.6204,-26.2660,-14.7756,-24.0503,22.6248,3.9795,14.9562,23.6933,15.3301,20.5441
199,0.069226,-0.012695,0.413735,0.130426,0.472988,0.013681,-16.8967,-23.5542,-10.8078,-5.4176,-10.4877,-29.9278,24.4423,17.1927,35.5164,2.0429,16.5317,25.8396
200,-0.013997,0.062708,0.415283,-0.484964,-0.100942,0.023091,-10.1651,-29.8265,-13.9927,-21.9857,-8.6907,-4.7131,13.9405,28.4515,6.4148,20.2277,19.8774,2.8600
201,-0.082662,0.012974,0.403810,-0.135818,-0.604915,0.014250,-7.1838,-15.8176,-15.9675,-39.9053,-16.3826,-9.4516,5.2949,15.1137,18.4789,34.3458,38.0528,6.3546
202,0.039191,-0.017592,0.427782,0.171366,0.176435,-0.001114,-12.9641,-12.0128,-8.1102,-8.4936,-7.7768,-20.8818,32.4867,4.4152,31.8501,6.5704,6.7809,16.3047
203,0.042950,0.055793,0.427347,-0.211062,0.152214,-0.014338,-12.2531,-18.2319,-10.6262,-5.8950,-2.1250,-7.3432,37.9049,6.6711,32.1744,3.8172,10.7576,3.5862
204,0.062776,0.016555,0.416327,-0.141679,0.447841,-0.025952,-15.0788,-28.8065,-10.6254,-5.1492,-9.7803,-21.9085,14.7789,25.2991,20.3007,1.5830,30.9016,17.4798
205,0.037295,0.014940,0.408015,-0.152360,0.382578,-0.021612,-19.9916,-39.4602,-17.3862,-18.4176,-17.0450,-31.9230,31.6953,36.5608,19.4972,13.1841,32.2278,27.2649
206,0.027898,-0.011148,0.411279,0.112593,0.293385,0.011660,-19.1780,-31.0585,-16.6423,-20.6740,-16.9676,-36.7436,31.9823,27.1070,25.5396,16.5466,17.3248,34.0315
207,0.007057,0.020619,0.422089,-0.160727,0.049475,-0.002198,-12.7637,-26.4332,-12.9338,-20.0264,-10.1626,-18.0877,16.6112,24.8548,13.7467,19.9378,1.0554,17.6527
208,-0.016719,0.026733,0.413863,-0.270082,-0.167123,0.020225,-13.3875,-30.5913,-17.2566,-31.2501,-13.8876,-16.6886,4.0114,29.1368,31.9846,29.3419,10.5936,15.5277
209,0.067027,-0.010202,0.411122,0.080195,0.493035,0.021355,-17.4150,-26.9413,-10.0779,-6.6406,-11.3622,-30.7588,27.6608,23.5365,13.9445,5.1308,17.3545,26.8090
210,0.038764,0.080140,0.403797,-0.641294,0.300732,-0.120221,-13.5289,-40.9401,-15.4151,-10.2434,-8.4204,-8.7531,6.4818,38.2382,19.7476,5.1929,38.6289,5.7040
211,-0.047200,0.045611,0.402012,-0.461298,-0.432623,0.099139,-10.7504,-29.3271,-18.2056,-38.2424,-13.1156,-6.9017,0.2983,28.1523,31.1797,36.6125,12.4349,5.7618
212,-0.040534,0.022793,0.414416,-0.219271,-0.339693,0.026001,-12.9647,-24.4696,-15.7607,-34.3631,-15.5844,-13.4838,29.1437,21.8440,7.9151,31.2404,34.0834,7.8800
213,-0.067462,-0.043523,0.409982,0.273005,-0.464847,-0.090563,-10.0977,-6.8009,-12.2500,-34.5443,-18.7896,-19.7839,37.2585,3.5279,17.3923,28.1384,37.9370,11.8513
214,0.026162,-0.025465,0.424986,0.185160,0.199879,0.021538,-10.0360,-14.9853,-6.8806,-10.6778,-9.5778,-24.4714,0.4095,15.8869,5.1175,10.9138,7.0206,24.6582
215,0.087911,0.071031,0.394541,-0.517650,0.565641,-0.169385,-19.3724,-41.1484,-15.2137,-2.6714,-5.6659,-17.4090,33.7923,31.9952,35.8290,0.0014,15.6960,13.6652
216,0.051156,-0.058851,0.408283,0.495298,0.353740,0.060428,-16.1014,-13.4702,-8.6257,-9.4138,-12.4887,-38.2217,26.9673,8.5321,28.7558,7.9590,2.8701,35.5122
217,-0.008680,-0.007166,0.422576,0.026154,-0.079916,-0.004360,-13.5394,-20.3294,-12.4704,-24.6041,-14.7242,-21.6831,27.3377,17.8371,8.5172,21.8293,28.8669,16.6741
218,-0.018304,-0.037682,0.421261,0.300702,-0.134591,-0.018204,-11.7195,-9.5577,-11.8686,-23.4659,-13.9668,-25.0908,28.4420,4.1108,33.9111,19.1755,11.6801,21.4673
219,-0.086009,-0.026548,0.406216,0.204908,-0.624711,-0.083884,-4.5664,-3.7112,-10.5043,-36.5783,-14.6095,-12.8005,6.9957,5.0133,2.9359,34.4937,18.3695,11.4511
220,0.068694,-0.031477,0.411630,0.208316,0.487360,0.071353,-16.2301,-22.1149,-8.1363,-4.9044,-12.9440,-31.9468,18.5441,19.5455,16.5771,1.5584,33.5549,26.0357
221,-0.050288,0.041358,0.427701,-0.137480,-0.239271,0.030567,-3.4390,-10.5131,-12.8537,-17.8868,-5.4139,-3.5704,11.1828,4.9080,34.0541,11.8833,4.7820,5.5502
222,-0.000305,0.056856,0.418146,-0.388382,0.004130,-0.004215,-10.5640,-28.9622,-14.4833,-18.6679,-7.3343,-8.7814,9.7369,26.0902,22.6831,16.9632,4.4819,9.2540
223,0.053113,-0.004862,0.405231,0.052733,0.509434,0.020399,-19.8977,-34.1514,-14.4504,-12.4569,-15.5878,-36.6326,36.0189,31.0726,13.3377,8.6162,24.1898,32.8084
224,0.027591,-0.035693,0.423454,0.213906,0.133082,0.008615,-14.7891,-14.2631,-9.1945,-13.7761,-13.1726,-25.3259,37.8365,8.2235,26.3190,9.6828,27.1788,17.3770
225,-0.000433,-0.008722,0.425190,0.044664,-0.004596,-0.000250,-12.3059,-18.5893,-11.4903,-19.9566,-13.0778,-20.9100,21.2381,15.8130,16.1764,16.5823,24.8283,16.7604
226,0.036016,0.112208,0.409934,-0.566051,0.219174,-0.099383,-7.9106,-28.2471,-13.3822,-3.1211,2.2863,0.5562,2.8267,20.6510,29.0756,1.3645,0.0851,3.6824
227,0.056769,-0.034473,0.411019,0.300756,0.400275,0.035443,-17.6975,-20.4798,-10.1645,-9.7151,-12.0795,-35.3724,35.2415,15.2219,22.7770,8.5732,5.0766,31.9864
228,-0.021490,0.008118,0.411525,-0.098482,-0.272815,0.012671,-16.0464,-28.6676,-16.9969,-38.4692,-16.7423,-23.6784,13.8354,27.8883,10.5229,39.6520,13.9753,21.7715
229,-0.002359,0.071500,0.411033,-0.519009,-0.020599,0.009395,-11.6452,-33.2390,-15.9922,-20.7462,-7.2323,-6.2753,15.9201,29.7414,23.7888,19.3036,2.5014,6.2254
230,0.017878,0.057137,0.410414,-0.465966,0.139047,-0.032073,-14.6751,-37.1978,-16.1713,-18.6871,-9.3226,-13.1451,21.2716,34.0155,25.3028,17.0174,3.6368,11.7910
231,-0.017246,0.014618,0.423210,-0.102402,-0.140625,0.009826,-11.8495,-21.1216,-13.5830,-24.8222,-11.8407,-15.8394,23.7018,17.7112,17.8403,22.5039,14.0671,13.1377
232,-0.013534,0.044245,0.413721,-0.389247,-0.107604,0.011608,-13.1373,-32.7608,-16.6695,-27.6247,-13.3390,-12.6069,11.9610,31.1993,18.7200,24.3038,27.5611,9.4661
233,0.056578,0.024768,0.426099,-0.183209,0.269487,-0.008115,-12.4225,-20.8677,-6.1849,-4.0211,-4.7472,-11.4948,25.7132,16.8210,2.5696,4.9717,16.8662,6.5687
234,0.070466,-0.053717,0.400990,0.419917,0.496702,0.112090,-19.8891,-21.0953,-9.6073,-8.0698,-16.1589,-41.0253,37.1955,16.0444,21.6921,4.0378,34.2089,33.3251
235,-0.012579,-0.012877,0.410478,0.092605,-0.192390,-0.002877,-18.1706,-27.4626,-19.0387,-38.4977,-18.6500,-32.2070,15.0248,23.9417,36.0581,37.5794,8.1489,30.5735
236,0.088640,-0.104636,0.384045,0.781979,0.509376,0.157867,-18.7697,-7.1562,-2.1457,-1.0507,-13.0879,-44.4256,38.8734,2.3671,18.9726,1.8197,10.6678,36.3653
237,0.062577,-0.066863,0.397387,0.582198,0.460253,0.108550,-17.9687,-15.0554,-6.9966,-7.4269,-13.5610,-43.2075,36.3028,11.8027,6.5662,7.6429,8.4276,39.6838
238,-0.023690,0.044853,0.407924,-0.444658,-0.235029,0.036911,-14.6838,-35.1318,-17.5468,-34.6782,-16.0566,-12.4481,16.0724,34.5604,6.8270,32.2012,39.7619,7.1857
239,0.079063,0.020580,0.415084,-0.136819,0.433469,-0.023049,-17.7131,-26.9736,-9.7073,-4.0669,-7.6045,-20.2646,38.4165,19.3080,21.0039,2.7735,22.6687,13.3570
240,0.050188,0.005759,0.405962,-0.100767,0.539686,-0.043312,-16.4202,-37.6175,-14.9781,-10.9536,-13.4516,-32.9254,2.3453,38.1547,26.7630,7.5504,7.2283,34.0662
241,0.008286,0.050274,0.411725,-0.472689,0.074508,-0.030273,-12.8526,-37.2095,-15.2821,-21.4450,-11.3892,-12.7031,0.7944,38.1317,13.8430,19.6586,19.3085,11.5046
242,0.055723,-0.034816,0.402893,0.349134,0.498087,0.059926,-19.0734,-24.6337,-11.8657,-10.1972,-13.6748,-41.3264,39.2490,20.3707,17.2158,8.6972,1.9637,39.5950
243,-0.037703,-0.048068,0.412553,0.343557,-0.274829,-0.057477,-11.4374,-9.5017,-11.6103,-30.8233,-18.3194,-26.8667,19.7852,7.9311,11.7046,26.5857,36.9574,21.6976
244,-0.002028,-0.000612,0.407778,-0.074482,-0.046429,0.002231,-21.4511,-38.0786,-21.6687,-38.2349,-21.3900,-34.2108,24.8462,34.8397,37.5816,35.1205,18.2616,30.2024
245,-0.084050,0.035967,0.399799,-0.341516,-0.646237,0.100031,-8.3305,-19.4201,-16.9991,-41.3212,-14.4246,-4.1374,22.4585,16.8962,14.6273,37.3104,27.5329,0.4841
246,-0.009424,-0.064819,0.409155,0.584180,-0.070735,-0.000509,-11.2681,-5.8414,-11.4220,-24.2814,-14.9240,-36.1557,3.3230,2.8910,35.4855,21.9851,0.4847,37.5198
247,0.029102,-0.020058,0.416420,0.180672,0.258142,0.026501,-15.3099,-23.3101,-11.4095,-16.2156,-14.0071,-32.4832,18.4562,22.3607,4.9691,14.8780,18.1208,30.8559
248,0.083095,-0.041593,0.399438,0.389444,0.629950,0.107762,-17.7091,-21.7106,-8.0847,-1.5732,-11.2707,-39.2947,22.7924,18.2119,20.1773,0.5200,8.5042,36.8068
249,-0.025715,-0.004708,0.436077,0.055373,-0.128936,-0.000478,-4.1435,-4.5383,-6.8694,-11.7763,-6.5130,-7.4069,16.5800,1.0097,21.1181,7.3000,11.6384,5.1766
250,0.012394,0.043138,0.417925,-0.316175,0.095427,-0.018521,-13.2718,-31.1348,-15.0459,-18.5719,-9.5061,-14.7594,16.2040,27.7864,25.7815,16.4208,7.1535,13.7872
251,-0.014173,0.021612,0.415801,-0.198326,-0.128110,0.012087,-15.1264,-29.9761,-17.5343,-30.6536,-15.3958,-19.7270,19.6606,26.7539,27.2494,27.2811,21.8985,16.2750
252,0.001527,0.055979,0.405421,-0.531736,0.012342,-0.013085,-15.6816,-41.0512,-19.0035,-26.6303,-13.5933,-13.4251,15.8115,38.6953,31.8998,22.7652,20.5228,9.9990
253,-0.017010,-0.085094,0.406114,0.558288,-0.121923,-0.049933,-12.1614,-4.1968,-7.3890,-24.4908,-19.0197,-33.0346,26.1231,3.6041,4.0831,20.9605,38.1748,25.8325
254,-0.058669,0.040913,0.405738,-0.399982,-0.514757,0.121001,-10.3265,-23.7224,-15.4923,-38.0946,-11.5857,-4.9053,25.4663,22.0468,5.5327,38.9820,4.8089,2.7900
255,-0.001493,0.014721,0.417734,-0.132476,-0.004543,-0.004483,-15.0319,-29.9593,-17.1290,-26.7196,-15.9452,-23.0768,9.9901,27.2075,30.5019,21.8416,31.2754,19.8446
256,-0.065124,-0.043645,0.405192,0.376667,-0.522058,-0.118406,-10.4898,-5.2253,-12.4176,-38.1101,-17.3194,-22.8654,31.2636,2.1452,12.6962,35.7971,18.7389,18.5975
257,0.001085,-0.012787,0.411881,0.112359,0.028488,0.000287,-19.1853,-30.3181,-19.0279,-31.9525,-18.8674,-36.1543,26.3338,26.5755,31.4805,29.0979,10.7156,34.3234
258,-0.074927,-0.033918,0.411687,0.264815,-0.535933,-0.076748,-6.9399,-2.8413,-10.9146,-33.4195,-14.1687,-15.2226,29.5535,0.1373,15.3286,30.2967,10.1359,11.9265
259,-0.010651,0.045809,0.420448,-0.301822,-0.096716,0.024987,-11.7672,-25.6780,-14.6006,-22.3179,-8.8552,-10.0538,25.9032,21.0102,20.7973,20.4312,7.5685,8.2471
260,-0.062347,-0.017382,0.408276,0.169401,-0.499837,-0.029109,-12.0544,-12.8950,-16.9847,-39.5331,-17.3234,-21.0207,29.4958,7.0998,35.9180,34.7026,19.0173,17.1584
261,-0.004533,-0.012460,0.414227,0.159753,-0.015519,-0.007164,-17.6242,-25.1320,-15.7815,-29.9779,-17.4371,-33.4261,35.7987,22.3231,2.2368,28.8260,19.5543,30.9002
262,-0.020270,0.059926,0.403247,-0.557226,-0.178082,0.076406,-15.6409,-37.7823,-19.1464,-32.0001,-12.3391,-9.1841,35.2011,33.5530,28.0789,30.3491,4.5687,5.4069
263,0.045135,-0.061268,0.418314,0.362687,0.281691,0.061410,-12.8369,-10.4763,-5.4735,-6.6265,-12.7649,-28.7729,19.0044,7.6267,23.7357,2.7461,28.3721,21.8442
264,-0.011046,-0.057469,0.411987,0.419113,-0.093038,-0.028678,-15.5619,-11.7820,-12.6229,-26.9820,-18.9945,-33.4870,37.9611,6.5215,25.4273,21.7235,33.3216,26.3304
265,-0.032215,-0.015836,0.415696,0.145110,-0.295003,-0.027670,-13.9455,-17.0287,-14.3549,-34.0074,-16.0156,-24.3354,30.6896,13.6821,11.4993,32.9424,15.6664,20.9762
266,0.023371,-0.084587,0.406440,0.574684,0.154039,0.050411,-13.0498,-6.9619,-5.1196,-14.4091,-16.2726,-36.5664,18.6994,7.2839,0.2227,12.7408,30.0139,31.1192
267,-0.044058,-0.030080,0.410779,0.271948,-0.361397,-0.037291,-10.9966,-12.1782,-14.8696,-35.3834,-17.4006,-25.7180,3.5586,9.8016,28.2794,31.5061,26.7788,24.0233
268,0.026990,0.062472,0.419877,-0.380931,0.220712,-0.066130,-10.2917,-28.4928,-13.4098,-8.5012,-6.1001,-9.0865,4.7531,23.8248,29.3581,3.4134,24.9947,8.1975
269,-0.025449,0.043650,0.400260,-0.542413,-0.309657,0.078907,-14.1499,-37.0839,-18.1109,-38.0807,-14.7451,-9.8415,3.0846,37.6786,24.4332,38.1973,13.3110,6.8423
270,0.005310,0.005119,0.412970,-0.043266,0.096250,-0.000087,-19.0258,-34.1190,-17.9605,-28.6675,-18.1156,-31.8797,33.6337,31.6944,12.1157,25.8269,22.0611,28.6008
271,0.027951,-0.008545,0.407315,0.078769,0.294424,0.010253,-20.1290,-37.0358,-19.9941,-25.7612,-19.9486,-41.0103,6.7261,34.7804,38.6032,20.4480,25.8093,39.9737
272,-0.030042,-0.071922,0.425546,0.333166,-0.080384,0.004941,-3.3108,0.0415,-3.6129,-12.2005,-13.2551,-17.2818,0.9461,2.4227,15.8197,5.3915,30.9874,12.3468
273,0.025073,0.066956,0.421264,-0.314844,0.087550,-0.003740,-12.8126,-24.4542,-13.6615,-12.3314,-3.5978,-8.1144,35.2702,14.7145,30.5619,10.9571,0.9829,6.6055
274,-0.022490,-0.009197,0.412836,0.116055,-0.217479,-0.015847,-16.6609,-23.9223,-16.4740,-36.6959,-16.8986,-29.8544,30.1849,21.5718,6.3231,37.7676,5.2947,28.6872
275,0.004128,-0.014116,0.416280,0.133388,0.058884,0.000650,-16.1650,-25.4877,-15.4587,-26.2934,-15.3917,-32.4096,20.9123,23.2840,20.6264,25.3241,1.3586,32.3138
276,0.027495,0.055089,0.421614,-0.308909,0.199940,-0.045337,-12.3808,-27.0530,-14.4005,-9.9518,-7.7087,-11.2555,20.4202,19.2655,37.6824,3.2078,32.2521,7.5015
277,0.025857,0.127809,0.389510,-0.795365,0.137183,-0.046790,-13.5112,-40.4202,-18.6025,-13.1284,-1.3835,0.6519,28.3672,30.8749,34.5258,11.2883,0.3495,0.0654
278,-0.006833,0.074750,0.403565,-0.598292,-0.052578,0.018312,-13.2170,-37.8598,-18.6394,-24.8541,-9.0342,-6.8030,17.6722,33.8064,36.0874,22.4097,1.3023,6.0969
279,-0.097828,-0.036541,0.403136,0.256388,-0.612639,-0.088088,-4.1858,-2.6449,-12.1728,-36.2744,-17.1512,-14.1852,10.9847,2.4948,19.8058,29.1874,30.8486,10.9710
280,0.073248,-0.003291,0.409181,0.004305,0.564609,0.020277,-16.8934,-29.6038,-9.9823,-4.2332,-11.8421,-29.6862,16.8537,27.5127,13.0944,1.2665,31.2039,25.2168
281,0.014956,-0.083706,0.410748,0.571093,0.123452,0.056026,-10.7605,-4.6553,-6.2118,-13.4045,-15.1815,-34.1463,7.9361,3.8504,23.0115,9.4411,22.2703,30.3581
282,-0.022579,-0.007431,0.431478,0.096073,-0.132603,-0.001456,-7.7730,-7.9678,-10.1108,-16.4272,-9.2686,-12.9410,26.8212,1.8854,32.6225,10.8829,14.4418,9.3990
283,0.058105,0.007992,0.413957,-0.081569,0.392291,-0.003671,-18.7156,-30.4116,-12.0834,-10.7080,-12.3725,-26.3331,39.4280,25.2527,15.1810,7.9920,28.2205,19.6101
284,-0.045146,-0.004367,0.414451,0.043682,-0.391856,-0.005673,-12.9709,-17.3166,-15.5671,-36.0358,-15.4973,-19.4791,31.7762,12.9602,20.5640,33.8787,14.1669,15.8440
285,-0.027317,0.071404,0.412934,-0.471170,-0.136793,0.014504,-10.3608,-29.4492,-18.0899,-23.5487,-10.5679,-5.0784,18.7174,23.7136,33.2458,15.8234,35.3894,1.9474
286,-0.002116,0.010242,0.426202,-0.040088,0.004622,-0.001029,-10.6813,-19.8371,-12.7789,-18.5869,-10.4012,-17.7540,10.8635,16.4835,27.9382,15.2301,11.5176,16.8642
287,-0.066876,0.010623,0.414826,-0.081321,-0.467364,0.018874,-9.8692,-14.6047,-15.5127,-33.6992,-14.6052,-10.6883,38.9234,8.9028,24.9127,27.4513,27.7213,5.0159
288,-0.005856,-0.005103,0.406245,0.217649,-0.030956,-0.007084,-20.9969,-29.8396,-20.4210,-36.8805,-21.2787,-41.1422,33.9736,25.3626,3.4061,34.0953,39.7098,38.8572
289,0.009044,-0.088742,0.399145,0.709214,0.055695,0.001667,-15.3960,-5.2775,-9.2664,-21.0854,-17.8292,-42.1035,32.4322,0.9224,22.7290,18.1956,17.7465,37.4236
290,-0.055719,-0.053475,0.405161,0.431272,-0.441917,-0.126643,-11.7983,-5.5465,-11.8402,-36.5179,-18.7102,-26.3133,34.4781,2.5445,9.4476,33.6206,27.9523,20.4940
291,0.057438,0.027128,0.404611,-0.271497,0.513782,-0.056413,-18.3052,-38.8561,-13.0689,-9.0516,-11.0132,-25.9713,35.0275,37.2059,5.4834,8.1266,8.4575,23.2180
292,-0.015676,0.021607,0.417624,-0.206971,-0.148297,0.013904,-12.5373,-27.6386,-15.1491,-29.0201,-13.0780,-16.9624,6.4484,27.1843,16.8273,28.2706,11.4193,16.0667
293,0.039456,-0.099809,0.400099,0.737683,0.276379,0.127765,-11.3642,-2.4837,-4.0424,-7.3073,-14.0933,-39.6851,3.3597,1.9058,25.2631,4.6107,13.5502,36.9678
294,0.011805,0.067591,0.422411,-0.337397,0.079393,-0.021912,-9.2101,-24.0187,-13.4102,-11.5916,-3.4792,-6.5334,12.2307,17.7789,30.1892,9.1272,1.7742,8.0185
295,-0.035672,0.001877,0.413154,-0.027167,-0.347706,0.009703,-15.4913,-23.0578,-16.2663,-38.0337,-15.6595,-21.7135,38.3968,19.6183,11.0527,38.7474,2.9558,18.6656
296,0.000265,0.009468,0.413003,-0.131720,0.048163,-0.001088,-17.6597,-35.3606,-17.4119,-29.7674,-16.9104,-28.5239,24.4935,35.0497,11.6215,28.7914,8.9348,26.8645
297,-0.047218,-0.038757,0.406147,0.413267,-0.455508,-0.096468,-10.7453,-6.8087,-12.3446,-37.8333,-15.1628,-26.7473,11.2441,5.2185,8.6607,39.5823,3.1180,27.3299
298,0.034721,0.073767,0.414849,-0.509669,0.243599,-0.074214,-10.2104,-31.7427,-11.7101,-7.2868,-4.2140,-5.8365,3.2304,29.4666,11.5116,5.6219,17.8510,5.6857
299,0.008027,-0.000405,0.406876,-0.035109,-0.054457,0.000536,-21.0113,-37.7221,-20.6211,-39.2635,-20.7374,-35.9017,1.3384,36.7072,28.0281,39.0526,22.4837,34.2048
300,0.015192,0.025847,0.413517,-0.238753,0.132864,-0.008409,-18.9710,-36.5060,-17.6999,-24.3121,-16.1014,-24.1686,39.5420,32.0148,20.8997,19.9681,29.2992,18.1405
301,-0.005749,0.001727,0.413435,-0.015403,-0.003759,0.000334,-17.3931,-31.9591,-17.0689,-31.7284,-17.0788,-31.1592,24.6549,31.7351,4.3463,31.8431,6.9274,30.6888
302,0.006771,-0.011293,0.408906,0.205115,0.165877,0.014692,-19.0550,-29.8661,-17.6397,-27.6227,-18.6087,-40.4204,33.2916,27.5603,2.8933,25.2386,19.8054,39.9441
303,-0.061108,0.002345,0.405764,-0.025360,-0.549036,0.001569,-13.4856,-18.8848,-17.5309,-42.9896,-17.8228,-17.6784,31.7350,14.4195,20.4608,39.9524,27.2723,12.4844
304,-0.005672,0.032826,0.408497,-0.366397,-0.103049,0.007245,-16.8922,-38.5801,-18.9706,-33.8369,-17.5015,-19.6210,7.4090,37.8975,23.1823,30.9830,33.8298,15.3035
305,-0.027949,-0.045062,0.412294,0.400285,-0.222780,-0.030061,-12.0754,-10.1596,-13.7548,-30.6475,-16.6207,-30.6356,11.8790,6.5886,32.1598,27.1830,14.9664,29.3371
306,-0.012171,0.029713,0.409904,-0.316049,-0.147470,0.013308,-16.4022,-35.7569,-19.3312,-34.3466,-17.3494,-19.4581,10.1616,33.6492,30.6352,30.6036,32.0397,15.1532
307,-0.093741,0.056032,0.400157,-0.409043,-0.596240,0.134030,-3.2968,-17.1660,-17.2708,-35.4277,-9.7379,1.3990,2.7001,14.8177,28.3367,30.0862,11.3660,0.5677
308,-0.038836,-0.008480,0.415411,0.073903,-0.299854,-0.007218,-11.9224,-18.2782,-16.2384,-33.6487,-16.8507,-22.0126,9.2630,15.1484,31.6679,28.6395,29.6314,19.1820
309,0.012199,-0.002559,0.421094,0.019934,0.100033,0.001162,-14.9232,-24.6067,-13.9445,-20.6210,-14.2236,-25.6389,20.9445,21.2445,22.5953,16.9986,23.1546,22.2175
310,0.053529,-0.046753,0.414783,0.378027,0.328427,0.034431,-15.5450,-13.7651,-8.0742,-8.2719,-10.7957,-32.8214,29.1872,8.1202,28.8465,7.1593,3.1914,29.2214
311,-0.031087,-0.025690,0.418162,0.240423,-0.245578,-0.016989,-11.2260,-12.2514,-13.7791,-29.5188,-14.0894,-24.5198,16.0312,8.3806,31.9578,26.9890,3.9677,23.8291
312,-0.023331,-0.016490,0.412993,0.185789,-0.262128,-0.023316,-14.5193,-19.2442,-15.4231,-35.8220,-16.3545,-28.6757,12.1354,17.1607,14.6432,36.2067,12.0387,28.1420
313,0.001242,-0.034779,0.408226,0.372792,-0.004564,0.008126,-18.1915,-21.3024,-17.8323,-31.1883,-20.2553,-40.6682,17.3182,16.0956,33.6952,26.2005,33.8838,37.9831
314,0.002420,-0.036298,0.424676,0.169130,0.019404,0.003515,-11.2258,-13.7739,-7.8754,-17.2851,-14.3970,-22.5606,18.5074,13.4779,3.8769,13.9172,36.1351,16.4046
315,-0.004438,-0.029204,0.407321,0.362558,-0.122047,-0.009528,-17.0447,-20.2022,-17.7155,-35.1822,-19.1381,-38.9242,1.5567,16.3231,29.7563,32.9702,28.1432,38.6707
316,-0.025330,0.033714,0.424443,-0.171603,-0.173935,0.024684,-9.3318,-18.7915,-13.9732,-22.2783,-8.5302,-9.9866,21.4273,13.5477,27.7302,19.0883,5.9670,9.2041
317,0.036907,0.019838,0.405582,-0.201031,0.408763,-0.025489,-20.4856,-41.9081,-17.5508,-18.4786,-17.5784,-32.0405,35.5749,39.8081,11.3139,13.2984,35.6953,27.0259
318,-0.131709,-0.029027,0.387975,0.214520,-0.863032,-0.154945,-0.4749,1.4050,-10.6152,-41.5670,-16.8660,-6.0972,11.7620,1.2996,1.3949,35.6266,30.3514,2.9160
319,-0.010431,0.008914,0.407252,-0.134561,-0.205411,0.012133,-19.9791,-35.4775,-20.8004,-41.3054,-20.4757,-28.5884,15.4059,32.5413,30.6899,39.4292,28.9225,24.0603
320,-0.024112,-0.011079,0.408947,0.101905,-0.289029,-0.007541,-18.2003,-25.3247,-19.9350,-40.9208,-19.6882,-30.4703,22.8827,19.8220,39.3368,38.0487,20.5527,26.7887
321,0.047907,-0.082329,0.397619,0.656213,0.329044,0.091204,-16.9522,-10.4101,-6.5838,-11.0906,-15.5560,-43.2854,33.1710,7.4587,8.9137,10.1409,17.8186,38.3308
322,-0.009281,0.002058,0.411533,-0.013876,-0.099705,-0.000285,-20.2670,-32.0872,-20.6113,-36.2144,-20.9024,-31.3683,35.1769,26.4232,30.2934,30.9346,38.5727,25.1182
323,-0.019408,-0.011235,0.422323,0.107862,-0.147241,-0.001711,-10.2947,-16.2553,-12.7170,-25.6749,-12.5624,-21.8269,3.3791,14.9029,22.5318,24.1434,6.4000,22.3014
324,-0.055640,-0.032764,0.410866,0.277603,-0.435712,-0.061646,-8.3785,-7.9948,-12.0643,-34.5880,-15.8589,-21.4874,3.5232,7.7429,12.6080,32.4326,21.9498,20.2706
325,0.073790,0.047074,0.397310,-0.453857,0.599128,-0.132976,-17.7778,-41.9417,-12.7280,-3.8259,-7.9363,-21.2675,26.5439,39.7561,11.3756,3.2406,6.7122,19.2442
326,0.035067,0.088845,0.399982,-0.624011,0.222830,-0.067320,-16.7536,-41.4051,-18.2390,-14.8036,-7.0357,-9.5331,34.6510,33.3752,35.3001,11.5665,11.2174,6.6772
327,-0.002493,-0.079549,0.406253,0.564352,0.000034,0.014401,-14.0486,-8.1119,-10.7936,-22.6884,-19.7499,-37.4396,22.9884,4.5656,29.9231,16.0301,39.0634,30.8805
328,0.067446,-0.024928,0.419218,0.216227,0.445629,0.032679,-12.0445,-15.5667,-5.6233,-0.6868,-6.5803,-26.1452,5.6929,13.0814,20.3524,0.9182,0.7616,25.5104
329,-0.022685,0.038045,0.426369,-0.239747,-0.085218,-0.000039,-8.1892,-19.9706,-13.4220,-17.5869,-9.8901,-7.5227,16.7431,15.4517,26.7911,10.1744,34.5803,3.9321
330,0.042577,-0.012124,0.418150,0.060832,0.363005,0.036037,-13.5389,-25.0408,-9.4851,-10.1498,-13.4281,-27.9795,1.8352,26.1835,2.4342,7.0895,38.4283,24.8861
331,0.077379,-0.043228,0.411899,0.274957,0.444885,0.059533,-16.2957,-16.6716,-4.1577,-3.0937,-9.8898,-30.0155,32.0746,13.9144,1.7888,4.6489,14.5194,23.7481
332,0.056195,0.026986,0.418223,-0.170404,0.360563,-0.035028,-15.6916,-28.1582,-12.1488,-7.6256,-8.7870,-19.7116,25.7849,21.7488,28.4900,4.1426,23.3146,15.1798
333,0.055110,-0.033054,0.403260,0.312574,0.480080,0.086959,-20.1585,-27.5838,-14.3723,-13.0896,-18.0791,-42.5053,28.8293,22.6972,29.1973,6.6617,38.7050,37.1827
334,-0.105483,0.014938,0.401589,-0.080828,-0.741452,0.069139,-4.9458,-7.1319,-15.4439,-39.0685,-11.6798,-4.1126,32.3553,2.0674,25.0014,34.6155,3.4497,3.0293
335,-0.037316,0.009089,0.430329,-0.053347,-0.179589,0.003438,-6.9187,-11.0829,-11.4096,-17.7938,-10.5387,-8.3361,27.3202,5.5323,30.1208,9.5259,31.9335,3.1086
336,-0.031685,-0.029027,0.408033,0.306335,-0.323472,-0.048449,-16.8580,-17.2807,-17.3826,-39.7351,-18.1039,-32.6360,34.2677,11.6372,27.4983,39.0325,3.8158,30.5400
337,0.078033,-0.002420,0.421751,-0.041603,0.359881,0.012496,-15.2594,-19.4456,-4.2584,-2.1387,-6.4515,-17.2366,35.9833,14.8810,0.5874,3.9004,20.9264,9.1935
338,0.036719,0.042251,0.422882,-0.235860,0.184603,-0.017875,-13.5366,-25.0703,-11.5598,-10.6354,-5.9135,-12.9422,29.9110,18.5231,20.5745,9.7221,8.0447,10.1485
339,-0.005663,-0.003134,0.420523,0.013842,-0.037128,-0.000594,-15.5003,-23.6273,-15.8118,-25.6575,-16.6216,-24.3461,30.2116,18.2933,30.0470,19.4677,36.5655,18.1757
340,0.008316,0.008881,0.411903,-0.138415,0.132033,-0.008877,-18.7248,-36.8798,-18.2814,-27.3442,-17.0870,-29.7297,30.7986,34.8886,24.0249,24.6845,7.5340,27.1938
341,0.076675,-0.115937,0.387636,0.747083,0.432311,0.185613,-16.5164,-5.7901,-1.0958,-2.4158,-16.1693,-41.8707,27.9054,4.0830,15.7292,0.1733,33.7972,31.2149
342,-0.057547,0.008051,0.419286,-0.016955,-0.430122,0.021003,-8.6690,-11.4776,-13.5332,-30.4763,-11.0231,-10.7418,33.4696,6.1963,22.6505,27.6981,3.9111,8.4882
343,0.035932,0.054209,0.413478,-0.427268,0.276697,-0.067411,-12.5950,-34.5233,-12.7993,-10.8693,-6.6995,-12.9241,7.3768,33.3478,14.6873,10.4076,4.1640,13.3259
344,0.048413,0.023598,0.414840,-0.199249,0.392939,-0.041691,-15.6680,-33.0032,-13.7634,-10.3029,-11.9337,-23.1981,12.1214,29.8416,25.9989,5.3414,32.6845,19.5390
345,-0.007922,0.016004,0.412087,-0.154561,-0.042419,0.005806,-18.3902,-35.5219,-18.0461,-33.4279,-18.0487,-27.4985,30.9423,34.6594,1.5218,32.3953,22.0941,24.2897
346,0.064089,0.022675,0.424227,-0.118485,0.356241,-0.025724,-11.8983,-20.5307,-6.8014,-1.5217,-3.5881,-14.6623,15.4902,16.2188,13.2820,2.3965,5.6961,12.7887
347,0.015984,-0.001921,0.412939,0.029668,0.146522,0.003936,-18.4810,-32.8863,-18.4821,-27.0565,-18.8542,-34.4150,10.6565,30.1378,29.6368,22.1235,34.9400,31.6322
348,0.028360,0.001744,0.409914,-0.016196,0.330163,-0.001098,-19.3285,-35.6023,-16.9241,-20.3391,-16.9777,-34.7915,32.6813,33.1443,16.6253,16.4627,19.7382,32.0275
349,-0.026274,0.000217,0.414716,0.005862,-0.252851,-0.006296,-16.3154,-24.1833,-16.1170,-35.7045,-17.0297,-24.4724,37.5612,20.9363,5.0635,34.8982,20.8243,20.1306
350,0.004826,-0.002326,0.407774,0.194039,-0.021168,0.000582,-19.2674,-29.4853,-19.2446,-35.4931,-19.5596,-39.5608,5.4108,27.0514,7.1136,34.4359,38.6801,39.6619
351,0.086397,-0.077595,0.400069,0.534778,0.479538,0.105185,-18.1149,-11.4567,-3.8641,-1.9588,-12.0962,-37.2397,37.4541,5.9717,22.1775,1.4776,17.4340,28.6421
352,0.025200,0.056370,0.410494,-0.486102,0.204131,-0.048315,-14.6112,-38.3460,-14.9285,-16.3522,-10.3829,-13.4455,16.1513,36.8905,12.4708,13.9427,22.7724,10.5980
353,-0.001991,0.009205,0.416535,-0.106993,-0.013361,0.001723,-15.8028,-30.6945,-16.0045,-28.5174,-15.1951,-25.1356,18.1691,29.8185,14.1144,27.7909,9.8182,23.6820
354,-0.022030,-0.035727,0.407038,0.380973,-0.236924,-0.041310,-17.1992,-17.1149,-17.6607,-37.7386,-18.9390,-36.5350,25.9782,11.3324,33.0325,35.7251,11.8105,34.7666
355,-0.024407,-0.045567,0.417178,0.331724,-0.201509,-0.048188,-11.6075,-9.1047,-9.7991,-26.8684,-15.3831,-26.0760,25.8854,7.4004,5.4532,25.4717,19.2559,22.1116
356,0.064365,0.037828,0.407999,-0.350929,0.522770,-0.090566,-15.5421,-37.4666,-12.8749,-5.2320,-10.6862,-20.9244,4.9325,35.7572,18.9481,0.3975,39.8689,17.2196
357,-0.056362,0.041364,0.429854,-0.147857,-0.256701,0.029019,-2.0390,-7.7043,-11.4442,-15.5984,-4.9034,-0.2427,15.9928,1.9735,29.7668,8.4720,11.9064,0.7838
358,0.024887,0.001274,0.424136,-0.033958,0.209260,0.002251,-11.4553,-23.2255,-9.6634,-12.9330,-10.9144,-21.4754,1.4160,24.0678,4.4167,11.4688,22.2153,20.1904
359,-0.024783,0.067938,0.422098,-0.313662,-0.178777,0.051808,-8.5999,-19.0106,-14.8295,-19.2785,-4.5881,-2.9424,30.7065,10.2543,31.2433,15.7835,2.8176,2.7261
360,0.052819,0.032042,0.401571,-0.344731,0.501250,-0.105188,-18.6470,-42.5474,-16.4888,-11.3905,-11.7976,-26.2272,28.5090,39.5849,31.4405,8.1887,1.3950,24.5645
361,-0.023212,0.016005,0.410624,-0.225036,-0.271630,0.037532,-15.0902,-30.3756,-17.7132,-36.9939,-15.4447,-18.9725,11.4681,28.8767,29.4447,36.9690,4.0480,17.0759
362,-0.016735,0.011578,0.433896,-0.065825,-0.121452,0.005247,-7.0206,-10.2791,-8.3851,-14.0487,-7.2158,-6.8775,26.6194,5.6502,16.4264,10.2686,18.0709,2.7662
363,-0.006045,0.051223,0.427140,-0.266028,-0.058331,0.015166,-8.1358,-19.0999,-11.4464,-14.8832,-4.5353,-5.2967,18.3475,14.2352,17.5866,13.4390,3.2360,5.3304
364,-0.050363,0.017026,0.430923,-0.114342,-0.225776,0.005165,-2.3532,-9.1084,-9.0066,-16.3417,-7.7726,-3.2329,6.2886,8.1476,14.0438,10.4912,21.4746,2.1507
365,0.068497,0.007510,0.417446,-0.083609,0.429070,-0.005964,-16.5492,-26.2667,-10.1377,-4.8685,-10.5791,-22.1138,27.9844,20.2192,25.4946,0.2881,39.3886,14.2841
366,-0.003477,-0.015524,0.413366,0.200385,-0.039586,-0.004278,-15.9761,-24.3818,-15.8060,-31.3783,-16.2396,-34.7887,9.4806,23.6625,9.6517,32.3613,4.8722,36.5477
367,-0.002774,0.013646,0.405565,-0.068116,-0.013011,0.000456,-22.3221,-40.8878,-22.4526,-39.7042,-22.2627,-37.3486,26.5784,38.8616,8.7219,37.4089,34.9982,34.5340
368,0.016837,-0.026006,0.421311,0.168774,0.078185,-0.000361,-15.4604,-18.2088,-10.1343,-19.0657,-13.8601,-26.9689,38.5014,14.7599,5.3463,17.9348,20.3413,21.2645
369,-0.060349,0.052338,0.406005,-0.441949,-0.464705,0.113109,-7.8701,-23.6446,-16.1741,-34.6267,-10.1755,-2.4313,9.9328,22.0307,17.7275,33.2379,7.0624,2.3789
370,0.075936,-0.122095,0.381338,0.887387,0.452690,0.226270,-13.4639,-1.1325,1.8269,0.8180,-13.2923,-43.6362,11.1358,2.7806,1.8172,0.4837,14.5639,38.1416
371,0.021209,-0.049383,0.414413,0.371274,0.166123,0.039211,-14.2631,-15.2594,-9.4721,-17.1355,-15.8872,-34.3577,17.1342,14.1150,7.7135,14.4405,30.2128,30.5006
372,0.074687,-0.004382,0.410683,0.032691,0.588570,0.016346,-14.0289,-26.4836,-7.3001,-0.7216,-8.2236,-27.9431,4.7072,26.9336,3.6780,1.1563,9.5328,27.6259
373,-0.061787,0.026470,0.409740,-0.201168,-0.462076,0.055256,-11.9775,-21.3240,-18.6643,-37.4378,-15.3866,-11.6699,34.6712,14.9819,33.4557,31.3936,26.4907,6.7450
374,0.009823,-0.001896,0.413020,0.083983,0.094850,0.006491,-17.0458,-30.6234,-16.7919,-28.5289,-17.3122,-34.9735,4.6265,30.5503,7.1638,27.4999,23.9276,35.4986
375,0.062763,0.005746,0.401111,-0.065036,0.598042,-0.032843,-20.0980,-37.4725,-14.8751,-9.0803,-13.2030,-34.5498,38.0717,33.6852,23.3654,5.9187,6.6339,32.0698
376,-0.025800,0.050507,0.406223,-0.521866,-0.249159,0.067008,-13.0023,-34.7449,-16.3025,-33.2053,-12.7695,-8.2115,14.3113,35.1985,6.8432,33.5105,14.2879,5.4918
377,0.043682,-0.070284,0.413451,0.474423,0.303914,0.091771,-10.8472,-8.4506,-3.3309,-6.0664,-11.9216,-32.2485,2.2671,9.9361,4.6201,5.4684,17.4023,29.5803
378,-0.004640,0.073406,0.403353,-0.613621,-0.024495,-0.020853,-12.2827,-39.1329,-18.7571,-24.2345,-10.4513,-7.2475,2.1311,36.9104,36.8738,20.0322,16.3152,6.4536
379,-0.082772,0.037499,0.409318,-0.248406,-0.570773,0.101096,-5.4138,-13.5212,-15.2182,-33.9032,-9.4135,-2.2664,21.7107,9.5475,21.4963,30.7082,2.6905,2.5077
380,-0.018408,0.015167,0.406952,-0.249936,-0.267968,0.035801,-17.4371,-34.3000,-19.3914,-40.1412,-17.9024,-21.6243,11.6948,32.4942,33.7312,39.4392,13.7670,18.0427
381,-0.053218,-0.049505,0.405729,0.464492,-0.445687,-0.099031,-9.2220,-3.6823,-11.6746,-35.6610,-15.6661,-26.1860,10.1987,2.0551,15.9537,35.0343,7.7498,25.9647
382,-0.078771,-0.021783,0.409226,0.199952,-0.618459,-0.062474,-7.0118,-4.0694,-11.3904,-36.5812,-12.9212,-13.1056,29.5909,1.5935,9.3280,35.9507,0.1177,11.2868
383,-0.008124,-0.032984,0.409819,0.387214,-0.040178,-0.024074,-16.8931,-18.2100,-14.7041,-30.1086,-16.9211,-38.2977,35.1420,14.8367,3.5693,30.1714,7.2669,37.9225
384,-0.093662,-0.033904,0.416445,0.190532,-0.458463,-0.039392,0.0955,0.2019,-8.8900,-25.1521,-13.1382,-9.0368,1.0497,1.3777,19.0227,17.0367,23.4041,7.8252
385,-0.015592,-0.013310,0.408781,0.230131,-0.168037,-0.026521,-18.7584,-24.2300,-18.2078,-37.7680,-19.7463,-36.0733,29.5261,20.1673,7.0254,36.3810,30.7972,33.4802
386,-0.071461,0.034244,0.410661,-0.279740,-0.497154,0.061265,-7.0554,-18.0195,-15.1326,-33.9531,-12.3191,-4.6486,16.8900,15.9975,14.3634,29.7801,23.2607,2.3602
387,-0.140216,-0.028650,0.391579,0.182111,-0.780742,-0.096013,2.2242,2.0548,-11.4326,-36.8735,-16.3126,-5.1110,1.8276,0.6906,16.1616,27.0304,31.6487,3.6433
388,-0.038643,-0.044638,0.403968,0.470672,-0.366258,-0.101652,-13.3324,-8.7265,-13.2860,-37.4781,-17.9608,-32.0224,20.0182,6.0120,6.2875,37.1693,22.3936,30.0628
389,0.032204,-0.022145,0.421668,0.194960,0.256327,0.022142,-13.3296,-18.2732,-11.4647,-11.6296,-12.1088,-28.1887,11.8219,13.7168,38.3052,6.7111,18.3133,25.6946
390,-0.024589,-0.057298,0.414492,0.456173,-0.180249,-0.038241,-11.5157,-5.8254,-11.3291,-25.9292,-15.3736,-29.2726,25.5121,1.2003,32.3945,22.1857,9.3671,26.2636
391,-0.048593,-0.037653,0.414107,0.286132,-0.315758,-0.034833,-11.1157,-9.9572,-14.6743,-31.5309,-17.8587,-24.3691,25.1730,4.8928,38.5078,24.0524,30.0364,19.3974
392,0.014922,-0.019895,0.419546,0.194206,0.088025,-0.002964,-16.6743,-19.9947,-14.2832,-21.0641,-13.8560,-30.0716,38.6899,12.8973,36.1884,17.9201,5.7735,26.4683
393,-0.065402,-0.055770,0.408633,0.384947,-0.437875,-0.102027,-5.9502,-2.1153,-8.6423,-31.6496,-16.7911,-20.7138,4.5334,4.2086,2.1686,28.3568,30.5768,17.7075
394,0.049989,0.116275,0.391607,-0.825411,0.307703,-0.137997,-12.0750,-41.1952,-13.8868,-4.9792,-0.7355,0.1886,10.4928,36.8567,11.9429,4.7320,11.0476,0.3983
395,-0.029024,0.027989,0.419603,-0.211735,-0.226255,0.028463,-10.0926,-22.7659,-14.4268,-27.6281,-10.7844,-11.9622,10.7669,20.9171,19.3503,26.3050,6.1398,11.6649
396,-0.060574,-0.006414,0.410246,0.050840,-0.447084,-0.011488,-12.0152,-16.7761,-17.6663,-38.1348,-18.3975,-19.2398,24.8206,11.7222,35.1604,31.0697,36.4516,13.9604
397,-0.003586,-0.008203,0.420901,0.057428,0.010617,0.003133,-13.8103,-22.6553,-15.4038,-23.6679,-16.4811,-25.6396,12.2532,18.9524,34.3007,16.8100,38.1207,21.4163
398,-0.044657,-0.030835,0.408876,0.306884,-0.412862,-0.067898,-14.5619,-12.4084,-15.3789,-38.7780,-17.0769,-27.4187,39.1035,6.9175,21.4381,37.7290,6.8162,24.1121
399,-0.033377,0.012985,0.415280,-0.139010,-0.299611,0.007573,-14.7762,-24.7440,-15.5685,-34.7359,-16.9878,-17.7061,35.6864,21.9530,2.1260,32.0041,38.3917,11.0274
400,-0.038676,-0.045730,0.423515,0.233907,-0.233221,-0.038433,-6.4086,-5.1361,-6.6390,-21.7106,-13.6071,-17.0303,12.9919,6.3369,2.8038,18.4508,25.5921,12.7014
401,-0.029258,-0.004589,0.418006,0.032529,-0.253956,-0.007939,-13.8076,-19.8062,-14.8394,-32.0599,-15.8140,-21.4519,29.9845,16.2363,15.2052,29.4755,22.8183,17.1034
402,-0.020602,0.011629,0.418133,-0.095376,-0.161269,0.006618,-14.0882,-25.2954,-16.9241,-30.1056,-15.7430,-20.3812,19.9891,21.3104,29.5595,25.3872,27.7873,16.4871
403,-0.013448,-0.004254,0.412697,0.060888,-0.141826,-0.007107,-18.5320,-27.7137,-18.6296,-35.6697,-19.6852,-30.8552,30.1570,23.3030,19.9739,32.0923,34.6854,25.9980
404,0.017871,0.011497,0.425595,-0.080779,0.121541,-0.004623,-12.0259,-22.3973,-10.8884,-14.8337,-9.6965,-18.2201,15.6069,20.1126,13.6855,13.3498,13.2942,16.2555
405,-0.101450,0.018628,0.396365,-0.177687,-0.777716,0.078154,-5.8703,-11.4800,-15.6542,-43.0171,-13.4881,-4.2412,21.3976,9.1027,15.4111,39.9912,13.3844,2.5521
406,0.031782,-0.090235,0.404346,0.611540,0.219680,0.086543,-14.2330,-7.4702,-7.0709,-12.4221,-17.3088,-38.6584,20.4776,4.6389,28.5693,7.0621,32.9611,31.6998
407,-0.027887,-0.010710,0.435509,0.032976,-0.173327,-0.006433,-4.9298,-4.5617,-5.9447,-13.2091,-7.7578,-6.2484,25.3528,1.4568,13.1625,8.9757,19.1557,1.2936
408,0.037945,-0.064700,0.403798,0.559354,0.292045,0.063474,-16.4060,-13.2364,-8.3908,-13.6166,-14.8141,-41.4931,30.9034,10.6008,6.0436,13.1480,11.7392,38.8016
409,-0.042596,0.042519,0.405802,-0.421258,-0.390161,0.075462,-11.0603,-29.0090,-17.2883,-36.6722,-13.3818,-8.2461,2.9999,28.3196,22.4808,35.2194,17.2396,6.5467
410,-0.004670,0.040511,0.416476,-0.336528,-0.036105,0.004242,-12.6066,-31.1568,-15.7102,-24.0688,-10.8867,-13.6775,10.8885,29.3116,24.1258,22.3765,6.8793,12.9611
411,0.037433,-0.015214,0.415073,0.140420,0.343275,0.030118,-15.4383,-26.4668,-13.6878,-14.4613,-14.9969,-33.4585,3.1487,24.4917,28.9942,9.5528,28.2701,31.8327
412,-0.008401,-0.021808,0.410756,0.223283,-0.081175,-0.010116,-19.6833,-25.2910,-19.4049,-34.7630,-20.1030,-36.8670,36.4522,18.7934,35.7378,30.4886,21.2796,32.8472
413,0.014656,-0.063142,0.419480,0.362187,0.038363,-0.011294,-12.9288,-8.1790,-5.3296,-15.9179,-13.8091,-27.0122,34.2009,6.4039,1.3434,15.2650,21.6769,19.7806
414,0.072937,0.018573,0.407865,-0.172398,0.608202,-0.061357,-14.5841,-33.1732,-10.5498,-1.7831,-8.5045,-25.3923,0.4413,32.7467,16.3936,0.0570,13.8924,25.3388
415,-0.048021,0.019219,0.410209,-0.154239,-0.404807,0.046888,-14.4522,-24.0843,-19.5239,-38.6276,-16.1954,-16.5668,34.4658,17.4118,39.1882,33.9474,18.5521,12.0004
416,-0.034311,0.056932,0.399075,-0.578816,-0.325379,0.082512,-14.1341,-36.9158,-19.7437,-37.8439,-15.3343,-7.9286,14.2694,34.9879,25.7401,34.6363,29.7456,3.2462
417,0.023362,-0.024017,0.419512,0.146655,0.142630,0.010747,-16.8799,-21.2865,-11.8597,-18.6289,-15.6462,-28.8546,38.4714,16.6775,15.6627,14.8377,33.2350,21.5633
418,-0.002129,-0.041311,0.414911,0.393593,-0.021570,0.008473,-12.7546,-13.8382,-13.4953,-25.0278,-14.6231,-34.2843,0.8858,11.0882,35.9513,23.1290,0.7017,36.0432
419,0.065301,-0.022729,0.410220,0.192632,0.497638,0.046986,-16.7320,-24.2841,-9.5481,-6.3530,-11.8041,-33.4611,21.9258,21.4944,15.4883,4.6974,15.8465,30.4348
420,0.005200,-0.026463,0.411796,0.255956,0.062508,0.000190,-19.6199,-25.0497,-18.3040,-28.8573,-18.6141,-38.3306,39.8284,18.2445,39.6192,24.4632,11.3724,35.0020
421,-0.015181,0.040051,0.414114,-0.399732,-0.148097,0.027456,-11.0977,-31.1555,-14.1459,-27.6867,-10.7608,-10.5385,0.6620,32.9863,7.5384,28.9405,3.7987,10.7258
422,-0.027443,0.042014,0.421516,-0.327886,-0.161319,0.011813,-8.0382,-23.4350,-12.8677,-22.3169,-10.1273,-6.5131,6.6253,22.8939,8.4033,18.7504,27.8225,4.5727
423,0.069775,0.037700,0.404818,-0.298205,0.498537,-0.076422,-19.3079,-37.4324,-13.9246,-7.5984,-9.0217,-23.2564,39.7116,31.2994,23.5813,6.0480,8.6856,19.3206
424,0.028465,-0.043013,0.412841,0.410275,0.257192,0.049120,-14.0118,-16.8679,-11.6718,-15.4047,-13.4330,-37.7131,5.1194,14.5623,30.0756,13.4200,0.8654,39.2129
425,0.000238,-0.013096,0.408304,0.081770,-0.009710,-0.000014,-21.0447,-34.2970,-21.1187,-36.8582,-21.0157,-38.5456,22.5604,30.7658,38.2302,34.1124,11.7745,36.3883
426,-0.029173,0.011322,0.424181,-0.071446,-0.215645,0.011689,-8.0504,-16.9110,-11.7759,-24.8028,-9.7766,-13.2649,3.7380,16.4663,13.2277,24.4323,1.6145,14.3386
427,0.021708,0.011147,0.430190,-0.124718,0.068808,0.004857,-11.4853,-17.9918,-7.4461,-11.6526,-8.1809,-11.5045,30.8027,14.6021,2.1658,10.6812,24.0186,5.2711
428,-0.013744,-0.047150,0.401825,0.501996,-0.132401,-0.039439,-19.6843,-17.1001,-18.3559,-36.2834,-21.9059,-43.0232,39.0153,9.5199,31.2080,31.4286,32.7440,38.4183
429,0.080798,0.054290,0.396803,-0.509904,0.607439,-0.134140,-18.0581,-42.4028,-12.4195,-2.4714,-8.7333,-19.1453,22.3770,39.6004,9.4794,0.0763,31.8425,14.3267
430,0.066885,0.022763,0.406955,-0.209283,0.498310,-0.033161,-19.6266,-36.2535,-12.9047,-8.6778,-11.8190,-26.1915,39.6335,31.8031,12.2574,6.2671,25.6444,20.2077
431,0.001051,0.015147,0.426386,-0.112163,-0.008445,0.002670,-10.5107,-20.9555,-10.4418,-18.4245,-8.9477,-15.1274,13.8839,20.1383,4.6783,18.8875,4.5168,14.5385
432,-0.072420,0.025503,0.425517,-0.116372,-0.375210,0.029210,-1.4820,-6.7247,-10.7651,-20.8040,-7.0303,-1.0123,13.0458,3.8994,19.5534,14.9211,11.1494,1.3443
433,0.060844,0.038061,0.404531,-0.367087,0.489536,-0.062168,-19.0518,-40.8770,-14.0456,-9.6379,-12.7778,-23.2304,30.8961,38.0222,9.0972,5.7776,39.1156,16.8673
434,0.001758,-0.021448,0.411690,0.219400,0.025715,0.001636,-18.5807,-26.4058,-18.2416,-30.9389,-18.5609,-37.8035,24.1111,22.1213,32.0639,28.0036,11.8379,36.4343
435,-0.086533,0.051873,0.417376,-0.245988,-0.367611,0.040839,-1.1898,-12.0003,-15.7250,-22.5647,-8.5769,0.2369,8.2221,7.2350,38.4421,11.3401,26.1895,0.6598
436,0.010286,0.012934,0.408584,-0.159189,0.082669,-0.009314,-21.1112,-40.7308,-21.5172,-32.8706,-21.0720,-32.4803,19.8189,37.4812,34.7023,27.3765,38.3553,27.3966
437,-0.003213,-0.015506,0.423077,0.136312,-0.044790,-0.005557,-13.2335,-17.1151,-12.2710,-22.6783,-12.7645,-24.1925,26.7433,13.2266,20.4895,21.0202,7.4248,21.7331
438,-0.030224,-0.001501,0.434375,0.016804,-0.154320,-0.000085,-3.1667,-6.4552,-6.4621,-13.8345,-6.3671,-7.3247,4.0489,6.2150,8.9568,11.6144,6.0861,7.4613
439,-0.021512,0.018801,0.415257,-0.180166,-0.201335,0.016956,-16.3051,-28.8627,-16.7780,-33.3515,-16.6473,-19.6263,37.2789,25.4344,8.7399,30.7916,30.6982,13.6704
440,0.009347,0.039096,0.410828,-0.364371,0.086398,-0.027863,-16.7604,-38.7564,-19.2385,-25.3228,-15.2414,-19.8803,15.7079,35.2788,38.5473,19.8865,26.8950,16.0570
441,0.041116,0.021548,0.410390,-0.223052,0.389429,-0.063499,-16.4850,-37.9778,-16.6944,-14.8268,-13.6597,-27.0322,3.9696,36.1010,37.8817,9.8453,18.8107,25.8821
442,0.025097,0.050801,0.415557,-0.363019,0.187875,-0.042253,-14.0101,-33.2716,-15.2528,-15.2936,-8.9465,-14.6503,17.4684,29.0089,28.2548,12.3246,12.2794,13.0991
443,-0.036058,-0.060010,0.404350,0.545034,-0.302761,-0.086530,-13.3452,-6.2112,-13.3206,-34.2254,-18.0771,-33.6239,27.6741,1.4954,25.8628,31.5656,14.2129,30.7570
444,-0.076345,-0.013366,0.409264,0.115115,-0.588151,-0.036636,-5.8369,-7.4021,-11.9223,-36.5552,-13.4459,-12.6662,6.5028,7.5569,8.5960,35.3848,10.9083,12.3885
445,-0.016963,0.027346,0.424444,-0.215345,-0.120051,0.009968,-8.7141,-21.7088,-11.4288,-21.5774,-9.3429,-10.5693,5.6050,21.9089,4.5038,20.9267,12.2552,10.2116
446,-0.001974,-0.025429,0.407588,0.327576,-0.019985,-0.004152,-19.4575,-24.1126,-18.5962,-33.5371,-20.3634,-41.1316,27.4042,19.0517,21.2578,30.0566,30.3886,38.7553
447,-0.006810,-0.069420,0.401268,0.622820,-0.051279,0.014306,-14.6496,-9.6342,-14.1594,-28.1396,-20.2617,-41.9767,9.3124,5.4134,36.8170,22.0658,35.0168,39.3040
448,-0.001652,0.025722,0.421284,-0.202464,-0.000564,-0.004474,-11.8294,-27.0861,-14.2598,-21.8447,-11.3750,-16.5657,6.0079,25.6901,21.1576,19.5052,14.0638,15.8249
449,-0.032257,0.000393,0.422227,-0.001093,-0.226511,0.000565,-10.4288,-16.9705,-13.5219,-27.1362,-13.3967,-16.9158,17.9668,14.0481,21.3701,23.3478,20.3088,14.1393
450,0.042781,-0.080275,0.408499,0.536195,0.248872,0.054722,-13.9378,-7.6142,-3.5650,-9.6124,-13.3548,-34.9284,26.0678,6.7958,0.4414,10.1303,16.1440,29.4338
451,-0.022845,0.066697,0.397555,-0.680953,-0.209717,0.079013,-14.9828,-41.0249,-18.6534,-33.8231,-13.6795,-6.2009,24.5330,39.8642,13.4773,32.2474,22.1362,1.3182
452,0.070285,0.010057,0.405850,-0.069895,0.560545,-0.041070,-19.1808,-34.1417,-14.3437,-7.3213,-11.5931,-31.0144,29.0748,28.2952,35.5431,3.4522,13.5906,27.8085
453,0.059914,-0.016311,0.412597,0.118245,0.494213,0.054766,-14.7318,-25.6194,-8.7708,-6.0666,-12.4132,-31.1393,6.0347,26.1376,3.8554,3.8755,29.8684,28.5628
454,-0.038353,-0.020191,0.412314,0.193831,-0.351434,-0.035646,-13.9685,-16.0125,-15.5213,-36.7488,-17.1066,-25.6620,26.2875,12.0427,20.1538,34.7766,18.1404,22.4604
455,0.028137,0.035922,0.412284,-0.314671,0.234657,-0.033223,-17.1977,-36.8374,-15.9483,-18.0859,-11.7940,-20.7848,32.2517,33.1968,22.5482,15.9528,7.6767,17.8255
456,0.012470,0.002100,0.412309,-0.011653,0.176665,-0.000415,-16.6082,-34.6050,-16.4815,-26.3559,-16.5037,-34.0067,3.4463,36.6979,5.2405,26.1750,9.7465,35.8962
457,0.006444,-0.014600,0.411523,0.179458,0.019190,0.008819,-18.2662,-27.7039,-18.7759,-31.4941,-19.8345,-37.0173,5.7911,24.0317,32.9318,26.9025,37.9230,34.6970
458,0.021638,0.083367,0.402330,-0.678046,0.139536,-0.012346,-14.9461,-40.6941,-14.7666,-16.6037,-7.3061,-5.6378,32.1979,37.7671,3.2120,16.5213,13.9261,2.1271
459,0.056144,0.003459,0.401065,-0.025068,0.616997,0.003094,-18.4430,-38.0266,-14.5828,-9.6868,-15.1645,-36.8736,18.2799,37.9448,10.2952,5.5784,23.8537,35.7044
460,-0.002428,0.050854,0.415921,-0.411333,-0.001032,-0.010667,-12.4063,-32.5308,-15.5833,-21.8530,-11.6903,-11.1559,11.5458,30.5813,17.4385,17.7121,31.4063,7.9975
461,-0.022262,0.005488,0.409733,-0.082568,-0.292964,0.013393,-16.9119,-28.9149,-18.8470,-40.0284,-18.1976,-24.7468,12.6838,26.1134,28.7191,38.8101,21.0285,21.5675
462,-0.004725,0.026680,0.415131,-0.253739,-0.044874,0.003627,-16.1425,-33.4410,-16.9769,-28.8910,-16.1842,-20.2648,22.1078,31.4676,13.1075,25.5354,34.5175,15.4688
463,-0.018199,0.042893,0.404893,-0.466143,-0.204902,0.033881,-14.2751,-36.8286,-19.2960,-34.4347,-15.0256,-12.9558,0.5058,35.6415,38.7259,31.5799,18.7927,10.3205
464,0.034555,0.037225,0.410895,-0.331096,0.304914,-0.062047,-17.0022,-38.9611,-17.3648,-16.6524,-14.0933,-22.3284,14.2463,35.4982,33.2230,10.4381,35.4145,18.2385
465,-0.011880,-0.020785,0.411492,0.296573,-0.144316,-0.023711,-15.1577,-19.2962,-14.9109,-33.5343,-16.0631,-34.5992,9.4559,18.1303,2.7673,35.3545,9.2088,36.4114
466,0.049617,-0.056982,0.403571,0.485106,0.400761,0.125571,-15.9221,-17.3628,-8.2788,-10.3993,-16.1023,-41.0713,15.6672,16.9377,2.6659,7.7106,34.3561,37.4557
467,-0.064521,0.007558,0.410117,-0.044630,-0.538325,0.033525,-11.1529,-15.4791,-16.3111,-38.7317,-13.8947,-13.5001,35.1046,10.1017,25.6187,36.5948,4.9766,10.6667
468,-0.016495,-0.048070,0.428098,0.313053,-0.059472,0.002274,-5.0968,-2.7332,-5.6514,-13.5414,-9.9512,-18.9972,0.6936,2.8571,18.6981,10.5491,7.3845,18.3144
469,0.006743,0.019700,0.426101,-0.100098,0.051391,-0.005162,-10.6774,-21.4374,-12.1341,-16.5200,-8.3495,-16.2421,10.6111,18.4392,23.6634,15.0936,1.2253,16.6167
470,-0.026619,-0.026199,0.406299,0.345695,-0.284191,-0.063068,-16.7348,-17.0362,-16.2122,-38.8005,-19.2775,-34.4973,26.1520,13.1766,4.6582,38.0064,31.5854,31.7726
471,0.012985,0.005445,0.432703,-0.085877,0.059415,0.000677,-9.8135,-15.0916,-7.7616,-10.1860,-8.8349,-10.6308,26.2352,10.9666,14.5924,5.8928,32.8054,3.8163
472,-0.053469,0.036941,0.406468,-0.303628,-0.431044,0.082174,-13.9724,-26.7184,-20.4350,-39.0812,-15.5671,-12.0054,35.6517,19.7961,39.1598,33.7058,22.3118,7.0787
473,0.006885,-0.055490,0.415955,0.347164,0.030175,-0.000603,-14.6472,-13.0704,-9.1380,-20.7261,-17.2755,-31.1071,32.0009,10.8718,6.0052,17.3671,37.6421,23.6616
474,-0.075289,-0.013512,0.405870,0.099917,-0.549389,-0.036826,-9.3777,-12.6355,-16.0788,-39.7062,-18.4073,-17.2404,15.0402,9.9124,26.5776,33.2176,38.4637,12.8530
475,0.046580,0.020175,0.410666,-0.192743,0.421180,-0.046924,-17.0602,-36.6668,-15.3775,-12.8976,-13.4185,-27.2704,13.2816,34.3469,27.1580,8.3471,24.6656,24.7395
476,0.064558,-0.034545,0.406535,0.317674,0.532139,0.089972,-16.3370,-23.0353,-10.3280,-6.1517,-13.3600,-37.9216,10.5841,20.5353,25.4534,2.5739,20.8460,35.8461
477,0.015069,-0.030634,0.415579,0.267371,0.147050,0.035143,-14.8065,-20.9204,-14.0619,-21.0859,-17.2823,-34.6925,3.7042,18.6163,28.3674,15.6316,36.1279,32.2483
478,-0.006975,0.037700,0.415664,-0.302449,-0.039567,-0.005633,-13.0377,-31.6494,-17.7765,-25.5790,-12.7623,-15.9391,5.0153,28.5730,39.8990,21.0859,16.6332,14.7539
479,-0.001503,0.054696,0.412937,-0.420125,0.023729,-0.026819,-13.7664,-35.1362,-18.5934,-23.0406,-13.2553,-13.3095,11.9927,30.8606,37.0333,15.8952,37.3733,9.5599
480,0.002930,0.000864,0.415311,-0.008131,0.027750,-0.000615,-18.5355,-30.4383,-18.9768,-28.9785,-18.1807,-30.0161,29.2569,24.7962,39.0041,23.3684,27.3360,25.2792
481,-0.007440,-0.014979,0.411362,0.142463,-0.057307,-0.004908,-18.8289,-28.4358,-18.7207,-34.7207,-18.7014,-35.8298,27.7790,25.0540,25.5153,33.3388,5.5536,34.6320
482,0.041703,-0.026137,0.408255,0.268166,0.396969,0.059756,-17.8972,-26.7252,-14.0583,-15.2377,-16.5763,-39.9014,18.5832,23.9741,21.1712,10.8415,26.9606,37.7418
483,-0.014939,-0.034712,0.419250,0.263578,-0.068321,0.006086,-11.1680,-14.1174,-12.9488,-24.0372,-16.2742,-27.8071,3.1266,12.0174,31.0805,18.2365,30.6499,25.4079
484,0.053755,0.009968,0.403850,-0.110179,0.529064,-0.033342,-19.8333,-38.3137,-15.5208,-11.8744,-14.1271,-33.1419,36.4754,35.1141,20.9574,8.3331,11.9630,30.2339
485,0.004502,0.009403,0.412115,-0.123267,0.038495,-0.003287,-18.3671,-36.1696,-18.6178,-31.2325,-18.2161,-29.7679,14.9047,35.0975,21.3055,28.9136,21.4421,27.3453
486,-0.001600,-0.016567,0.413366,0.155420,-0.023585,-0.000357,-18.0680,-26.5516,-18.4006,-31.6529,-18.2891,-34.6257,21.6656,21.9978,37.2308,28.3033,13.7536,32.5738
487,0.036190,-0.064832,0.419311,0.323429,0.226497,0.055579,-12.5915,-10.8552,-4.9965,-8.6175,-14.4843,-27.3074,20.8958,9.4514,15.1377,4.1149,39.9236,18.4492
488,-0.000321,-0.003934,0.424648,0.007713,0.011938,0.000399,-12.5511,-20.4612,-12.4853,-20.1243,-13.7439,-20.8620,18.9958,17.4753,20.2919,15.4989,30.8792,16.3669
489,-0.013290,-0.015619,0.406358,0.297447,-0.119763,-0.026181,-19.6691,-24.5600,-18.9338,-37.6943,-20.1773,-39.9359,33.8492,19.9750,4.9615,36.2864,28.7940,38.2323
490,-0.000611,-0.007727,0.421232,0.060185,-0.008177,-0.001002,-13.5980,-21.9668,-12.4018,-23.8988,-14.1949,-25.0940,17.1012,21.1732,3.6501,22.8980,20.3869,22.8968
491,0.043029,0.093358,0.406652,-0.575787,0.298545,-0.133274,-10.7689,-34.6208,-14.8036,-5.6976,-2.1107,-5.8059,1.5248,29.0482,33.1608,2.8714,6.4875,8.2228
492,-0.037868,-0.031310,0.409610,0.306765,-0.351163,-0.044070,-11.8918,-12.5145,-14.7420,-36.1880,-17.3222,-27.8057,2.6263,10.2908,23.7299,33.8572,24.2422,26.7108
493,0.041641,0.018388,0.404088,-0.221113,0.431216,-0.065048,-20.4004,-41.5719,-18.4918,-16.6444,-14.7310,-30.8301,39.6322,37.0011,39.7778,12.1238,1.4216,27.9831
494,-0.014333,-0.036858,0.423291,0.265754,-0.079502,-0.005185,-10.2356,-10.1011,-10.5536,-20.5989,-13.5913,-23.8874,16.4679,6.9571,27.6233,16.1846,17.7067,20.8440
495,-0.026699,-0.037539,0.401490,0.471885,-0.265908,-0.081469,-18.4112,-15.4708,-17.2440,-39.8332,-20.5293,-39.3751,38.2271,9.4772,11.4527,38.2082,28.3438,36.1090
496,0.013702,0.054960,0.412505,-0.490997,0.122813,-0.038492,-13.0095,-37.1115,-14.5431,-18.6446,-11.4443,-11.7394,5.5112,37.5454,6.2081,15.7140,34.1629,8.7758
497,-0.035890,-0.019069,0.408984,0.233304,-0.390263,-0.052494,-13.1969,-15.3510,-14.6535,-38.8128,-17.0083,-26.8439,7.4556,13.8333,6.8732,39.2173,24.5076,25.6377
498,0.053059,0.029748,0.410041,-0.237030,0.397550,-0.048177,-19.2405,-36.5333,-15.8130,-12.6544,-12.4772,-24.8777,35.9634,30.2062,30.8321,8.0954,25.2317,19.4584
499,-0.016712,0.021737,0.409393,-0.249733,-0.152148,0.024357,-19.3014,-36.7189,-19.5850,-37.2017,-18.7577,-23.8485,39.7751,33.8584,14.0023,35.1847,22.5933,18.2999
500,0.052753,0.047120,0.404855,-0.440396,0.444727,-0.099647,-17.0469,-41.7717,-15.2487,-10.4785,-11.6807,-20.4474,15.5998,39.6464,19.6807,6.1604,31.6804,16.7133
501,0.001785,-0.012036,0.410013,0.109628,-0.019924,0.000247,-19.5554,-31.5330,-19.7084,-35.2779,-19.6769,-37.2272,13.6346,28.6956,31.9267,33.3774,14.7408,36.0935
502,0.003191,0.020971,0.413300,-0.208033,0.031920,-0.002936,-18.5131,-35.8809,-19.0018,-29.0314,-17.4809,-25.0748,29.7705,31.8934,28.1944,24.3774,29.2360,19.8970
503,0.034958,-0.041388,0.425143,0.309439,0.239873,0.034689,-9.8217,-9.0241,-6.1323,-5.9560,-8.8059,-24.7993,6.5827,6.1400,28.6851,3.4887,7.1913,23.0655
504,-0.024224,0.030051,0.419727,-0.226857,-0.186089,0.023874,-10.5024,-24.0600,-14.6794,-26.6871,-10.8337,-12.4138,10.4573,22.0670,20.9965,25.0332,7.4978,11.9891
505,0.049904,-0.047543,0.404593,0.417054,0.409442,0.097776,-18.0604,-21.1930,-11.2327,-12.4115,-16.8114,-41.5758,25.3975,17.9663,17.3509,8.2368,32.3860,37.0886
506,0.009361,-0.039038,0.421044,0.315283,0.042674,-0.002390,-13.6985,-12.3047,-10.9515,-18.5691,-13.0511,-28.6841,29.8282,6.7330,31.3433,15.6626,7.8753,25.1814
507,0.064839,-0.021331,0.407344,0.163366,0.484311,0.048774,-19.9918,-27.8808,-11.6552,-9.8690,-14.9633,-35.6507,39.6990,23.1081,16.0638,6.3362,31.5088,28.8721
508,-0.048736,0.049966,0.399869,-0.490630,-0.431659,0.121899,-15.4380,-32.9499,-20.6055,-41.2674,-15.9175,-9.1499,38.7480,27.6417,27.1179,37.7644,24.4538,2.9585
509,-0.060417,0.067532,0.413034,-0.384594,-0.349909,0.081673,-5.6059,-19.7433,-16.7250,-26.4005,-7.1114,-0.6675,13.1802,14.4590,32.3096,21.1145,7.7792,2.2348
510,-0.004684,0.036411,0.425791,-0.255282,-0.057959,0.012520,-10.9656,-22.0025,-11.9094,-18.0299,-9.0408,-8.7550,28.8863,17.5935,12.0869,14.9478,24.5621,4.1842
511,0.003475,0.102828,0.412203,-0.588387,0.057817,-0.044387,-6.7060,-28.5104,-14.1566,-10.2643,-1.6972,2.0198,1.6231,23.7813,22.0704,6.6811,13.2569,0.4373
512,-0.030494,0.022380,0.410619,-0.220771,-0.303048,0.021044,-15.3391,-29.5755,-18.2496,-37.7396,-17.8626,-18.4439,17.9634,27.0911,17.8129,34.3781,39.2766,13.2107
513,0.038988,-0.070568,0.402568,0.588523,0.297553,0.090299,-16.9390,-13.5575,-10.7612,-14.2033,-17.0565,-43.1898,24.1531,8.7318,33.6057,9.4142,23.7353,38.8726
514,0.016666,-0.043787,0.424524,0.330840,0.096328,0.009248,-10.9600,-8.3074,-7.8448,-12.4905,-10.5241,-25.4547,19.4635,4.0601,29.2504,10.0275,5.3456,22.7515
515,0.075029,0.011207,0.415350,-0.075114,0.432084,-0.013703,-17.7410,-26.4384,-9.9236,-5.1419,-8.7204,-22.7626,37.1472,19.3816,21.7457,3.5218,21.8228,16.1870
516,-0.041439,-0.002467,0.414315,0.024479,-0.390237,-0.004699,-12.2395,-18.0957,-14.5129,-36.2616,-14.6598,-19.3029,19.8590,16.1622,10.5773,36.5029,9.6936,17.5319
517,-0.035367,-0.054033,0.405628,0.518949,-0.314068,-0.083659,-11.2330,-5.6880,-11.5777,-33.4760,-16.6187,-31.7305,9.8999,4.1441,10.3342,33.0789,15.4531,31.2695
518,0.055332,-0.022959,0.422930,0.179864,0.335301,0.020181,-12.9064,-15.2501,-6.9995,-4.6235,-8.2695,-24.2941,17.6360,10.8354,24.7402,3.0972,10.8258,20.8789
519,0.073800,0.003888,0.412965,-0.046913,0.510106,-0.002580,-16.4673,-27.8906,-9.5484,-3.7882,-9.9695,-25.6050,21.1236,24.2002,16.9091,1.4585,26.3616,20.7037
520,-0.014807,0.080678,0.411379,-0.561384,-0.083392,0.013856,-9.4913,-30.9998,-15.6352,-20.3361,-7.3679,-1.8865,12.4968,27.6932,17.6502,16.6614,21.6059,0.7656
521,0.052576,0.022257,0.409548,-0.193652,0.446357,-0.055392,-17.8614,-36.4429,-15.5342,-11.5533,-12.4612,-27.1031,21.4631,32.3084,32.4909,7.1326,18.9523,24.2132
522,-0.012550,-0.001814,0.408458,0.114839,-0.169122,-0.013427,-19.7029,-29.2365,-19.6451,-39.8122,-20.1766,-35.1505,23.9291,25.7469,9.2981,38.7985,31.7313,32.7008
523,-0.125785,-0.008558,0.394304,0.077831,-0.747155,-0.016896,-2.1780,-4.5153,-16.2437,-39.8698,-16.6087,-7.9420,11.7760,2.2232,36.2506,29.2502,30.4555,6.1778
524,0.053238,0.009415,0.412714,-0.090709,0.432738,-0.014378,-17.5854,-32.7184,-14.0313,-11.0040,-13.8899,-28.2790,20.1135,28.8341,26.5117,5.5572,36.3838,23.2818
525,0.012906,-0.010644,0.416331,0.104071,0.137374,0.004532,-16.4428,-26.9599,-15.2544,-23.4554,-15.4485,-32.3341,20.2169,24.6838,20.0777,21.4407,10.0443,31.3766
526,0.007190,0.004670,0.411314,-0.006715,0.051818,0.000546,-19.0353,-34.6465,-19.0089,-32.1409,-19.2806,-34.2974,11.4657,33.2040,15.3668,29.6496,32.2746,32.4019
527,-0.075957,-0.052990,0.419101,0.241663,-0.359451,-0.051821,-3.3081,-0.5295,-8.0467,-22.8669,-15.7228,-12.4826,19.7422,0.2708,21.9889,13.0910,38.0901,5.7968
528,-0.028334,-0.079559,0.403903,0.614208,-0.166929,-0.013987,-10.4304,-3.3997,-11.5830,-27.0200,-19.0424,-35.0993,6.1887,0.8523,37.2829,20.2374,29.7152,32.1616
529,0.012314,-0.027920,0.407351,0.301959,0.129507,0.019959,-21.1560,-27.7000,-19.8931,-29.5840,-21.3664,-43.3014,32.9920,20.8910,39.9018,23.0531,32.8620,39.1429
530,0.058154,0.109858,0.398642,-0.629459,0.328392,-0.134297,-13.7730,-36.4373,-15.9108,-4.7724,-0.2131,-5.1209,21.0382,26.4454,37.3181,3.0578,1.5090,6.2693
531,0.015367,-0.033593,0.418097,0.304989,0.136202,0.020531,-13.0227,-16.7449,-11.1910,-18.3958,-13.1809,-32.4938,7.2290,15.3738,18.9330,17.3022,5.1039,33.1491
532,-0.035038,-0.048391,0.400415,0.512883,-0.341156,-0.090684,-14.0937,-9.5801,-14.7025,-38.3884,-19.9914,-35.1524,12.5502,6.3156,14.5376,35.9068,37.5608,32.5135
533,0.004656,0.053394,0.426638,-0.302300,0.081889,-0.025690,-9.0437,-22.1875,-13.0081,-10.5559,-7.3529,-6.5222,17.0985,15.7470,31.5503,2.9038,36.5008,2.8141
534,-0.014275,-0.009905,0.408993,0.214895,-0.137849,-0.018577,-17.8309,-25.8847,-17.7987,-37.6711,-17.8247,-36.9799,20.0630,24.3165,0.3878,39.5518,7.5248,38.6170
535,-0.079603,-0.000997,0.418518,0.085967,-0.446632,0.016850,-2.4845,-5.0018,-12.9090,-27.3340,-9.9422,-9.4285,2.8982,2.3311,34.8056,21.5475,1.5892,11.8827
536,0.012455,0.036130,0.427420,-0.150877,0.071438,-0.009116,-10.6062,-20.1702,-12.4691,-13.0222,-6.2232,-12.3479,19.7061,13.6546,31.8007,10.0820,5.5135,11.6178
537,0.023807,-0.001568,0.409217,-0.021310,0.321705,-0.008329,-18.3532,-36.9224,-17.5770,-21.9110,-17.0977,-35.8472,18.4278,36.4032,23.2744,18.6320,8.2270,35.6332
538,0.052967,0.097527,0.401220,-0.675951,0.340428,-0.136069,-11.2884,-37.2119,-12.5437,-3.7868,-0.7186,-3.6152,4.6954,33.7708,14.5109,4.2515,1.4571,5.6510
539,-0.020583,0.054478,0.419459,-0.386463,-0.162924,0.042313,-9.0710,-24.6159,-12.9005,-22.2312,-7.0489,-4.7342,16.7982,22.5677,7.3696,22.0994,4.2727,4.4426
540,0.038712,-0.101249,0.400353,0.674537,0.261388,0.122783,-12.3372,-4.6597,-3.4575,-8.7724,-16.2305,-38.7509,9.7217,5.3535,11.9116,5.6370,31.1730,32.8886
541,-0.031787,-0.040058,0.400775,0.477648,-0.364836,-0.080805,-13.8720,-10.8225,-15.3452,-39.6886,-19.0091,-34.5018,1.1790,7.8591,17.0761,38.5069,33.3913,33.7104
542,0.047692,-0.028262,0.417104,0.222642,0.369278,0.046772,-13.1997,-19.2906,-7.3893,-8.0398,-10.8064,-30.3077,8.7196,19.5830,2.7006,8.1404,11.4915,29.4011
543,-0.006918,-0.031515,0.426326,0.192713,-0.052915,-0.007159,-10.0829,-10.8304,-8.5651,-18.2327,-12.2815,-20.8334,19.6719,8.8137,14.0708,15.5369,18.4187,16.9361
544,-0.017585,-0.020913,0.419054,0.190275,-0.150981,-0.010027,-12.1960,-16.3685,-13.3701,-28.1061,-14.5146,-26.1842,9.6999,14.3963,20.7153,26.5656,11.0883,25.5995
545,-0.004161,-0.019359,0.414596,0.186876,-0.043921,-0.001245,-17.1236,-23.6521,-17.5376,-30.4893,-18.0335,-33.3562,21.6241,18.7343,36.2963,26.3924,20.0099,30.6312
546,0.043892,-0.074589,0.402794,0.577369,0.294799,0.073695,-18.3348,-13.0769,-10.4892,-13.7215,-17.2312,-42.2223,37.0780,6.2656,38.5769,8.5235,25.5093,35.2018
547,-0.008212,-0.003619,0.415073,0.022727,-0.116904,-0.000320,-15.2647,-27.1667,-15.6323,-33.0148,-15.5163,-28.3415,5.4640,27.5881,10.8981,34.8190,2.4278,29.2558
548,-0.018958,-0.064865,0.408689,0.484283,-0.133632,-0.031697,-14.3758,-9.5182,-12.7397,-28.2711,-19.7812,-34.5297,29.3571,4.9609,28.8275,22.2033,35.9483,28.1746
549,0.024313,0.040395,0.408502,-0.385040,0.222470,-0.041222,-17.8889,-40.2527,-17.5572,-20.1616,-12.6571,-20.5804,33.1111,36.6257,29.2928,17.4295,4.9466,17.5421
550,-0.003141,0.046707,0.410004,-0.450761,-0.026837,0.012007,-16.4530,-38.5998,-17.0601,-28.1561,-15.0628,-15.1853,28.4310,37.3295,4.7582,25.6350,33.1829,9.6644
551,-0.023881,-0.002391,0.410003,0.018681,-0.251707,0.000396,-19.1924,-28.2234,-20.8327,-40.0261,-20.5187,-29.1754,33.9441,21.7035,38.9628,35.2388,30.2977,23.3392
552,-0.027619,-0.042622,0.409054,0.417838,-0.261189,-0.043566,-13.3977,-11.4502,-14.7076,-34.1297,-17.1817,-32.6710,12.3773,7.7107,28.6334,32.1183,13.1512,31.9261
553,0.032968,0.002028,0.404096,-0.033468,0.384836,-0.007603,-21.5341,-42.1600,-21.0317,-24.0131,-20.9099,-40.5071,16.9343,39.5533,36.3462,16.9177,35.1278,37.5753
554,0.007483,-0.019644,0.419692,0.195458,0.072801,0.008030,-12.6091,-19.5671,-11.2671,-21.3387,-13.0986,-29.7050,4.1234,20.2764,2.6284,21.9329,7.9358,31.0084
555,-0.012806,-0.015856,0.407656,0.181034,-0.090408,-0.009865,-19.8840,-30.0115,-19.9266,-38.7902,-19.8964,-39.3909,28.9369,27.3531,18.2995,38.6790,1.6435,39.5100
556,-0.006944,0.014826,0.413265,-0.115547,-0.097509,0.002219,-17.0608,-32.5463,-17.2388,-33.9484,-17.6407,-26.5630,13.9016,32.2300,1.6927,33.2924,31.6023,23.9803
557,0.020017,0.034209,0.420421,-0.284874,0.142220,-0.012099,-13.1153,-29.7655,-11.9113,-15.9413,-9.7047,-15.0518,18.0885,28.7558,2.9150,15.3021,17.0533,12.5974
558,0.017095,-0.000091,0.414979,-0.017688,0.190507,-0.006214,-17.1407,-31.7633,-16.3138,-22.7386,-15.2632,-30.8559,21.9989,29.6021,25.2075,20.3678,5.6136,29.7871
559,0.075805,-0.006245,0.400726,0.057214,0.639189,0.024774,-20.8151,-34.8110,-14.7573,-7.2917,-15.7289,-37.3320,26.9355,29.4041,35.0741,0.4311,39.5436,31.4052
560,-0.039317,0.029665,0.424205,-0.203855,-0.266042,0.028101,-6.7616,-16.5805,-11.5166,-23.4667,-8.5415,-6.2426,13.3920,15.0991,8.3675,21.6961,10.3819,5.5869
561,0.024901,0.009462,0.418765,-0.065205,0.187990,-0.009013,-16.5083,-28.4568,-14.1663,-18.3182,-12.0498,-25.1128,33.4410,24.1357,21.7836,16.7967,4.2065,22.5497
562,0.052797,-0.000280,0.406214,0.001242,0.510451,-0.005071,-19.0601,-34.7995,-14.8066,-11.8664,-14.3375,-34.8728,29.7620,31.7947,21.5710,8.2717,14.3627,32.4952
563,-0.038318,-0.043014,0.403553,0.454444,-0.385868,-0.079807,-15.0133,-10.9709,-16.3522,-40.1076,-17.9676,-33.3891,25.5671,5.2662,32.2921,39.0807,4.3871,32.1331
564,0.056504,0.020946,0.409948,-0.197292,0.474069,-0.040874,-17.0822,-35.5555,-13.2326,-9.3530,-11.9757,-26.0579,19.0731,33.4387,15.7969,6.1884,24.9237,22.7940
565,0.027858,0.037632,0.407189,-0.371636,0.259588,-0.058548,-18.9570,-42.8416,-19.5501,-21.4512,-16.1729,-23.9901,21.9658,39.0568,37.4664,15.0216,32.7930,19.0675
566,-0.044108,-0.063162,0.407251,0.472456,-0.303331,-0.069954,-11.2577,-5.7719,-12.2775,-31.8037,-19.2604,-29.5552,22.0525,2.6603,26.1216,25.9495,32.9925,24.3625
567,-0.030536,0.061406,0.408568,-0.503638,-0.241280,0.070468,-10.3699,-30.5238,-16.6751,-29.0639,-9.2007,-4.8989,10.9044,28.4317,23.9380,28.0562,1.1518,4.9859
568,0.002065,0.038113,0.416996,-0.273794,0.019486,-0.004807,-15.0132,-31.4405,-17.6071,-23.4353,-12.4957,-17.2160,24.6668,25.8614,37.1256,18.7714,17.5624,14.0873
569,-0.007820,-0.028783,0.430182,0.133721,-0.033331,-0.001774,-6.9126,-9.4045,-5.7786,-14.3809,-10.4004,-16.3505,5.3803,10.7250,1.7605,12.6483,19.2971,13.7282
570,0.007069,0.049123,0.410347,-0.440086,0.064493,-0.019769,-16.4392,-39.0669,-18.1886,-24.6375,-14.8534,-16.2349,21.8478,36.0257,23.0762,19.4346,38.1483,10.8401
571,0.048542,-0.078680,0.405270,0.580900,0.352651,0.134702,-12.1169,-8.9065,-4.0130,-6.3496,-13.7205,-37.6549,1.9511,10.3259,5.7110,4.9522,22.9225,34.9195
572,-0.071427,-0.044747,0.414355,0.289113,-0.430992,-0.064786,-6.3927,-2.6713,-10.7096,-29.3603,-15.7829,-16.7355,25.1227,0.2030,24.1906,22.5504,25.0715,11.8179
573,-0.012159,-0.011906,0.411567,0.124146,-0.132415,-0.007009,-19.2209,-27.0173,-19.8183,-36.1975,-20.4399,-33.4306,30.0718,21.0446,35.3587,31.3305,31.8071,28.5276
574,0.013401,-0.019283,0.424868,0.099391,0.063279,0.002321,-12.9874,-17.4266,-8.8037,-17.1546,-12.4001,-22.5850,26.3773,15.8618,1.0728,16.2692,21.5711,17.8801
575,-0.002193,0.025327,0.424148,-0.208301,-0.011260,-0.000116,-11.3875,-24.4997,-12.3762,-19.5959,-11.1218,-13.6763,16.0351,22.7246,10.0036,16.7322,26.2164,10.3614
576,-0.012380,0.008101,0.428038,-0.085832,-0.082343,0.001359,-9.8698,-17.5466,-10.6763,-19.0290,-11.0685,-13.0944,20.7999,15.0651,11.8230,15.4316,26.4155,8.8057
577,0.036118,0.054373,0.423928,-0.248269,0.169276,-0.023060,-13.1533,-23.0939,-12.7861,-9.0054,-4.9470,-10.3241,33.5475,13.0280,34.5432,5.4281,16.3528,6.6575
578,-0.017778,0.011596,0.411672,-0.116584,-0.246379,0.006622,-15.5547,-29.0741,-17.7630,-37.2188,-17.7088,-23.1474,1.3893,27.8217,20.6603,35.5614,33.4788,20.2348
579,-0.031604,0.002838,0.419897,-0.076853,-0.264728,-0.003482,-13.3289,-20.2618,-13.4394,-30.2131,-15.8850,-16.3251,38.6428,17.0844,4.0014,26.6385,38.0135,8.8390
580,-0.008096,0.010454,0.407417,-0.085532,0.005906,0.001068,-20.7144,-39.5945,-20.8599,-37.1087,-20.8378,-35.1541,32.0381,38.9036,4.2425,35.5323,20.2786,33.1948
581,-0.026813,0.069611,0.423207,-0.292879,-0.127256,0.024674,-6.0766,-18.2791,-14.9175,-16.5588,-3.6828,-3.1580,11.9065,11.0478,37.9574,11.9179,0.0077,6.0264
582,-0.013135,0.045525,0.416740,-0.332501,-0.086346,0.010094,-11.6787,-29.2502,-16.6505,-24.5767,-10.6515,-12.0125,10.1005,25.8987,32.6348,21.1877,10.6429,11.3787
583,-0.095399,0.002108,0.405330,-0.049321,-0.705931,-0.003454,-6.2198,-7.7939,-12.5050,-38.4097,-13.7802,-5.4756,36.5229,5.5349,2.8388,35.3097,19.0672,0.8941
584,0.018565,-0.015611,0.411685,0.150321,0.233160,0.011155,-17.9450,-30.0547,-16.8728,-23.3611,-16.8073,-37.7205,20.7330,27.7321,26.6476,20.5543,5.5737,37.7204
585,-0.080170,-0.033794,0.410219,0.222872,-0.478112,-0.053210,-8.6970,-6.9225,-14.8469,-33.9462,-18.6634,-17.6120,35.5364,1.5031,38.6387,23.5386,39.1530,10.3820
586,0.035212,0.115790,0.400277,-0.692431,0.209209,-0.093916,-11.1789,-35.7777,-15.6515,-7.7254,-0.7869,-0.4195,13.7388,28.2589,27.8492,5.4472,8.6559,1.7873
587,-0.062462,-0.050174,0.401027,0.467219,-0.507467,-0.115941,-10.5759,-4.6821,-13.8002,-39.3486,-18.2034,-26.8178,19.2601,1.2377,24.5849,36.1587,19.4669,24.1392
588,-0.076025,0.019055,0.401513,-0.170769,-0.609518,0.060159,-11.2476,-19.6532,-19.2882,-43.3568,-16.8251,-11.9484,25.4212,14.4772,34.6014,37.8893,27.0640,7.7071
589,0.024774,-0.032999,0.410775,0.317790,0.231617,0.026455,-18.2842,-22.6504,-13.8257,-20.1810,-16.5205,-38.8738,36.6649,18.4769,15.5402,17.5653,16.2056,35.9542
590,0.014054,-0.051878,0.414334,0.443292,0.104134,0.012018,-13.8127,-11.9779,-9.9777,-18.6535,-13.7843,-34.9375,20.8455,9.1785,17.6793,17.8386,3.5220,33.9201
591,0.001696,0.011835,0.431576,-0.149252,-0.019843,0.003490,-10.1852,-16.4337,-8.6565,-13.4549,-9.8779,-8.6792,32.7809,12.1620,10.8381,8.7103,38.5431,0.5650
592,0.016785,0.077921,0.398670,-0.641325,0.121952,-0.025076,-17.5808,-43.9850,-19.5257,-21.5986,-10.2238,-10.8164,38.3095,37.8394,34.8697,18.4268,8.0946,7.0123
593,0.016730,0.053901,0.411517,-0.476557,0.143478,-0.037414,-14.4511,-38.0848,-15.4810,-19.0787,-12.0018,-13.5006,13.4601,37.0624,11.5523,15.6758,32.7098,9.8009
594,0.003285,0.006183,0.433026,-0.060327,0.102156,-0.004807,-7.5784,-14.7826,-9.3540,-8.6204,-9.4603,-11.6597,10.3396,11.1458,29.0550,0.7528,37.7693,6.9738
595,-0.029374,0.034629,0.406965,-0.390227,-0.282466,0.076805,-16.0182,-33.7846,-18.6334,-36.9833,-14.6783,-14.0925,33.5793,30.6024,25.3361,36.4650,2.0175,10.2744
596,0.055926,-0.010812,0.413965,0.118009,0.390904,0.000615,-18.0048,-25.1138,-11.8094,-10.4592,-10.8999,-31.0279,38.1886,19.0959,25.5909,9.3424,1.5436,27.9115
597,-0.099797,0.012645,0.406887,-0.130350,-0.659674,0.020440,-2.0813,-8.0617,-11.7542,-34.8066,-11.9076,-2.0796,7.5971,9.2922,2.6694,31.1451,18.9688,1.3675
598,0.071009,-0.056546,0.409491,0.365186,0.438761,0.090391,-16.3801,-15.7844,-5.6385,-4.4173,-12.9383,-33.4534,26.8604,12.5149,16.0028,2.2770,28.5932,25.9101
599,-0.020098,0.025048,0.420310,-0.196920,-0.154598,0.014998,-12.7832,-24.8116,-15.2300,-26.7374,-13.2274,-14.6608,25.9362,20.9885,19.5215,22.9027,25.4585,10.4612
600,0.032312,-0.094493,0.409050,0.584969,0.179276,0.048820,-12.4856,-3.2941,-3.5952,-9.8284,-14.3511,-33.3644,23.6621,1.3226,18.8665,7.3536,20.6119,26.2722
601,-0.019694,-0.016565,0.414938,0.155653,-0.182836,-0.016336,-15.1301,-20.6180,-15.8386,-32.8774,-18.1728,-28.6137,18.3930,17.5133,18.4560,29.4215,33.9061,24.8280
602,0.074260,0.040780,0.412147,-0.275418,0.423427,-0.046196,-17.0404,-30.7069,-10.1144,-4.7010,-5.4036,-17.1821,37.1157,24.5183,11.5704,5.9546,6.7479,13.1313
603,0.004928,-0.014355,0.409629,0.195239,0.075174,0.006662,-20.0023,-29.7214,-19.2174,-31.3794,-20.0589,-39.8468,28.5851,25.5468,21.8152,27.6156,26.4590,37.5414
604,-0.019782,0.003655,0.419890,-0.031951,-0.183904,0.007887,-12.2774,-21.7944,-14.1608,-29.2530,-12.7216,-20.1582,12.8148,20.3160,17.8750,29.3788,0.4036,20.0616
605,0.050464,-0.024974,0.415335,0.191581,0.375893,0.038317,-16.7698,-22.7442,-12.0606,-10.4619,-14.3326,-32.2161,22.5685,17.2901,36.3093,4.5718,32.3118,26.5914
606,-0.055176,-0.006381,0.417303,0.026817,-0.353922,-0.010745,-9.9913,-14.9186,-14.9750,-31.5028,-16.4317,-16.2249,23.6773,11.1138,27.5898,24.2192,36.7940,10.9196
607,-0.011515,0.038510,0.405655,-0.414580,-0.134555,0.022928,-18.8161,-40.8150,-20.3863,-36.3353,-18.9134,-19.4057,26.2304,38.4468,19.9163,32.5346,39.7893,12.6942
608,-0.119091,-0.026775,0.404090,0.155300,-0.665455,-0.069710,1.4629,1.2239,-9.5207,-32.1922,-13.8933,-5.4356,0.8200,1.7257,9.5897,25.0551,23.1028,4.6799
609,-0.014809,-0.012114,0.405255,0.284877,-0.166339,-0.032629,-19.9993,-24.7290,-19.3812,-39.6195,-20.8466,-39.3947,31.3699,19.8431,3.5182,37.9851,38.7959,36.8964
610,0.023917,0.061220,0.416680,-0.450946,0.174723,-0.043376,-11.4505,-31.9549,-12.6538,-12.2178,-6.9973,-8.7750,9.2850,29.9782,11.2068,10.2344,20.0934,7.3415
611,-0.015035,0.028511,0.410124,-0.310627,-0.164125,0.023563,-16.4679,-35.0202,-19.1445,-34.5264,-16.6258,-19.0260,17.3873,32.4476,30.7554,31.6056,21.6366,15.0387
612,-0.085325,0.034703,0.397800,-0.321452,-0.642789,0.092141,-8.4617,-20.3545,-18.6313,-42.4718,-15.6467,-5.9309,14.6604,17.3743,27.0956,36.6600,32.4429,2.6003
613,0.021025,-0.020324,0.410906,0.181807,0.253276,0.013397,-17.9968,-29.7345,-17.2241,-22.9083,-16.8140,-38.9760,17.5861,26.9957,35.8701,19.7049,0.9469,39.4644
614,-0.017477,-0.021099,0.418469,0.202383,-0.138720,-0.004671,-13.3883,-16.9815,-15.4005,-28.4820,-15.1703,-27.4404,17.0400,12.2133,39.0591,24.7693,9.3605,26.0234
615,-0.005374,0.041087,0.406324,-0.489389,-0.073258,0.012500,-14.5856,-39.1556,-17.5324,-29.8961,-13.5090,-13.7747,5.1990,39.7109,28.6265,29.1407,4.1847,12.1230
616,0.083761,-0.020217,0.406257,0.122444,0.565213,0.057833,-19.1002,-26.5909,-8.3560,-3.8167,-12.4748,-32.0968,34.5432,22.7354,9.6228,1.8747,32.4143,24.5272
617,0.051981,-0.055476,0.403785,0.494707,0.418883,0.107130,-15.7852,-16.5111,-7.6362,-8.9805,-13.8615,-40.6486,20.1575,15.6408,1.9213,8.3988,15.9847,38.7764
618,0.012965,-0.059689,0.425434,0.249418,0.101175,0.026717,-9.2202,-8.5208,-4.0237,-10.3056,-13.6666,-21.4194,13.5563,9.4201,6.5171,5.9812,39.3098,13.6265
619,-0.009849,-0.061812,0.411539,0.486538,-0.077281,-0.021947,-12.5871,-8.2214,-9.9908,-24.4643,-16.5419,-33.4486,18.9308,6.2683,13.2537,22.1421,21.1678,30.3940
620,-0.006779,-0.018409,0.407207,0.228093,-0.037690,-0.006999,-21.0160,-29.4720,-20.7721,-37.1026,-21.0150,-41.3160,34.7588,24.4324,26.9448,34.2920,15.5053,39.4205
621,-0.010367,0.032594,0.409148,-0.351455,-0.158038,0.014323,-16.0797,-36.6190,-18.1444,-34.8197,-17.1584,-18.5240,4.8463,36.5999,15.5994,32.8820,35.7306,14.4983
622,0.049024,-0.060032,0.413380,0.433018,0.296389,0.047879,-14.7852,-11.4354,-6.3205,-8.7143,-11.9760,-33.3343,26.9016,7.7714,18.5251,7.8852,10.2858,28.7547
623,-0.032004,0.002853,0.413251,-0.039233,-0.318341,0.011962,-15.4877,-24.1707,-16.8692,-37.5185,-16.0223,-22.2102,31.0885,20.7350,18.0171,37.2882,6.9817,19.2963
624,-0.001326,0.082063,0.401146,-0.660579,-0.013338,0.011591,-13.9898,-39.9686,-18.3001,-23.4928,-9.0843,-5.6470,23.5004,35.9140,27.0261,20.9698,10.2188,3.4874
625,0.013522,0.026541,0.428511,-0.150132,0.036201,0.002995,-11.0966,-19.4063,-10.0508,-13.8806,-6.7438,-11.6023,26.7684,14.7755,12.9352,13.2600,7.8179,8.9651
626,-0.045643,0.049865,0.420333,-0.284651,-0.206905,0.016877,-6.8762,-20.5149,-16.2418,-22.5860,-10.1913,-5.8853,11.1008,15.6055,36.2329,13.9982,29.7894,4.5213
627,0.023083,-0.083711,0.405502,0.624153,0.120201,-0.007357,-14.5712,-4.9512,-5.1519,-15.6382,-13.9796,-37.3116,36.8524,2.5701,0.6714,17.1380,5.0545,32.9662
628,0.078272,0.004743,0.392847,-0.065446,0.753018,-0.051693,-20.1527,-38.7076,-13.8941,-3.4944,-11.6756,-36.1015,35.0596,35.3163,24.0886,0.7902,0.4414,34.8157
629,-0.022869,0.054685,0.408863,-0.517988,-0.204837,0.043004,-10.9543,-33.1306,-15.4581,-29.4654,-11.2609,-6.5917,2.6690,34.1959,8.8713,29.0657,16.0011,5.3384
630,0.014500,0.048105,0.409143,-0.414391,0.120905,-0.025519,-17.0421,-38.8953,-18.6255,-22.5840,-12.0665,-17.4704,30.2440,33.9329,38.7443,19.2885,4.1101,14.7278
631,-0.031632,-0.025078,0.424764,0.194910,-0.191472,-0.010306,-7.4260,-8.7290,-10.1963,-22.3963,-11.7750,-18.7548,7.5126,7.2113,21.8520,19.2504,9.5816,18.1247
632,-0.010248,0.019609,0.405356,-0.250650,-0.170581,0.019041,-20.8630,-40.1523,-21.1892,-41.4649,-20.9924,-27.2600,23.2300,38.2132,19.7718,39.7418,32.1305,21.8121
633,0.065340,-0.039202,0.426447,0.254949,0.310733,0.022841,-10.5492,-6.8058,-1.5611,0.8106,-4.7559,-19.7253,17.7549,3.0218,15.4521,0.6664,1.8120,15.5855
634,-0.019005,-0.033618,0.426446,0.193655,-0.124356,-0.015662,-7.5769,-8.6322,-6.9430,-19.2741,-11.7044,-18.6369,8.3468,9.6795,1.3103,18.0963,16.2379,16.4540
635,-0.022917,-0.002780,0.418668,0.042410,-0.188239,0.000560,-15.1377,-21.0296,-16.9648,-30.5946,-16.0114,-23.2155,35.8641,14.2968,36.6324,25.5261,20.6642,18.3529
636,-0.026666,-0.061232,0.415695,0.410200,-0.147860,-0.016884,-8.2188,-5.7800,-8.4899,-23.1549,-16.1425,-26.9659,0.6229,6.8264,12.6358,19.0366,30.1713,24.3104
637,0.045169,0.004188,0.406563,-0.000686,0.500568,0.018498,-17.2765,-36.1201,-14.7142,-13.5860,-16.0690,-36.0674,6.8557,37.1530,4.1293,9.6066,34.6316,35.3349
638,0.063670,0.105577,0.402642,-0.651144,0.331496,-0.094214,-11.9936,-33.5111,-10.6575,-1.3692,1.9248,-0.8838,17.7904,27.3886,7.1788,3.8491,0.6764,1.4964
639,0.040961,-0.011453,0.412840,0.096576,0.358993,0.027581,-17.8608,-29.0406,-13.6411,-15.2439,-15.9211,-33.8149,24.2181,26.2904,15.6014,10.9726,33.5136,29.5127
640,-0.007543,0.017120,0.420027,-0.147703,-0.090151,0.014737,-15.1910,-26.4063,-14.2678,-26.6620,-12.8939,-18.7590,39.3489,22.9887,7.3614,26.2870,9.4675,14.8835
641,0.009041,0.069565,0.410711,-0.543025,0.047659,0.004064,-13.7729,-35.6096,-14.9316,-19.3388,-8.6552,-7.4028,27.6324,32.3784,8.9701,17.9718,17.7669,4.0508
642,0.035011,0.024891,0.409676,-0.248041,0.357440,-0.027519,-18.0331,-39.2781,-15.2513,-16.8807,-15.1406,-26.9242,25.6857,38.8180,2.9674,13.6221,31.7760,23.0024
643,0.045287,-0.024887,0.406517,0.271966,0.456266,0.062222,-17.3756,-26.6948,-12.5391,-12.4900,-14.7852,-39.8265,22.4802,25.2099,9.3528,10.2077,14.4071,39.2707
644,0.017939,-0.079755,0.420220,0.468484,0.064664,-0.002581,-8.8088,-0.5812,-1.0754,-9.8439,-10.2846,-24.9186,17.4031,1.1428,0.3578,11.2026,4.3570,20.6869
645,-0.073156,-0.055911,0.414890,0.315294,-0.394292,-0.066878,-2.8112,-0.1237,-7.3800,-25.9120,-15.1883,-15.6157,2.3731,2.7225,9.8946,20.0487,28.0560,12.6492
646,-0.020516,0.044116,0.401506,-0.495766,-0.241942,0.047090,-16.5813,-39.4366,-20.6091,-38.1391,-17.4416,-14.1965,11.8661,37.3809,34.1099,34.5938,31.3917,8.8714
647,-0.014648,-0.063489,0.402386,0.634980,-0.124694,-0.064470,-14.4762,-6.8034,-11.3636,-29.2704,-16.6334,-39.5916,28.3654,3.4947,6.4477,29.7240,6.6176,39.0337
648,0.009729,0.010915,0.411052,-0.084462,0.120397,-0.001846,-20.0844,-37.2530,-19.3911,-29.6483,-19.8210,-32.8862,27.8668,34.6073,14.8872,25.1223,39.1914,28.4100
649,-0.011943,-0.010108,0.412859,0.120649,-0.157652,-0.008675,-16.5924,-25.2591,-16.9287,-35.4789,-17.2158,-31.4757,13.1359,23.4087,15.9788,35.8072,11.2992,31.0695
650,0.012377,-0.031752,0.429859,0.217497,0.003323,-0.011726,-10.5218,-7.2247,-6.2585,-12.7616,-8.6077,-18.5383,31.6560,2.4622,17.4313,12.0889,4.3050,14.0441
651,-0.014834,-0.025618,0.409496,0.264288,-0.154372,-0.019291,-19.1678,-23.0146,-19.3259,-36.8526,-20.0620,-36.6379,34.0739,16.4119,37.0859,33.1340,18.6239,33.0610
652,-0.009845,-0.054309,0.418994,0.391745,-0.083595,-0.024243,-10.1839,-6.8176,-7.4388,-20.8563,-13.3092,-27.1185,15.7555,6.3991,5.1437,20.4980,10.2473,25.0418
653,0.005248,0.012384,0.416406,-0.117488,0.053426,0.001847,-17.7612,-31.8547,-16.1435,-26.3997,-16.2598,-25.7566,36.7737,28.9377,8.4557,23.8297,25.9387,20.9086
654,-0.047260,-0.037347,0.405582,0.388390,-0.457351,-0.075811,-11.8054,-8.7624,-14.4697,-39.1905,-16.1079,-27.5302,12.9132,5.3952,24.7907,39.1376,3.3925,27.5189
655,-0.064943,0.038743,0.400219,-0.386835,-0.562799,0.107327,-11.0440,-25.1659,-18.3308,-42.1004,-14.9354,-7.2448,16.9775,22.5517,21.9326,39.3971,23.6989,3.7918
656,0.058173,-0.099000,0.407501,0.597174,0.341433,0.123944,-9.7059,-1.7976,1.6996,-0.1986,-10.6962,-31.4569,2.6415,4.3846,1.6128,1.0401,13.6396,26.6843
657,-0.001134,0.088329,0.408038,-0.624074,-0.027401,0.028152,-10.9703,-33.3477,-14.6969,-18.5847,-5.0852,-0.9297,21.5925,29.6844,10.2619,18.2172,6.5634,0.2264
658,-0.020273,0.025500,0.411933,-0.267549,-0.192499,0.032904,-16.9985,-32.9563,-17.9378,-34.8668,-16.3041,-19.2360,35.8101,30.0727,13.8197,33.4379,17.6602,14.4582
659,0.020135,0.095615,0.405664,-0.675190,0.139221,-0.058474,-9.4822,-35.4530,-13.4290,-11.2064,-2.7349,-0.6274,2.8638,33.6259,10.7501,11.0238,4.7644,2.4576
660,0.012685,0.084376,0.401856,-0.654983,0.111711,-0.062441,-14.6492,-41.9588,-19.1925,-19.4710,-11.0440,-8.1016,17.2730,37.0801,32.3529,12.6924,39.2176,3.8762
661,0.007760,-0.021634,0.414304,0.208719,0.084307,0.005993,-17.0505,-24.9025,-16.5382,-26.4941,-16.6278,-35.7224,19.4965,21.2875,32.2310,23.8900,6.2567,35.1507
662,0.047882,-0.014905,0.424754,0.135984,0.264998,0.004821,-13.3205,-15.8066,-7.8870,-7.3397,-7.9621,-22.7627,24.7384,10.5214,23.4252,6.5052,6.1287,19.4116
663,-0.021290,-0.054182,0.431674,0.286863,-0.120003,-0.019638,-2.8405,1.7290,-1.5632,-11.1698,-7.9083,-13.1000,4.4432,0.3956,1.2974,10.5131,3.4212,11.3568
664,0.013312,0.006358,0.409567,-0.081604,0.081543,-0.005506,-20.2531,-38.3790,-20.6622,-32.5925,-20.5078,-34.1518,7.6661,36.0642,33.6554,28.2588,35.9199,30.8020
665,0.045773,-0.050587,0.423792,0.220618,0.285007,0.054783,-11.1312,-11.7282,-3.5497,-4.2354,-11.6408,-22.7803,13.7016,11.1846,10.7305,0.8458,36.3045,15.0101
666,0.047094,-0.017906,0.407210,0.195429,0.483274,0.044615,-17.0303,-29.9531,-14.4505,-12.7574,-15.1148,-39.3098,7.1613,28.5402,26.6036,8.8039,15.2519,39.7676
667,-0.084809,-0.019358,0.402842,0.187457,-0.618406,-0.040701,-9.9322,-9.0679,-17.2168,-41.3178,-17.7935,-17.6773,33.2055,2.8175,39.5028,34.3180,22.9941,13.1926
668,-0.023668,-0.029986,0.409022,0.282086,-0.216086,-0.029895,-18.6006,-20.2477,-19.1504,-37.3123,-21.5098,-34.6756,38.0173,12.6333,39.3822,30.9206,37.3357,28.2246
669,-0.016679,0.036767,0.411909,-0.360134,-0.167958,0.014386,-13.6875,-33.2843,-17.0538,-31.7087,-15.2436,-14.7444,4.0986,33.0431,16.3414,28.9974,33.2671,11.4311
670,0.055926,-0.112295,0.390688,0.795910,0.349941,0.160178,-14.6950,-3.8054,-3.5885,-5.9411,-16.1873,-43.2450,18.7373,1.6079,26.8779,2.4389,24.8578,36.2694
671,-0.016875,0.019475,0.422802,-0.198230,-0.142512,0.009997,-12.1254,-23.2334,-12.3750,-24.5637,-13.0625,-12.9970,28.1459,21.3913,0.6467,21.8994,33.6094,7.2783
672,0.071119,0.008065,0.408496,-0.066790,0.511147,-0.015213,-19.6496,-32.4293,-12.9149,-7.8250,-12.1743,-29.2529,36.6169,26.3964,25.1402,4.2690,25.9320,23.2499
673,-0.002038,-0.010161,0.425451,0.075900,-0.071698,-0.007072,-12.9503,-16.2402,-10.4357,-21.4407,-11.3044,-20.1759,35.4551,12.5398,8.3285,21.3855,6.4489,16.5025
674,0.013520,0.038653,0.421865,-0.300859,0.080630,-0.003614,-11.9681,-27.8012,-11.4711,-16.3369,-8.2983,-12.1937,18.1445,26.5571,2.5177,16.4869,10.6180,10.4921
675,-0.083133,-0.006259,0.416578,0.057512,-0.511689,-0.007086,-2.3051,-4.7822,-10.6987,-29.2074,-10.7996,-7.5648,4.5083,4.8651,14.3133,25.4451,8.0186,8.3295
676,0.016929,-0.062567,0.408770,0.538271,0.111624,0.005463,-16.8965,-11.6164,-12.2798,-20.3983,-15.8418,-39.4985,38.3636,4.5188,37.9165,17.2239,4.6887,35.9312
677,-0.024140,0.024828,0.409112,-0.328629,-0.249369,0.048769,-15.7944,-34.1428,-16.5771,-37.2024,-15.4642,-17.4301,23.6003,34.9628,2.2669,39.3417,4.4492,14.8118
678,-0.075542,0.004946,0.406309,-0.038070,-0.544520,0.011791,-10.4406,-16.4433,-18.3115,-40.0668,-17.6452,-14.6719,24.0994,11.3895,36.4070,32.5991,34.4193,9.9621
679,-0.030026,-0.035572,0.421231,0.300974,-0.201760,-0.016636,-8.2969,-7.3706,-10.7078,-24.2791,-12.3191,-22.8290,7.3050,5.2889,26.4314,21.9364,1.9863,23.1777
680,0.059412,0.027041,0.424489,-0.124619,0.297123,-0.022692,-13.9453,-20.9625,-9.3126,-4.4188,-5.3422,-14.7010,30.6077,12.7378,26.9077,2.4785,17.1849,9.7777
681,-0.020224,0.042909,0.414453,-0.342883,-0.123213,0.001657,-12.2716,-31.0058,-18.1754,-27.7293,-14.1581,-13.2541,5.8577,28.0075,34.7677,21.3375,34.9091,10.2639
682,-0.004583,-0.003890,0.409841,-0.021212,-0.114386,0.002293,-18.6539,-33.4493,-18.5895,-38.0453,-18.6266,-32.3494,8.4918,33.3080,20.2556,39.2814,5.7602,31.8388
683,0.052842,-0.008230,0.405174,0.089804,0.540924,0.020798,-18.1249,-33.1891,-14.2029,-10.9249,-14.5303,-37.4007,20.2838,31.5124,19.2275,7.3981,14.4672,36.5294
684,0.042077,-0.067730,0.399449,0.567016,0.325924,0.103397,-17.7300,-15.5360,-8.9292,-14.2178,-17.9647,-43.8792,31.4007,13.4043,1.4475,11.3986,37.0897,38.3436
685,0.023798,0.031654,0.420240,-0.280795,0.198590,-0.024827,-12.0611,-30.4028,-11.3566,-14.1551,-9.9001,-16.0004,4.2408,31.4065,0.9233,13.2082,21.3712,14.6819
686,0.057457,0.038234,0.408722,-0.334494,0.441837,-0.065068,-17.3440,-37.5652,-13.6603,-9.2223,-10.7987,-21.2959,24.3736,34.2273,16.3245,6.0711,27.4605,16.9084
687,0.003902,-0.073805,0.404503,0.609558,0.030129,0.009256,-15.6826,-9.0811,-12.3516,-23.4707,-18.4310,-40.7446,28.2964,3.4421,36.6425,18.4776,21.0635,36.4860
688,-0.057070,-0.076001,0.417550,0.396194,-0.240227,-0.030310,-2.7628,1.8379,-5.7158,-19.2842,-15.4438,-18.4383,2.0153,0.5020,19.1903,11.4075,31.3115,14.1298
689,0.079085,-0.081598,0.397454,0.559171,0.482501,0.148312,-17.2916,-12.6106,-3.3236,-3.0672,-14.1524,-39.2301,30.1256,10.5723,6.6350,2.3002,28.3219,30.9688
690,-0.047071,0.013724,0.414127,-0.139413,-0.362607,0.004950,-10.4019,-21.4761,-15.5059,-34.3293,-16.1088,-14.4859,5.5969,20.7082,15.2942,29.9406,39.6254,10.8986
691,-0.066508,0.042818,0.402443,-0.363000,-0.475764,0.065707,-9.9521,-25.9275,-20.2337,-38.9556,-16.1641,-8.4100,6.6798,22.4051,39.6888,31.2100,39.6368,5.0340
692,-0.099507,0.041466,0.388622,-0.403311,-0.752018,0.154203,-7.0040,-19.3907,-19.5700,-45.5679,-15.0193,-2.5545,11.6308,16.2777,31.4065,39.7317,27.2244,0.4127
693,-0.107344,-0.035200,0.391362,0.319685,-0.774961,-0.140683,-5.3929,-1.7778,-13.5966,-43.6784,-18.1202,-14.7930,16.5227,0.5765,18.7444,38.2508,27.0807,11.5425
694,0.031570,0.047777,0.409609,-0.415654,0.265542,-0.062067,-16.4700,-39.5118,-16.7179,-16.6704,-12.1051,-18.4481,19.3202,36.3261,26.8010,12.4590,23.8779,15.0756
695,0.064354,0.048108,0.407234,-0.406772,0.474026,-0.088052,-15.4404,-36.6832,-11.2320,-5.0522,-6.6556,-17.1265,19.2817,34.8137,6.7004,5.3038,8.9238,15.4641
696,-0.000923,0.054383,0.415463,-0.448916,-0.002898,-0.003146,-11.5679,-32.4782,-14.1857,-20.9363,-9.7554,-9.1517,9.5814,31.9586,8.6809,19.3901,18.8391,7.5485
697,-0.017233,0.078606,0.406314,-0.605659,-0.102170,0.005611,-10.0540,-34.7740,-17.3088,-23.8196,-9.2851,-3.3806,3.0441,32.8238,24.6631,19.6676,22.5387,2.6382
698,-0.090080,-0.028118,0.419447,0.162721,-0.394516,-0.019496,-0.5806,-1.1863,-10.3322,-23.0448,-13.3033,-9.3055,5.9093,0.6112,30.8473,12.4147,28.4046,7.2626
699,-0.091251,0.021928,0.421154,-0.058717,-0.446804,0.037195,1.2069,-3.6740,-11.4773,-22.5097,-6.7109,-1.0287,0.9162,1.8083,26.0498,15.9139,2.7554,4.5488
700,0.059044,0.017974,0.407550,-0.155574,0.511413,-0.069020,-17.5022,-35.7272,-14.9946,-8.9770,-10.8036,-28.4773,20.0803,31.6322,36.6882,5.7311,2.6487,27.6809
701,0.059551,-0.071282,0.411919,0.403276,0.314740,0.063735,-16.3452,-11.5651,-4.9746,-7.1530,-14.1980,-31.8148,37.0421,7.1219,19.6195,4.1957,33.1309,21.3668
702,-0.025166,-0.042646,0.405418,0.429463,-0.235090,-0.064207,-17.1195,-14.6178,-15.9192,-36.4815,-20.4973,-36.4927,34.9358,9.3034,16.2699,33.1824,34.4692,31.6466
703,-0.051840,0.010476,0.418786,-0.072716,-0.283202,0.005245,-8.0118,-17.8458,-15.9069,-28.7476,-14.8169,-14.1471,2.5324,15.3256,35.6197,20.6187,35.2814,11.9552
704,0.072979,0.035307,0.416784,-0.246822,0.399148,-0.034515,-16.1477,-27.7774,-9.6789,-3.5660,-6.7435,-15.5392,32.5524,20.7677,18.1764,1.6381,29.0711,8.7494
705,0.039982,-0.039264,0.424078,0.244593,0.268569,0.038475,-12.1674,-12.4913,-7.5538,-6.4601,-11.4935,-24.8714,17.8112,7.8206,34.4011,0.8994,28.8609,18.7249
706,-0.016467,-0.035944,0.409409,0.406547,-0.157413,-0.043869,-15.2606,-14.6048,-13.7741,-32.3587,-17.1606,-35.5415,23.5947,11.9624,2.3010,32.4423,17.8777,34.6335
707,-0.002198,-0.027610,0.415464,0.225309,-0.023537,-0.006423,-16.8399,-20.6513,-14.4645,-27.5764,-18.5431,-32.3556,32.6162,16.7684,13.3792,23.5153,37.6057,26.6211
708,0.001839,-0.008376,0.410605,0.167943,-0.050449,-0.000531,-18.1396,-27.5306,-18.3690,-34.1738,-19.4649,-36.2430,4.2945,24.8853,17.7612,31.7560,39.4195,34.7260
709,0.038782,-0.067079,0.417338,0.482864,0.281338,0.077768,-10.4144,-6.2194,-5.7636,-5.2084,-11.1288,-30.5940,4.9388,3.2354,37.3676,1.0067,12.6342,27.7893
710,-0.001161,-0.010088,0.415536,0.122982,0.015731,-0.002858,-17.0910,-25.7618,-15.3285,-28.2445,-16.5976,-32.1482,32.6382,23.4608,3.7326,27.3060,15.5968,30.0726
711,-0.055176,0.023846,0.422490,-0.151757,-0.298810,0.017022,-5.1226,-14.8476,-13.0943,-24.4952,-10.4725,-7.1704,4.3745,13.2591,22.0105,18.8118,21.2589,6.7276
712,-0.034627,-0.059670,0.403304,0.517190,-0.297033,-0.117314,-14.8255,-7.7030,-11.8021,-34.7806,-19.7506,-33.6557,39.4620,4.3050,0.5409,32.9182,33.6841,27.5601
713,-0.046423,0.007251,0.407970,-0.084263,-0.447738,0.044692,-15.9605,-23.8336,-19.5810,-41.9947,-16.5866,-19.8211,38.5922,17.2109,39.7506,39.8616,3.2124,15.8958
714,-0.003841,-0.041352,0.419762,0.335600,-0.030050,-0.004739,-10.7741,-11.0079,-9.1851,-21.1014,-13.0646,-28.4409,7.7109,10.7758,8.1359,20.8567,8.3399,28.2860
715,-0.056634,-0.039314,0.402379,0.383811,-0.499446,-0.115756,-13.3705,-9.2610,-14.7585,-41.3751,-19.2651,-27.4215,31.5311,5.0831,14.8046,38.9469,27.3987,22.7177
716,-0.010505,-0.000569,0.407293,0.116072,-0.048657,-0.004936,-20.3852,-33.1664,-20.5659,-38.3649,-20.3533,-39.1892,29.7287,30.9177,3.5576,37.6756,18.6867,38.9740
717,-0.030651,-0.047766,0.406798,0.429368,-0.250569,-0.033958,-13.5436,-11.9335,-15.7791,-34.4333,-20.0109,-33.8020,8.7796,7.8759,35.8532,28.5865,36.9319,30.6587
718,-0.004204,0.014017,0.425833,-0.063966,0.001466,-0.002411,-9.6959,-20.4758,-12.9799,-18.7457,-9.7893,-17.1515,1.3200,18.1903,29.4133,15.8341,6.6674,18.0176
719,0.035611,0.075751,0.414012,-0.463523,0.195891,-0.039890,-13.1275,-31.3532,-13.5091,-10.3622,-4.1537,-7.5650,25.1662,24.8065,21.0863,9.2816,7.9156,6.1608
720,-0.028140,-0.005038,0.419040,0.064412,-0.242299,-0.001957,-14.1579,-18.4040,-15.7439,-30.9597,-14.7796,-21.6987,37.4235,12.1683,30.5770,27.5865,11.7049,17.6708
721,-0.073467,-0.034525,0.413223,0.264765,-0.494712,-0.061972,-4.0785,-2.2396,-9.5711,-31.0523,-13.0621,-14.8805,3.5733,3.0936,10.6868,28.7082,9.2484,14.9131
722,0.047322,0.033605,0.416558,-0.263475,0.373864,-0.057501,-13.6707,-31.7968,-12.5686,-8.2606,-9.4138,-18.7852,5.7533,29.3720,22.4526,4.4672,26.2408,16.6391
723,-0.094261,-0.012509,0.400931,0.123886,-0.688275,-0.029098,-6.2590,-7.1639,-15.1952,-40.9474,-15.5931,-12.6778,14.6297,4.4985,27.1887,36.0767,17.2153,11.1060
724,0.059220,-0.002834,0.409875,0.018795,0.524790,0.024334,-16.0852,-30.7006,-10.8705,-7.4871,-12.8108,-31.5082,11.0511,30.7893,4.9017,5.0341,27.4981,29.3261
725,0.032485,0.037702,0.415806,-0.349223,0.284211,-0.047642,-12.8739,-34.6059,-12.1180,-12.7389,-10.3508,-16.9516,0.5822,36.1784,1.9900,11.1910,25.3770,15.6563
726,0.033125,0.052906,0.410027,-0.439249,0.292614,-0.090911,-14.9979,-39.1929,-17.1684,-14.4690,-12.2450,-17.1102,5.0915,35.9750,34.8504,7.5957,38.9772,13.8110
727,-0.026163,-0.017675,0.424563,0.104495,-0.097543,0.001152,-8.5326,-14.4239,-12.3074,-21.5261,-14.6245,-19.8495,1.7485,12.9810,29.3309,14.2864,35.0439,16.9974
728,0.037923,-0.005621,0.406010,0.138470,0.440093,0.049948,-18.2208,-33.3370,-15.5094,-16.8555,-17.5853,-40.0559,14.9544,33.0730,2.3614,12.6044,37.4823,39.0707
729,-0.085150,-0.040761,0.397567,0.360019,-0.652972,-0.143978,-7.2048,-3.4141,-12.2802,-41.3142,-18.2022,-19.1947,11.2669,3.2105,9.2497,37.9560,30.9593,15.9431
730,0.072899,0.047803,0.399991,-0.418252,0.566538,-0.138774,-17.5021,-40.4116,-13.9687,-4.5705,-7.6460,-21.1952,22.6588,36.3731,25.6545,2.8118,5.6518,19.7200
731,0.038594,-0.006868,0.417486,0.083651,0.336698,0.000811,-14.7043,-25.7941,-13.4667,-12.7435,-12.0109,-30.0137,6.9320,22.6007,36.4489,9.2205,8.1791,29.9325
732,0.023145,0.006249,0.418607,-0.051557,0.218081,-0.016429,-14.1378,-29.0922,-15.0504,-17.9651,-12.7107,-26.4732,0.7615,27.2492,35.7202,14.7170,8.3798,26.8884
733,0.010873,-0.000305,0.415581,0.003666,0.103481,0.000246,-16.0813,-30.6804,-16.0815,-26.1186,-16.0978,-30.8701,4.6606,30.4915,16.9434,24.5761,16.9337,30.7155
734,0.006743,0.030522,0.433990,-0.138622,0.050546,-0.005982,-6.9668,-13.9520,-8.7336,-8.0666,-4.6770,-6.7568,14.5158,8.9938,21.8834,4.3480,15.7795,4.9385
735,0.007031,-0.029189,0.416818,0.260986,0.069804,0.021824,-13.4221,-18.9806,-12.5325,-22.5539,-16.3978,-32.5104,0.3912,18.5762,12.5010,19.3483,33.9909,31.0626
736,0.035491,0.083078,0.405724,-0.630818,0.237090,-0.065105,-12.2493,-37.3765,-12.6098,-9.9727,-3.8194,-5.2101,13.9830,35.5610,5.5853,11.0541,2.3512,5.3683
737,-0.022099,0.070530,0.400275,-0.611463,-0.183698,0.075282,-15.5708,-38.8952,-20.4280,-32.0852,-12.6124,-7.5274,34.3038,33.4909,33.0491,28.5162,15.4160,3.0712
738,-0.026223,0.004204,0.416006,-0.047924,-0.285694,0.007077,-12.6803,-22.7508,-13.9094,-34.4008,-13.6748,-20.3287,9.0345,23.3569,1.8412,37.1229,2.5431,20.5307
739,0.000484,-0.002870,0.409949,-0.047297,0.091985,-0.002829,-18.8488,-37.0091,-18.8150,-31.6433,-18.7363,-34.5566,23.0783,37.2489,18.3610,30.4615,0.5615,34.1818
740,-0.062161,0.016350,0.408273,-0.153608,-0.539239,0.047975,-12.0149,-19.3501,-16.4401,-40.1267,-14.8487,-12.1849,34.9946,15.2510,15.3607,38.4263,15.0657,8.0518
741,0.034294,-0.054489,0.409716,0.473784,0.269339,0.051928,-15.3321,-14.5271,-9.6236,-14.0174,-13.9723,-38.5635,22.0157,11.6043,17.7828,12.7024,7.6173,37.0350
742,-0.000407,-0.001040,0.406805,0.025475,-0.114156,-0.001105,-21.8434,-34.9918,-22.2344,-40.7880,-22.3000,-36.3087,14.6704,30.3286,36.5992,37.2275,39.0231,31.9453
743,-0.030749,0.064191,0.397328,-0.657343,-0.297486,0.080165,-13.7117,-38.7343,-18.7699,-36.4747,-14.7660,-5.6154,12.5011,38.3219,14.2154,34.0426,33.8638,0.7253
744,-0.003476,0.062321,0.418576,-0.457002,-0.036703,0.015233,-9.5642,-28.0303,-12.1315,-17.9046,-6.4085,-4.2969,13.5176,26.8123,1.9495,17.8083,10.8340,3.5461
745,-0.006285,-0.044247,0.415921,0.376708,-0.054073,-0.012776,-11.8918,-11.5428,-9.6875,-23.8169,-14.8625,-31.0967,10.3749,11.5799,0.0233,23.5991,18.2040,30.1560
746,-0.005389,-0.047493,0.416039,0.412162,-0.040536,-0.002220,-11.1510,-10.2550,-10.1616,-22.8178,-14.1033,-31.6614,3.8880,9.6142,13.8887,22.0293,9.1242,32.1757
747,-0.073447,0.037514,0.420802,-0.151666,-0.450699,0.067208,-4.0580,-8.2062,-13.2376,-25.1027,-6.6018,-1.0935,29.6765,1.6473,26.3770,20.1889,2.4432,1.0312
748,-0.025468,-0.070331,0.414945,0.440994,-0.171957,-0.049049,-9.4549,-3.6482,-6.9265,-23.0252,-16.0130,-26.3076,19.5815,3.5724,6.5980,20.1331,25.8438,21.1070
749,0.012260,0.026609,0.421196,-0.161212,0.112332,-0.017820,-13.6307,-27.6291,-15.7728,-18.3709,-11.4279,-19.2968,15.3380,22.5076,38.8302,13.3919,17.2886,17.3558
750,-0.047386,-0.052580,0.403529,0.520915,-0.421925,-0.102860,-11.7544,-4.7756,-13.4736,-37.2764,-16.3576,-30.1985,21.5135,0.5388,26.3355,36.5663,0.2277,29.6461
751,0.013017,0.024605,0.412551,-0.235543,0.122663,-0.015876,-18.7183,-37.1254,-19.0805,-25.4651,-16.0547,-24.9488,32.1190,32.2574,36.5051,20.6340,19.5747,20.4348
752,-0.036345,0.068162,0.407410,-0.542142,-0.259042,0.061749,-9.6100,-30.5101,-16.9352,-28.9228,-10.1297,-2.9660,9.8177,28.5015,19.6563,25.7799,19.0554,1.7139
753,0.003728,0.006710,0.417322,-0.082366,0.069330,-0.001817,-14.5120,-30.4706,-14.1188,-25.2110,-13.7709,-26.1983,10.6701,32.2811,1.0165,26.4430,1.1270,27.2107
754,-0.059243,0.006548,0.421267,-0.053875,-0.441283,0.011512,-7.4636,-10.0078,-11.0446,-28.5650,-10.6723,-7.3892,35.0953,6.5348,7.5046,26.3619,11.4500,3.6331
755,-0.045943,0.029055,0.432339,-0.093416,-0.215015,0.018677,-1.7306,-7.2847,-9.4586,-14.6216,-4.3253,-2.5414,5.0571,4.2715,21.5464,10.3985,2.1524,4.7755
756,0.034533,0.025276,0.415075,-0.219457,0.313898,-0.051090,-14.7414,-34.3189,-15.4999,-14.5693,-12.3332,-23.3361,1.5716,32.3468,33.5800,9.9445,21.3525,22.2496
757,0.054050,-0.027997,0.409790,0.268391,0.476456,0.071537,-14.9025,-22.9669,-9.0787,-7.6973,-12.2150,-35.8119,9.8370,23.2080,3.9526,6.9558,12.7798,35.7486
758,0.009593,0.012124,0.406276,-0.210885,0.159820,-0.017112,-21.7950,-43.3126,-21.6254,-30.6359,-20.4283,-32.4482,38.9724,39.9062,36.8592,25.2942,17.4877,27.4166
759,-0.006596,0.029805,0.413937,-0.303293,-0.063354,0.011421,-15.4747,-34.1963,-16.5862,-29.2240,-14.6601,-18.4586,19.9470,33.2485,12.9120,27.8771,17.6724,15.4051
760,-0.008336,0.002038,0.415099,0.007770,-0.121053,-0.003179,-15.6307,-27.1717,-16.2917,-32.8189,-17.1269,-27.5753,6.0748,26.3453,9.8556,31.7086,30.1601,25.7876
761,-0.023024,-0.086545,0.400873,0.616225,-0.184982,-0.098949,-14.1570,-3.7875,-8.5345,-28.6914,-20.2049,-35.3471,39.9076,1.4065,2.4221,25.7625,37.4220,27.0971
762,0.028677,0.003253,0.419170,-0.007796,0.261264,-0.014965,-13.9152,-27.3003,-14.3151,-15.3610,-11.6927,-26.9330,2.7876,24.7426,37.4845,12.1891,4.5344,27.6561
763,-0.027327,0.054123,0.403253,-0.523867,-0.247875,0.064388,-15.8280,-37.4443,-19.8242,-35.7856,-15.7458,-10.7993,28.1040,34.0714,23.2198,32.0352,31.0523,4.9244
764,0.027333,-0.004176,0.423964,0.034564,0.126824,-0.000637,-15.3466,-20.5761,-10.6075,-15.7651,-10.7819,-22.3686,39.5738,15.3532,13.9720,15.0349,10.9583,17.4438
765,-0.074726,-0.038289,0.415221,0.274414,-0.424955,-0.041482,-4.2017,-2.2616,-10.9116,-28.3125,-14.2364,-15.7671,8.8971,1.0479,27.3825,21.7387,18.0114,14.2001
766,0.001315,-0.004795,0.415744,0.058442,0.021365,0.000145,-17.4891,-27.9667,-16.4244,-28.5227,-17.3924,-31.0028,28.0373,25.0846,13.1811,25.9279,24.6881,27.7568
767,0.004453,0.022569,0.408763,-0.291148,0.074614,-0.007611,-19.5609,-40.9022,-19.7730,-29.9458,-17.7957,-25.8041,33.6741,38.2858,29.2188,26.4113,14.3146,21.3345
768,0.065760,0.019538,0.409866,-0.153913,0.496234,-0.043812,-18.1226,-33.8232,-13.8679,-7.7526,-11.5685,-26.5210,24.7303,28.3622,31.1510,3.1516,27.4057,21.8998
769,0.045362,-0.061420,0.409163,0.427741,0.315049,0.078318,-17.4452,-16.3114,-10.4115,-12.3759,-17.3445,-37.7416,30.3260,10.8116,35.0334,5.8577,39.4853,29.5389
770,0.007676,-0.028480,0.422036,0.209102,0.011033,-0.011241,-14.1776,-15.4332,-9.7359,-20.3912,-12.8171,-26.3031,35.7483,12.3520,4.8171,20.5156,9.0360,22.4151
771,-0.038221,0.023174,0.430256,-0.117999,-0.165583,0.007121,-5.1187,-12.2205,-11.2996,-16.6418,-8.4693,-6.1361,14.2323,8.2766,26.1829,9.6601,23.9922,4.0723
772,-0.039537,0.063691,0.424120,-0.290856,-0.181603,0.028202,-5.8625,-16.6283,-14.8157,-17.4537,-6.0332,-1.6889,21.2109,8.9431,35.6752,9.7890,20.1396,0.9882
773,0.005225,0.015362,0.418628,-0.143974,0.050829,-0.009357,-13.9108,-30.0249,-15.7043,-23.9908,-14.3516,-22.5542,1.1198,29.0800,25.1144,20.7142,23.3537,21.1754
774,-0.028527,-0.008080,0.433305,0.048405,-0.189188,-0.005335,-4.6560,-5.9541,-6.1934,-15.7129,-7.0135,-8.4373,14.1401,4.9784,5.6364,14.5411,4.7119,7.1272
775,0.015272,0.026803,0.426621,-0.179875,0.143650,-0.018621,-11.1494,-23.0734,-12.4217,-11.9256,-10.1248,-13.7999,15.1820,18.3229,29.1624,5.2438,36.6195,9.3092
776,0.014075,-0.041158,0.420469,0.299475,0.169389,0.045989,-11.5227,-14.5515,-11.2515,-14.4432,-14.9769,-29.9345,1.4748,11.8808,38.9292,7.2784,31.8784,26.9409
777,-0.057525,-0.022430,0.424880,0.093987,-0.321892,-0.025011,-5.2982,-6.1279,-9.0793,-22.9818,-12.8274,-10.7900,20.6907,4.8017,14.7307,16.8492,27.9084,5.9827
778,-0.036815,0.032482,0.428585,-0.176664,-0.200022,0.018310,-4.7784,-13.6345,-10.7110,-18.1559,-6.6360,-4.5798,8.7395,11.3333,15.5262,14.7750,10.1686,4.8994
779,0.056981,-0.115927,0.386212,0.823609,0.335764,0.124710,-16.1222,-3.3510,-2.1103,-7.2508,-16.0295,-44.4999,31.2962,1.6808,7.8623,6.8367,21.1088,36.8460
780,-0.030274,-0.098885,0.404251,0.603453,-0.164539,-0.044496,-8.9062,0.2927,-6.2664,-23.0619,-19.1947,-30.7848,15.2632,0.4803,13.6544,17.3592,38.2716,23.9255
781,-0.105500,0.020357,0.414651,-0.095902,-0.549588,0.038147,0.3829,-4.1383,-12.3827,-26.7431,-9.1237,0.2216,13.2590,1.7532,23.2580,18.6743,14.2496,0.3308
782,0.024738,0.035344,0.417309,-0.285538,0.181749,-0.022100,-16.2384,-32.9905,-15.3943,-17.3715,-13.0941,-18.3103,28.7295,28.0780,23.0487,11.9617,38.8005,12.0843
783,0.028938,-0.038899,0.417498,0.306006,0.248641,0.050562,-13.1838,-17.0687,-10.5161,-13.4438,-14.2193,-32.6076,4.5767,15.1957,26.4880,9.1753,24.4825,30.4857
784,-0.017159,0.027543,0.414060,-0.264909,-0.162725,0.018531,-15.4321,-31.6387,-17.1388,-32.2197,-15.9407,-17.9935,23.0017,29.5204,13.5688,29.6139,29.5899,13.4398
785,0.094286,0.077806,0.388984,-0.643047,0.605506,-0.161790,-17.9757,-41.9420,-10.2845,1.4882,-2.1739,-12.5255,34.0303,37.4243,1.2190,1.7435,1.2649,9.9086
786,-0.050494,0.031457,0.414190,-0.280213,-0.411277,0.054732,-8.7539,-20.9241,-13.6759,-32.7863,-11.3898,-7.1859,13.5859,20.6050,3.3446,32.5231,12.8020,5.8119
787,-0.047062,-0.067790,0.403197,0.547700,-0.352355,-0.106291,-10.9806,-3.1853,-11.2373,-33.4626,-18.7138,-30.3855,22.2348,0.7413,17.2359,29.8596,26.1036,26.2168
788,0.057199,-0.052893,0.403650,0.449812,0.419727,0.078322,-19.2621,-19.4586,-10.8863,-11.0433,-15.4464,-41.4968,37.8259,13.6135,27.2147,7.6724,19.4513,36.1895
789,0.028228,-0.086923,0.422692,0.399259,0.144732,0.037286,-7.8228,-0.7870,0.8451,-4.3325,-11.0080,-21.3642,13.4107,2.2537,4.4930,2.7192,23.6361,13.5253
790,0.001298,-0.033495,0.415720,0.292641,-0.005356,-0.011468,-16.9909,-18.1288,-14.3517,-25.9975,-16.5383,-33.3336,39.9651,12.2726,25.7280,23.0231,14.1490,29.0911
791,0.005984,-0.020300,0.411853,0.220155,0.031827,0.013234,-17.8950,-25.8692,-18.4445,-30.1342,-19.9300,-37.2936,7.7662,21.6260,37.0374,24.5073,39.2660,34.4671
792,-0.045840,0.016384,0.410978,-0.165665,-0.442255,0.027049,-12.0898,-22.4104,-15.1178,-38.3566,-14.9463,-14.3471,16.6534,21.6775,3.0689,38.5859,20.7158,11.4835
793,0.009886,0.090734,0.417017,-0.519812,0.084953,-0.040356,-6.8303,-26.6591,-12.4628,-9.0675,-1.4707,0.2678,1.2969,22.7917,17.2796,6.9898,8.2813,2.2063
794,-0.043629,-0.032889,0.416085,0.260728,-0.344188,-0.049747,-12.1082,-9.4771,-13.1338,-31.6408,-15.7884,-22.4654,39.4786,3.9555,25.1796,27.8326,15.9087,17.3046
795,-0.008352,0.005762,0.408679,-0.047678,0.010962,0.000465,-19.3626,-37.5751,-19.5898,-35.8443,-19.5712,-35.1002,25.6092,38.1697,1.4951,35.6638,10.1332,34.9960
796,-0.000907,0.010191,0.418855,-0.093266,-0.007284,0.000710,-14.7091,-28.3485,-14.2483,-26.2540,-14.8075,-23.5024,16.3910,28.1891,1.1196,25.3557,23.5372,21.2053
797,0.008296,0.006449,0.420396,-0.046917,0.069629,-0.002399,-15.4042,-26.7091,-15.3891,-22.3577,-14.4361,-24.2757,23.2853,22.4933,28.0597,18.1218,23.1922,20.5805
798,0.102489,-0.018433,0.417006,0.112018,0.434625,0.010964,-16.0638,-14.2613,-1.7062,2.5265,-3.5040,-19.8393,39.3675,7.6666,5.8720,2.2038,3.0326,12.5507
799,0.035135,0.039120,0.407930,-0.376054,0.319267,-0.073867,-17.1397,-40.7967,-17.2935,-16.6567,-12.7424,-21.9635,17.8783,38.0446,33.0684,12.5418,14.8753,19.5955
800,0.034995,0.061267,0.410669,-0.506878,0.291564,-0.091513,-13.2182,-37.8523,-14.5604,-11.3394,-9.8826,-12.3372,2.9336,36.2679,18.4318,6.3325,38.9238,9.3547
801,0.048813,0.045485,0.425738,-0.260958,0.205691,-0.012567,-12.2925,-21.5463,-8.2294,-5.5231,-3.3814,-8.1159,30.4770,14.9453,10.8007,5.7564,13.8559,3.8568
802,-0.039874,0.041536,0.412226,-0.342303,-0.296743,0.042819,-11.8825,-27.5320,-17.6564,-32.4772,-14.1092,-10.2508,19.4156,24.0528,24.6231,27.5647,30.6023,6.3108
803,-0.064242,-0.015344,0.421671,0.135817,-0.414113,-0.017004,-4.3422,-4.3552,-9.8732,-26.3887,-10.2730,-11.0709,13.0787,2.9180,16.2470,23.7206,2.0705,11.0772
804,0.003994,-0.019664,0.417097,0.219275,0.035081,0.006217,-13.7082,-20.7529,-13.0125,-24.8555,-14.6402,-32.1414,2.9175,20.8344,6.6141,24.9308,12.3009,33.4452
805,0.027750,0.005565,0.411113,-0.056414,0.273686,-0.007834,-20.1807,-36.3893,-18.8412,-22.6382,-18.4741,-33.5315,29.2010,31.7010,33.8319,16.1401,34.7748,28.4832
806,-0.008084,-0.031564,0.405313,0.370083,-0.107239,-0.015884,-19.9173,-22.3644,-19.7719,-36.8778,-21.7988,-41.5181,26.4316,15.6813,34.2225,31.9995,36.5891,37.8061
807,-0.043349,0.008434,0.409512,-0.084196,-0.406954,0.029372,-14.6597,-23.7866,-19.0474,-40.0708,-16.9339,-19.6839,23.3737,18.6959,37.7937,36.7945,16.6982,16.1262
808,-0.029790,0.001329,0.412678,-0.037817,-0.324496,0.016061,-14.1706,-23.7461,-17.0242,-37.4014,-15.5554,-21.8561,11.3028,21.2024,29.6768,37.0547,5.2344,20.6582
809,-0.019853,0.023412,0.421101,-0.223320,-0.146762,0.005046,-10.7564,-24.7394,-12.8986,-25.6113,-13.0567,-13.2032,9.1869,25.1277,1.2338,23.2822,32.6472,10.0192
810,-0.013869,-0.012330,0.409421,0.186738,-0.038623,-0.009336,-18.8737,-28.5857,-18.5828,-35.1656,-18.7143,-38.2669,37.0224,26.2512,5.2773,34.9583,2.9261,38.5894
811,-0.009753,0.017951,0.410162,-0.278410,-0.124137,0.019799,-16.7985,-36.0411,-18.0131,-34.4995,-16.4065,-21.6486,14.8107,35.7294,24.8938,34.2441,5.4793,19.2111
812,-0.008215,-0.037608,0.407814,0.469470,-0.103593,-0.023093,-14.0732,-13.5597,-13.3021,-30.5487,-16.2057,-37.8639,4.4972,12.2452,3.0083,31.4354,16.0513,39.8886
813,0.032729,0.060860,0.417224,-0.423595,0.195045,-0.030999,-12.6237,-30.7501,-11.8350,-10.8813,-5.7654,-8.9942,20.6052,27.1605,9.1406,10.3530,13.4076,6.8962
814,0.059532,-0.018992,0.398422,0.228729,0.593042,0.086923,-20.7461,-33.1347,-14.9763,-11.4265,-17.9257,-43.5335,30.4057,29.9186,16.7117,5.5247,37.8280,39.5396
815,-0.000446,0.086492,0.413365,-0.472695,-0.012532,0.009014,-11.2932,-29.0395,-17.0055,-17.3852,-4.8682,-4.4792,25.4948,20.4719,36.5473,13.7158,5.8728,4.4220
816,-0.044011,-0.003568,0.424488,0.028591,-0.204522,-0.000310,-7.9893,-13.4124,-13.8206,-23.3538,-13.9630,-14.8874,15.9483,9.2400,36.7933,14.3666,34.0493,10.9619
817,-0.014689,0.027575,0.405684,-0.367914,-0.162571,0.034417,-18.9225,-39.8735,-20.0182,-37.8780,-18.4643,-20.9278,28.6520,38.0990,23.4384,36.1132,18.6400,15.6325
818,0.066379,-0.134493,0.374488,0.938872,0.381808,0.204033,-15.4837,-0.8465,0.5107,-3.9046,-17.1618,-46.8754,23.8256,1.3435,4.1483,3.1255,29.3541,37.9604
819,-0.009803,0.012414,0.429108,-0.133664,-0.039096,-0.001408,-9.2799,-18.1975,-10.4338,-16.4852,-11.0773,-11.2523,18.6492,15.7681,13.4548,11.2335,36.0284,5.9633
820,0.055264,-0.100004,0.398286,0.704732,0.325058,0.099197,-15.0220,-4.5758,-3.7415,-6.5541,-14.0258,-39.9212,26.4630,1.1814,23.8084,5.0229,13.8084,33.5481
821,-0.010602,0.001519,0.418156,-0.016850,-0.104703,0.003323,-13.5871,-25.0101,-16.3557,-29.2852,-14.9512,-24.1378,1.9741,22.8528,34.2472,26.6138,13.5078,23.5403
822,0.048467,-0.093111,0.404459,0.580905,0.259686,0.063804,-16.0832,-7.1456,-4.7494,-9.6661,-15.7179,-36.6828,36.9163,3.0564,21.3378,6.7841,27.8607,27.0429
823,-0.051521,-0.033095,0.413839,0.264250,-0.429756,-0.078516,-10.2647,-7.5526,-10.6881,-33.5438,-14.8461,-20.3344,30.8390,5.6667,1.5417,33.3222,12.2131,16.8063
824,0.066326,-0.052619,0.399507,0.451250,0.499542,0.112546,-19.6986,-21.1900,-9.8584,-8.7218,-15.7883,-42.6279,37.3746,16.7396,16.4523,5.6861,26.6317,36.7703
825,-0.021176,0.054253,0.412748,-0.417681,-0.143518,0.018517,-10.5985,-30.6263,-17.3436,-26.4508,-10.5716,-9.0583,2.0538,28.2002,34.3791,22.8406,11.9705,9.0854
826,0.000451,0.052145,0.407485,-0.508685,0.002396,-0.006626,-13.9798,-38.6092,-17.4045,-25.2691,-11.4234,-12.1780,9.7867,37.5736,30.3480,23.6437,2.7837,11.1572
827,-0.057706,-0.050914,0.404873,0.456785,-0.468528,-0.118056,-9.2124,-3.3204,-11.0795,-36.0786,-16.4396,-25.2154,15.1127,2.1213,9.1963,35.0963,15.1638,23.4774
828,-0.017023,-0.032323,0.405290,0.393171,-0.175591,-0.042020,-18.8497,-19.2727,-18.0244,-37.4841,-20.5732,-39.4844,33.3003,13.4435,18.8698,34.7421,29.6939,36.2600
829,0.074543,-0.084057,0.402832,0.627375,0.425965,0.097753,-15.1684,-6.0100,-3.7654,-1.3012,-10.4131,-36.8227,24.9483,0.3065,35.4209,0.3665,3.4985,31.5153
830,-0.032269,-0.027702,0.416410,0.251254,-0.287434,-0.043991,-10.5676,-11.5218,-11.0549,-30.9380,-14.3434,-24.1986,10.4090,11.4921,0.0840,31.6978,12.8999,23.6207
831,0.045538,-0.011503,0.413681,0.120376,0.352303,0.006070,-18.7115,-27.2360,-14.7332,-14.3819,-14.0680,-33.2826,34.1998,20.5178,38.2387,9.9104,15.5620,29.1888
832,0.032473,-0.008023,0.409176,0.090356,0.356225,0.015741,-18.8267,-33.7642,-17.2860,-19.9608,-17.6222,-38.2595,17.0193,31.3879,27.0461,15.1121,23.5891,36.7608
833,0.061134,0.016384,0.399121,-0.169698,0.612637,-0.021465,-20.6381,-41.6491,-15.0192,-10.1052,-15.9622,-33.8638,34.8295,39.9934,5.4054,5.2932,37.8757,28.7207
834,-0.053733,0.032380,0.421000,-0.213525,-0.378040,0.049010,-7.6584,-14.8988,-12.9071,-26.7966,-9.4454,-4.3802,32.4564,10.3413,13.4080,23.4029,14.9713,1.2249
835,-0.013827,0.005546,0.412668,-0.000981,-0.151931,-0.004500,-17.6580,-29.2306,-17.4873,-36.0357,-18.3095,-29.1795,23.9364,27.4686,0.8197,35.4191,29.6577,26.3402
836,0.009957,-0.063850,0.416758,0.409260,0.095294,0.035484,-11.8624,-9.8277,-8.3998,-15.9350,-16.0201,-31.0135,13.4830,8.1888,22.7591,10.7076,32.8964,25.7143
837,0.068582,-0.030847,0.419060,0.237969,0.361409,0.020623,-15.7702,-14.6653,-7.2090,-4.2936,-8.8648,-26.6304,33.8317,7.0265,32.2573,2.5485,12.9687,20.3453
838,-0.003508,0.034747,0.431558,-0.206315,-0.083099,0.018234,-8.3048,-15.1759,-8.6254,-13.6230,-5.1778,-4.4846,28.4844,10.5506,6.9801,12.5844,12.1641,1.1917
839,0.065736,0.033423,0.406554,-0.287598,0.494113,-0.065271,-18.9888,-37.8972,-14.4503,-8.5240,-11.6554,-24.1587,30.4380,32.6936,24.4600,4.2247,31.1298,18.5578
840,-0.066744,-0.012187,0.411375,0.091680,-0.465645,-0.021808,-9.7983,-12.9693,-15.7671,-36.1579,-17.1847,-17.3834,21.3587,9.1454,29.8899,29.5595,32.0294,13.0163
841,-0.027961,0.011372,0.408033,-0.140157,-0.356054,0.021744,-15.1672,-28.0121,-18.7852,-40.6003,-17.7915,-21.0424,0.0259,25.7905,33.4720,38.6626,27.8861,18.0703
842,0.084809,0.030166,0.415935,-0.229594,0.430841,-0.023094,-16.6730,-26.4805,-7.7343,-1.2997,-6.0259,-15.0853,36.2912,19.4509,12.3176,0.6748,30.1139,6.9366
843,0.033025,0.100720,0.392144,-0.780522,0.209809,-0.047107,-16.5289,-44.7799,-16.8135,-14.6118,-5.8946,-4.7498,37.6554,39.0109,16.6492,13.7845,9.8424,1.4164
844,-0.043141,0.048119,0.409810,-0.382908,-0.326289,0.066117,-10.6004,-27.2938,-18.0363,-32.7551,-12.0086,-8.1291,11.6617,23.8890,32.7194,29.1250,13.6907,6.9183
845,0.072644,0.024600,0.402480,-0.244259,0.622790,-0.081875,-17.3392,-38.0650,-12.8011,-4.2953,-10.3059,-27.0839,15.7810,36.2041,18.6409,1.6738,16.3985,25.2444
846,0.014809,0.041852,0.418182,-0.329070,0.125005,-0.027334,-12.4582,-31.5339,-14.0987,-17.2889,-9.5550,-14.5326,7.9780,30.0166,19.4113,15.3638,11.5536,13.9223
847,-0.042423,-0.007022,0.410474,0.063805,-0.370304,-0.012473,-15.9713,-21.2856,-18.8671,-39.5409,-19.5554,-24.4467,34.2632,15.0231,33.7442,33.9765,34.7036,18.2177
848,0.073636,-0.044034,0.406042,0.332912,0.494607,0.081243,-17.9861,-20.0386,-7.1257,-5.3395,-12.4889,-35.9062,33.7362,16.6239,8.7992,4.7371,19.2133,30.1932
849,-0.071462,0.045941,0.427807,-0.140873,-0.313517,0.041400,0.4448,-5.2122,-11.5830,-15.9573,-3.5751,1.7410,8.8656,0.0707,30.9334,8.7600,3.8408,1.4334
850,0.048577,-0.047562,0.417787,0.342021,0.346565,0.066051,-12.5769,-13.3443,-7.1373,-5.9401,-11.5589,-30.3637,8.5059,10.6581,28.3213,2.4084,19.5085,26.9318
851,0.036182,0.074496,0.408726,-0.516558,0.218367,-0.045166,-15.5854,-36.5718,-15.3203,-13.1537,-6.8978,-10.1334,32.2111,30.1036,22.3197,11.0750,14.8280,6.8310
852,0.019953,0.009786,0.408964,-0.150987,0.181686,-0.019048,-19.8074,-40.6954,-20.2115,-28.6168,-19.6212,-32.9418,7.8601,39.1266,36.1441,23.7620,30.2376,29.8719
853,-0.046804,-0.018716,0.412291,0.159631,-0.378685,-0.030657,-11.3749,-14.7883,-15.1544,-35.8454,-17.4378,-22.6817,10.0042,12.4220,23.1497,31.7929,31.2385,19.6695
854,0.017273,-0.039086,0.410059,0.363838,0.156433,0.032104,-17.3681,-20.2113,-13.0885,-22.3834,-18.3573,-38.9570,28.0124,17.4413,5.8629,18.9694,37.1141,34.8521
855,0.070398,-0.047569,0.408154,0.367410,0.513996,0.114847,-14.0800,-17.2141,-4.9597,-2.1599,-11.1643,-34.4628,8.0883,17.6190,3.1097,1.9401,18.2875,31.8844
856,0.008882,0.009274,0.429780,0.047370,0.003250,-0.001980,-11.7954,-13.7451,-11.7460,-14.8291,-7.5008,-16.2079,34.9110,4.7640,38.1160,11.7133,2.3771,13.4310
857,0.018447,-0.002590,0.408084,0.040908,0.356272,0.006614,-17.1392,-35.4236,-16.1709,-20.4029,-16.2490,-37.4557,21.5615,36.9683,2.2045,18.7141,2.4853,39.4926
858,-0.013809,-0.037173,0.401746,0.493204,-0.202157,-0.042598,-16.4152,-14.9223,-16.5563,-37.0288,-19.5761,-40.1811,6.1098,10.9904,16.1246,35.4611,35.7688,39.7150
859,-0.049962,0.017488,0.416200,-0.154157,-0.426565,0.038340,-8.8563,-17.5565,-12.8477,-33.0796,-11.0593,-10.0569,15.6530,16.9892,3.7693,34.1958,1.9026,9.6115
860,-0.046830,-0.033119,0.409439,0.328960,-0.429418,-0.087323,-12.1962,-9.4231,-12.5797,-37.0910,-15.8281,-25.3926,28.1784,6.8875,3.9719,37.9332,8.7827,23.3185
861,0.003245,0.000572,0.423712,0.004394,0.018360,-0.000246,-12.8180,-21.5854,-12.4612,-20.8734,-11.8339,-21.8138,18.1037,19.2210,16.4786,19.5725,8.7667,20.3264
862,-0.003003,0.033504,0.407030,-0.384830,-0.102048,0.002410,-17.1362,-39.7743,-19.4826,-34.5280,-18.0900,-19.8768,1.0759,39.2772,27.6830,31.2680,38.2644,15.3727
863,0.038347,0.008680,0.411014,-0.084104,0.357910,-0.023831,-19.0376,-35.4903,-17.0381,-17.2821,-15.1618,-31.3260,29.0272,31.0007,34.4535,12.4850,17.0106,28.0450
864,0.091242,0.007594,0.409144,-0.060213,0.577710,-0.013731,-16.8517,-27.0927,-7.1923,0.3192,-6.5272,-24.2861,27.0106,23.1462,8.1668,1.0726,9.6438,20.3799
865,0.036736,-0.066466,0.401645,0.572090,0.303629,0.119566,-15.7816,-14.8025,-9.9538,-14.6039,-18.1212,-43.4877,12.0448,13.3287,14.2944,10.0503,39.5218,39.8294
866,0.090027,-0.103550,0.396619,0.637578,0.431304,0.097788,-15.8843,-3.4993,1.9822,1.1410,-10.0359,-34.8482,34.6296,0.7841,5.5573,2.3443,7.2622,25.7540
867,0.034348,0.034762,0.430163,-0.174442,0.118084,-0.003094,-12.2618,-17.5794,-9.4665,-7.7368,-5.4246,-8.5352,39.3305,8.3091,25.0454,4.4260,24.7269,1.8460
868,-0.030673,0.067329,0.406003,-0.548279,-0.245906,0.087343,-12.0924,-32.3998,-17.6328,-30.1854,-9.9595,-4.5529,24.9191,28.6410,22.2158,28.5357,7.1020,2.5834
869,-0.024777,0.064512,0.407526,-0.538093,-0.191533,0.048237,-11.2962,-33.2323,-17.2093,-28.4505,-10.5179,-5.6196,11.2037,31.2508,22.4102,26.0795,14.1054,4.2268
870,-0.028722,-0.014590,0.419415,0.131483,-0.229267,-0.010220,-11.6948,-15.8154,-13.9190,-29.5178,-14.4377,-22.5372,16.3086,12.7938,24.1660,26.9533,12.9229,20.8082
871,-0.029106,0.048497,0.413110,-0.372257,-0.213869,0.039350,-10.2677,-28.2521,-17.2633,-28.5738,-10.4953,-9.2081,3.6264,25.5681,35.6477,25.6896,5.4172,9.7086
872,0.050567,-0.038541,0.406691,0.333630,0.418458,0.087119,-17.6306,-22.6760,-9.9562,-11.5978,-15.8336,-38.9205,27.8126,21.1362,0.4018,9.1469,32.5494,34.5281
873,0.031758,0.004712,0.424873,0.004070,0.149527,-0.004614,-14.9929,-20.4294,-11.1890,-13.8107,-9.3689,-20.6524,37.7309,13.5827,24.2252,12.2974,8.8100,16.2225
874,0.066637,0.126960,0.380680,-0.862136,0.380109,-0.177514,-16.3858,-45.3221,-17.1833,-4.8045,-1.0581,-2.9391,28.9793,35.5258,30.4102,2.9953,12.8513,1.6160
875,-0.014248,0.019262,0.417352,-0.183458,-0.133787,0.002704,-13.2543,-28.3030,-15.4177,-29.6065,-15.2983,-18.8237,4.7996,28.1223,10.9800,27.1656,33.2151,16.0294
876,0.051938,0.027744,0.403399,-0.286851,0.485028,-0.081178,-19.2488,-41.2323,-16.4295,-12.2734,-12.5202,-27.5533,33.3885,37.6214,29.1308,8.9067,5.7310,25.0018
877,0.005874,-0.043655,0.425243,0.290396,0.033334,0.003165,-8.7477,-8.3555,-5.4969,-14.3818,-10.4335,-23.4401,6.7426,9.3600,0.9685,14.9679,6.3304,22.4711
878,-0.002347,-0.004701,0.413656,0.064833,0.019362,-0.000360,-17.1987,-29.8562,-16.8068,-30.6676,-16.9710,-33.2235,21.0182,29.2071,7.4492,30.5497,7.3244,33.3456
879,-0.000324,0.016115,0.425735,-0.041243,-0.022611,0.002460,-13.0387,-19.6681,-14.4013,-19.6169,-10.4129,-17.5256,32.5933,11.8517,38.1960,15.1781,11.5669,14.2366
880,0.022991,0.008257,0.408117,-0.134137,0.210911,-0.019273,-20.2209,-41.3544,-20.5349,-28.4097,-20.0918,-34.4935,6.2416,39.7806,37.4181,23.2235,32.3481,31.4893
881,-0.003209,-0.036729,0.409298,0.385907,-0.012639,-0.015481,-18.2624,-19.3302,-15.8684,-29.9475,-18.4417,-39.3719,39.0432,14.1604,17.1118,27.6445,16.1333,36.7267
882,-0.022984,-0.025079,0.422340,0.145998,-0.159820,-0.018111,-9.9021,-13.6617,-9.9755,-24.6441,-14.6621,-21.1720,9.9472,14.1989,1.8869,22.2385,30.3175,17.8472
883,0.002436,-0.017137,0.429170,0.102995,-0.051933,-0.008892,-10.9453,-11.8056,-7.6508,-16.8285,-9.6237,-17.1531,31.4788,8.5609,6.6938,16.7582,8.2591,12.9210
884,-0.021730,-0.025065,0.421554,0.216877,-0.174572,-0.015023,-9.6276,-12.0129,-10.7644,-25.5036,-12.3585,-23.1728,5.2646,11.5188,12.7747,25.4200,3.0422,23.8773
885,0.011205,-0.004140,0.414125,0.059971,0.134613,0.005327,-18.1541,-30.4107,-16.6084,-25.8987,-17.5218,-33.5083,27.4882,27.9640,12.1664,22.9513,24.7547,30.7860
886,-0.025543,0.041230,0.406090,-0.482830,-0.261851,0.073779,-13.6854,-34.7584,-16.4144,-34.7627,-13.0320,-10.2706,15.2197,35.4037,11.6935,36.2531,2.1752,8.1437
887,-0.011931,-0.060228,0.407117,0.544231,-0.104461,-0.033963,-15.6813,-10.0073,-14.1271,-29.0492,-17.7274,-38.1749,32.3982,3.6526,36.3679,25.6044,9.1722,35.3837
888,0.031124,-0.098930,0.411962,0.576946,0.173094,0.053603,-8.8567,0.2405,0.4391,-6.3380,-11.7688,-29.4186,8.5467,2.0298,0.5146,6.7660,12.7136,24.5736
889,-0.052225,-0.012374,0.414008,0.120207,-0.423235,-0.014303,-9.6425,-12.8524,-14.3335,-34.8877,-14.4185,-18.7639,10.5562,10.4550,24.3162,32.7511,10.4260,17.9819
890,-0.010262,0.024511,0.407116,-0.384900,-0.178601,0.032184,-15.5781,-37.2894,-16.9826,-35.6422,-15.6067,-17.5106,1.4390,39.3199,19.1105,37.1551,6.0262,15.5478
891,0.036797,0.016253,0.424805,-0.174372,0.271912,-0.013160,-11.5955,-24.6515,-9.0074,-7.9333,-9.7716,-15.7798,8.4278,23.6169,8.2995,4.3750,37.2267,11.1684
892,0.034283,0.070336,0.407341,-0.543534,0.239894,-0.059653,-14.9052,-38.4904,-14.9450,-13.3430,-7.5276,-10.7918,23.4443,34.7029,17.4887,11.7496,12.7515,8.5056
893,0.019354,0.041005,0.412966,-0.359220,0.172742,-0.041782,-15.4355,-37.0871,-16.9593,-19.8914,-12.8804,-18.6250,12.8493,34.5042,29.3960,15.5906,23.2181,15.9231
894,0.077953,-0.035090,0.408580,0.300334,0.574636,0.084871,-13.5456,-18.5210,-4.5102,0.7513,-7.9762,-32.3814,6.4009,18.9251,2.0041,1.2259,0.8262,32.3509
895,0.036227,0.004377,0.401955,-0.067982,0.468934,-0.017641,-21.5113,-42.3035,-19.5996,-19.5510,-19.1656,-39.0322,35.3049,39.4747,27.7847,13.1150,23.4478,35.8096
896,0.007768,-0.016424,0.412654,0.211314,0.136170,0.010161,-17.0724,-26.1403,-15.3712,-25.4186,-16.4606,-37.0471,25.7605,24.6267,4.8493,24.4847,9.8820,37.3104
897,0.001941,0.053797,0.408198,-0.530197,0.014525,-0.011983,-13.3079,-38.7234,-16.1066,-24.2474,-11.4351,-11.1775,5.3225,39.4365,16.7575,23.1572,11.6245,9.8903
898,0.013650,-0.044161,0.416595,0.394317,0.116375,0.020753,-12.3998,-13.1439,-9.9152,-17.9748,-12.8291,-33.5410,7.8668,11.9924,15.8465,17.6786,1.0062,34.5777
899,0.000512,-0.063301,0.420146,0.315825,-0.035966,-0.019307,-13.0376,-8.8097,-7.0347,-18.7236,-16.3433,-25.2135,38.7921,5.9481,11.1632,14.4859,37.8645,15.1151
900,-0.060798,0.003114,0.417878,0.025477,-0.413564,0.012715,-8.9844,-11.8949,-15.1822,-31.1843,-12.9422,-13.2416,30.5209,5.7935,34.5957,25.5999,13.0341,10.4269
901,0.021149,0.012334,0.409929,-0.165757,0.253171,-0.023266,-18.9244,-39.3572,-18.3576,-23.7000,-17.2410,-30.9289,23.1316,37.8005,25.8712,19.7475,16.9189,28.3543
902,-0.061003,0.023444,0.420527,-0.191226,-0.360332,0.017753,-4.8928,-14.8566,-12.1453,-26.3391,-11.0190,-5.2630,6.5643,14.6917,10.1114,21.6116,25.6987,3.7528
903,-0.054561,0.011771,0.414819,-0.084848,-0.427630,0.028263,-8.8715,-16.7644,-14.9148,-33.9882,-12.6653,-12.6677,10.3141,14.5804,22.9423,31.9301,8.5922,12.1941
904,-0.002337,0.017944,0.432320,-0.148968,0.001619,-0.001765,-7.7288,-15.8807,-8.5798,-11.9346,-8.1091,-8.1398,15.8704,13.3656,11.6454,7.7760,28.5611,3.9725
905,0.004334,0.016910,0.409973,-0.182471,0.086470,-0.005311,-19.3324,-39.6821,-19.1030,-31.0420,-18.9638,-30.2271,24.4140,39.1751,9.7922,28.4883,26.1523,27.1391
906,0.054653,0.015080,0.403819,-0.153790,0.507065,-0.038384,-20.9865,-40.0345,-16.9820,-13.4853,-15.6215,-32.7365,37.4799,35.3802,27.9728,8.0164,26.5869,27.7108
907,0.024455,-0.008799,0.422389,0.042156,0.151552,0.006019,-14.9472,-22.2199,-10.4173,-16.4810,-12.5382,-24.3886,30.5833,19.6888,4.4353,15.3863,20.5876,19.7506
908,-0.013261,0.045514,0.410446,-0.437696,-0.127373,0.011075,-13.8121,-35.5598,-17.1312,-30.1251,-14.7869,-12.9356,6.7750,35.3569,14.1849,27.0774,35.3422,9.1605
909,-0.001697,0.047747,0.419703,-0.383324,-0.024284,0.009032,-12.0869,-28.8963,-13.1334,-20.0749,-10.2592,-8.9829,23.2442,26.6563,4.2262,17.6216,29.2208,4.6442
910,-0.027041,-0.027695,0.433072,0.106430,-0.103344,-0.005494,-3.3670,-5.4475,-4.9272,-12.8620,-9.4413,-10.9580,0.3355,7.3610,5.6701,9.0927,21.0991,8.6486
911,-0.037562,0.067679,0.400085,-0.604529,-0.311949,0.123170,-12.7830,-34.2490,-18.9518,-34.1236,-10.8473,-3.9816,26.0584,30.3646,27.9278,32.7026,3.2933,1.7403
912,-0.034165,0.015244,0.410673,-0.149940,-0.357292,0.021100,-15.7155,-27.2277,-16.7966,-39.6273,-16.8841,-19.7642,28.6760,25.4241,1.7054,39.9322,22.7457,15.6696
913,0.007425,0.043757,0.411475,-0.419050,0.071594,-0.001726,-15.7142,-37.4105,-15.8563,-23.2492,-11.8522,-15.6733,28.8560,35.9504,12.4355,22.6455,5.1910,13.0424
914,-0.056546,-0.013450,0.412602,0.129379,-0.414795,-0.013091,-11.0992,-13.8960,-16.6342,-35.7958,-16.6764,-20.2927,21.4759,8.7916,38.3856,29.8782,22.6426,17.0007
915,0.007068,-0.040721,0.421000,0.303515,0.034767,0.000297,-13.4989,-12.5603,-10.7572,-18.8708,-13.9454,-28.3279,28.2280,7.6994,28.4248,15.2753,15.8996,23.9513
916,-0.019428,0.026343,0.425107,-0.228109,-0.131190,0.009974,-10.5488,-21.1870,-12.3244,-21.2341,-11.7321,-9.3936,27.9413,17.8001,10.9334,16.3321,36.8742,3.3288
917,-0.085787,-0.031341,0.423422,0.129799,-0.318337,-0.017611,0.6032,-1.2176,-8.6263,-18.8439,-13.1972,-7.7575,1.1374,2.2921,26.4438,7.2354,36.2956,4.8361
918,-0.027430,-0.033686,0.420080,0.252484,-0.227275,-0.036666,-11.6125,-10.1892,-11.0598,-26.9795,-14.2477,-23.0623,30.9927,6.6478,15.6711,24.9348,12.6961,19.1601
919,0.004570,0.013910,0.414103,-0.102494,0.005301,-0.001995,-16.3584,-33.3486,-16.5345,-30.4458,-16.8653,-28.0249,0.4743,34.4228,2.3848,30.0174,30.7396,27.1170
920,0.002386,-0.010064,0.417796,0.105199,0.020624,0.002776,-15.0510,-24.3066,-14.5068,-26.1093,-16.1851,-29.7717,11.4058,23.0739,11.1925,23.9378,26.7208,27.9665
921,-0.019510,0.041384,0.430646,-0.256920,-0.147733,0.024761,-5.5807,-14.5809,-8.3357,-14.6999,-4.3915,-1.3394,16.8190,12.3743,0.7857,14.0645,8.5407,0.3626
922,0.040420,-0.027165,0.427890,0.186436,0.245158,0.020012,-11.4428,-11.5028,-7.2351,-5.1662,-9.2030,-21.0063,20.6354,5.6258,35.1754,0.3330,22.9627,15.3615
923,0.023805,0.110887,0.392372,-0.738011,0.130792,-0.030741,-16.4031,-42.5518,-19.9959,-17.1962,-5.3202,-4.3945,39.8853,32.5254,39.8416,14.0900,6.2135,2.1955
924,-0.020179,0.000767,0.414697,-0.026553,-0.179497,0.006102,-16.9217,-27.2992,-16.8184,-34.6963,-16.1802,-25.9398,37.9673,24.3888,13.0552,34.9037,0.8680,23.4571
925,-0.025323,0.069484,0.404309,-0.625678,-0.203499,0.042783,-10.9591,-35.4938,-16.4772,-29.1238,-11.6033,-3.4144,6.3476,35.7681,8.1278,26.7094,29.9823,0.6328
926,-0.047700,-0.022618,0.419153,0.126421,-0.324624,-0.030266,-10.9075,-11.7789,-13.0196,-29.5889,-16.4358,-18.0742,35.6138,7.3146,22.9853,23.1819,34.2426,11.0342
927,-0.005812,-0.065086,0.409328,0.515149,-0.036711,-0.002918,-14.0620,-9.6003,-11.9904,-24.6762,-18.1263,-36.3587,21.7695,5.5754,29.5216,19.7998,26.3954,32.2147
928,-0.068545,0.008550,0.414756,-0.080349,-0.471443,0.009769,-6.5651,-13.5249,-13.4185,-32.7969,-13.2982,-9.6084,10.2027,12.6687,13.9148,28.8670,22.7253,7.7646
929,-0.037663,-0.020959,0.423972,0.085460,-0.278471,-0.026840,-9.9954,-10.6978,-10.0883,-25.4042,-14.0767,-14.9714,36.1196,7.5734,9.9544,21.3005,29.1148,7.9418
930,-0.063269,0.043231,0.414802,-0.287828,-0.434146,0.080565,-5.6038,-16.7513,-14.2169,-29.6476,-8.1435,-2.8476,11.0668,14.3545,18.0989,27.7333,0.5295,4.2391
931,-0.018100,-0.048429,0.419488,0.367303,-0.180834,-0.054347,-11.3177,-6.2232,-8.3185,-24.0373,-12.6945,-25.0635,33.0577,3.3772,7.4935,24.6113,0.2919,22.0626
932,0.013834,0.006713,0.416697,-0.046583,0.129126,0.001160,-15.6945,-30.9139,-15.2405,-23.8994,-16.5851,-28.5028,4.3123,30.9952,7.0336,20.7818,39.8036,26.1427
933,-0.014775,-0.009046,0.415982,0.103620,-0.163616,-0.008807,-14.6178,-22.5323,-15.0275,-32.5761,-15.6024,-27.8684,12.3421,21.4238,10.1511,33.1283,10.3292,27.5752
934,-0.036113,-0.052059,0.411898,0.419172,-0.276424,-0.059770,-11.9395,-7.2474,-12.3232,-30.6563,-16.8751,-28.4563,27.1317,3.1744,25.3837,27.0374,17.1322,24.6912
935,-0.011912,0.026401,0.412906,-0.251771,-0.111635,0.016709,-18.2112,-34.2024,-18.7969,-32.7699,-17.6819,-21.1769,39.2674,29.7958,18.5695,28.6289,34.6362,14.4082
936,0.050561,-0.041558,0.415634,0.331070,0.384230,0.067564,-13.6400,-16.2790,-9.0405,-6.8366,-12.2322,-32.6039,7.4876,12.9020,34.3608,2.5235,19.7215,29.8664
937,0.055945,-0.005023,0.433299,-0.020525,0.202606,0.005982,-10.7612,-10.8902,-2.5770,-1.2236,-4.4350,-9.7979,31.0339,5.7122,7.6143,1.3962,20.7582,1.9002
938,0.066342,0.012615,0.402597,-0.120376,0.589332,-0.061540,-19.5284,-37.7911,-15.8072,-8.4984,-12.6299,-32.3922,27.1794,32.8855,38.0567,3.9608,10.9880,30.0160
939,0.026184,0.114245,0.392292,-0.763871,0.141645,-0.032988,-15.8435,-42.1979,-18.9038,-15.6537,-4.7698,-2.7327,38.1438,32.8525,31.7420,12.8709,12.0229,0.1351
940,0.053644,-0.038395,0.420923,0.249837,0.280572,0.024464,-15.4381,-13.8695,-7.6860,-7.4943,-11.1993,-26.5608,35.7027,6.8363,31.6316,4.0762,23.0686,18.6940
941,-0.026364,0.001023,0.409688,-0.016920,-0.278786,0.005116,-18.5839,-28.2903,-20.7604,-40.4087,-20.2272,-27.4359,30.0261,22.1573,39.2778,35.6906,31.1632,21.7423
942,-0.015916,-0.013141,0.407260,0.204692,-0.201130,-0.022737,-19.8016,-26.3180,-19.8299,-40.6753,-20.4147,-36.8114,27.3857,21.5649,19.4558,39.3214,24.3161,34.3660
943,0.032669,0.000167,0.402482,-0.019359,0.475440,-0.007349,-20.1443,-40.2904,-18.2845,-18.4277,-18.0268,-39.3554,33.2359,38.9907,19.3119,13.4861,13.2097,38.1159
944,-0.002311,0.003637,0.411412,-0.023190,0.061532,0.000171,-18.6592,-34.8355,-18.2860,-31.4660,-18.3472,-33.6342,29.1326,34.2533,4.8704,30.3027,12.5383,32.6219
945,0.007501,-0.025151,0.415279,0.241207,0.073274,0.000627,-16.9934,-21.7399,-14.0820,-24.6740,-16.1767,-34.2503,34.3704,18.1426,12.2008,22.9884,14.0154,31.5994
946,-0.040359,0.041906,0.420236,-0.231619,-0.214375,0.024025,-7.5606,-20.6138,-16.1810,-24.4170,-9.8143,-8.7614,5.6497,16.3784,38.0293,18.3804,14.8464,9.2907
947,0.069578,0.036595,0.410509,-0.285284,0.445372,-0.050078,-18.5537,-34.2373,-12.9881,-7.0219,-10.1455,-20.3215,35.4010,27.3010,23.8527,3.0059,36.0920,12.9967
948,0.010024,-0.000157,0.414485,-0.013302,0.112628,-0.001364,-16.1504,-32.2439,-16.0908,-26.8315,-15.9605,-31.5556,3.8135,33.2757,13.0197,26.5281,8.3128,32.5548
949,0.038081,-0.004246,0.416494,0.039308,0.340729,0.007107,-15.0822,-27.6142,-12.0383,-13.2586,-12.4516,-29.5763,12.6497,26.7863,12.4047,11.6387,13.0824,28.7872
950,0.058752,0.017070,0.424208,-0.147683,0.347518,-0.013591,-12.3822,-22.3358,-7.0417,-2.9454,-6.6292,-14.9070,16.2952,19.1506,9.7437,1.5322,25.9857,10.0861
951,-0.081720,0.012644,0.407836,-0.114984,-0.606017,0.028947,-5.5865,-12.3690,-13.7212,-37.0508,-12.8573,-7.0965,7.5559,12.0708,11.2576,34.5601,16.0780,6.3763
952,0.049925,-0.012812,0.405161,0.147250,0.520211,0.038949,-18.1781,-31.8148,-13.9933,-11.8013,-15.0592,-38.7629,22.0784,30.2448,14.9129,8.4230,16.5440,37.8426
953,-0.041265,-0.032437,0.415082,0.263742,-0.334436,-0.053630,-9.6412,-9.7070,-10.9464,-31.5234,-15.2976,-22.8668,9.6395,9.7184,3.2495,30.5949,21.1441,21.0978
954,-0.059339,0.004480,0.419623,-0.089970,-0.417121,0.000441,-8.8154,-13.2288,-12.1198,-29.7639,-13.8446,-8.7251,37.2015,10.0175,7.9739,24.8811,32.6230,1.9714
955,0.004811,-0.006305,0.410163,-0.015774,0.064552,-0.002242,-19.9398,-35.9539,-20.1021,-32.6428,-19.5814,-35.1348,21.8776,33.4046,37.7356,29.5895,8.1152,33.0191
956,-0.043181,0.019128,0.419681,-0.089594,-0.311670,0.029385,-11.0880,-17.7321,-16.1744,-29.5738,-12.3018,-13.2863,32.9354,10.9277,34.9506,24.6583,13.0191,10.1872
957,0.047381,0.028865,0.411928,-0.269571,0.359951,-0.022817,-18.1119,-35.9477,-13.0356,-12.8700,-12.3588,-22.4644,36.4059,33.1286,3.3267,10.7483,29.3994,16.5849
958,0.036112,0.059741,0.402703,-0.516083,0.284613,-0.067675,-19.8389,-44.6397,-19.0823,-18.2495,-13.8154,-18.5546,38.6217,38.5619,30.7679,12.2554,35.9744,11.6722
959,-0.003104,-0.007660,0.413150,0.121520,0.026738,0.000030,-16.2541,-28.5346,-16.0842,-30.4817,-16.1891,-34.8448,13.6734,29.3546,0.3048,31.9543,0.0356,37.3720
960,-0.020934,0.026108,0.406323,-0.390940,-0.193876,0.051017,-17.1979,-38.2348,-17.7665,-37.1364,-16.4164,-18.1917,29.9458,38.7921,9.4297,38.3828,1.2745,14.6459
961,-0.002107,0.011133,0.406545,0.034116,-0.074350,-0.002620,-21.0102,-35.7591,-21.0684,-39.9855,-20.6632,-37.5316,15.4336,33.7597,2.4926,39.6687,35.5234,36.5733
962,-0.106568,0.004380,0.403445,-0.062982,-0.674231,0.001715,-4.9039,-8.6590,-14.7764,-37.5257,-15.5970,-5.6898,28.3304,5.8499,20.0261,29.3240,33.5918,0.9548
963,0.052654,0.050609,0.424909,-0.256407,0.235205,-0.024584,-11.8292,-21.3510,-8.4843,-4.1238,-1.9292,-8.2484,26.1947,14.3055,14.9965,4.8387,5.9063,5.8461
964,0.003572,-0.015185,0.406936,0.227375,0.007764,0.003763,-21.3071,-30.1898,-21.1576,-35.7474,-21.9086,-42.0020,22.6698,24.7131,30.8936,31.1162,37.2795,39.0037
965,-0.031363,-0.006195,0.424508,-0.016295,-0.180904,-0.008914,-9.0769,-16.1540,-11.3690,-23.8664,-14.3433,-15.2892,13.2228,15.4894,10.7769,18.6498,38.3142,10.5292
966,0.020007,0.053632,0.413993,-0.452559,0.159757,-0.034966,-13.2456,-35.4458,-13.8064,-16.3581,-9.7301,-12.1330,12.4164,34.6913,7.8861,14.5759,21.9138,9.8424
967,0.018237,-0.030399,0.420230,0.242424,0.179006,0.032321,-12.6847,-17.7959,-11.9815,-15.8620,-14.3896,-30.2402,3.2607,15.2704,33.1993,10.5694,25.4902,28.2363
968,-0.013861,0.001734,0.407712,0.063214,-0.136967,-0.008250,-21.5292,-32.6945,-21.2663,-40.4860,-21.7915,-35.9574,39.0726,27.9039,11.9766,37.6318,36.3657,31.4411
969,0.064996,-0.072303,0.403018,0.550657,0.414572,0.099580,-17.5883,-12.7710,-7.9312,-6.8040,-14.3224,-39.7782,31.3060,6.4445,37.5526,2.9558,20.2405,33.0717
970,0.062892,0.091632,0.398217,-0.611257,0.380068,-0.125508,-17.3537,-40.5538,-16.5750,-7.2963,-5.2631,-10.4386,32.7318,31.0661,34.4922,3.7254,21.3159,6.7784
971,-0.003611,0.000952,0.405846,-0.083882,-0.057281,0.003026,-23.0009,-40.0638,-23.1159,-40.4660,-22.9611,-35.7095,31.8403,35.8380,39.0873,36.4092,24.6162,30.4122
972,0.011696,0.062541,0.412430,-0.479003,0.102705,-0.037563,-13.1369,-35.5716,-16.2628,-18.3208,-10.0491,-10.7844,12.4478,32.4015,24.8194,14.1059,25.1060,8.4085
973,-0.015888,0.008116,0.407465,-0.106955,-0.242532,0.011368,-19.7659,-33.5799,-21.0991,-41.7919,-20.7167,-28.1343,19.5056,29.4734,33.4137,38.8545,33.0839,22.9320
974,-0.004108,-0.046816,0.424766,0.249803,-0.020311,-0.002252,-12.1598,-9.6512,-9.8280,-17.0629,-15.4200,-22.6297,36.5442,3.6915,35.5867,9.0553,38.8408,13.2350
975,-0.043063,-0.005448,0.413365,0.054768,-0.404948,-0.005836,-13.7210,-17.9590,-15.4682,-37.5401,-15.0903,-20.6630,34.1443,13.9647,16.2072,37.4905,3.7193,17.9458
976,0.007838,0.008120,0.406167,-0.146630,-0.012484,-0.002458,-22.0805,-41.4069,-22.3574,-38.1715,-22.2075,-33.7975,12.0869,38.5678,39.4077,34.2236,35.4770,28.9299
977,-0.119911,-0.031439,0.399490,0.198983,-0.718669,-0.101092,-0.1768,1.0938,-10.0655,-35.5928,-15.3873,-7.0947,8.6843,1.1025,8.3368,28.8427,26.0438,4.8054
978,0.054380,-0.046100,0.416725,0.311389,0.309850,0.037781,-16.2540,-14.7822,-8.1391,-8.5131,-12.5344,-30.4910,34.5986,8.4585,30.2219,5.1649,22.8494,23.0745
979,-0.016201,-0.014710,0.410328,0.216825,-0.197091,-0.024022,-17.1030,-22.7870,-17.1019,-37.2826,-17.9740,-33.9078,18.4936,20.0478,10.1791,37.6496,16.7981,33.2883
980,0.015989,-0.080233,0.406658,0.652939,0.117804,0.035132,-10.9250,-3.5772,-5.5372,-14.7926,-13.1185,-37.3446,7.0248,3.8049,6.7630,15.4570,2.0628,37.6254
981,0.012955,-0.072917,0.404953,0.579303,0.092539,0.023021,-17.0650,-11.2054,-12.5396,-21.8327,-18.9726,-41.2219,34.7766,4.7272,38.4037,15.9900,27.0223,35.1887
982,0.076027,-0.012121,0.402194,0.128300,0.613354,0.018378,-20.0375,-30.7876,-13.0035,-6.1085,-12.6549,-36.7289,33.7101,25.0039,31.5675,2.6634,13.1997,33.1281
983,-0.031307,0.004787,0.408947,-0.049334,-0.312804,0.007631,-18.7730,-28.4959,-21.0185,-41.3378,-20.6708,-26.0163,36.2486,21.8819,36.4751,36.0208,36.7115,19.1277
984,-0.043885,-0.036701,0.417423,0.236491,-0.254050,-0.024145,-8.3064,-10.2022,-11.8921,-27.7451,-16.9109,-22.2452,2.4098,9.8743,21.6450,21.4228,37.7013,18.9495
985,0.005773,0.022184,0.411427,-0.230945,0.052553,-0.007345,-18.6278,-38.4735,-18.9460,-30.0924,-18.4170,-26.4848,19.5395,36.7951,18.5558,26.2395,35.6452,21.9897
986,0.047411,-0.020328,0.410119,0.192159,0.433802,0.067168,-16.5462,-27.3023,-12.2558,-12.2819,-16.0800,-36.5734,8.9399,26.6148,10.9088,7.8144,39.9817,33.6508
987,0.005473,-0.048149,0.429966,0.303466,0.030962,0.004009,-6.4117,-3.0369,-3.6536,-9.5067,-8.1142,-18.8007,7.2793,2.6314,12.3635,8.7906,2.2495,17.2348
988,0.061661,-0.032567,0.401681,0.336546,0.560207,0.127725,-17.6373,-26.6254,-12.0106,-8.6575,-16.5853,-42.0908,9.4112,25.1891,17.5240,3.3426,39.6944,39.2544
989,-0.027392,-0.059495,0.402609,0.540837,-0.232322,-0.061851,-14.7729,-9.4565,-14.3632,-34.2100,-20.4011,-37.0371,22.3314,5.1045,23.8995,29.8077,34.8771,32.9302
990,-0.014776,0.014328,0.406874,-0.250224,-0.166683,0.024835,-19.5653,-38.5462,-19.8924,-39.6748,-19.3984,-25.6641,27.7535,37.4494,20.1322,39.1230,12.6173,21.4453
991,-0.001645,-0.014880,0.407623,0.168320,-0.139631,-0.007642,-19.5650,-28.9485,-19.6254,-39.6003,-19.6071,-37.6216,5.1623,26.0611,30.1603,39.7686,14.6952,37.2902
992,0.002891,-0.057145,0.425761,0.329295,-0.034097,-0.019522,-10.3050,-4.0670,-5.4696,-14.2463,-11.6174,-21.1737,32.8033,0.2380,18.6295,11.6937,15.2728,14.3964
993,0.006068,-0.031518,0.419000,0.221363,0.060201,0.013584,-13.8139,-18.2815,-11.6525,-21.2799,-16.4953,-29.7663,14.7346,16.8594,12.0112,17.2690,37.1636,25.4410
994,0.080499,-0.005310,0.412114,0.034379,0.494506,0.009279,-18.3761,-25.6606,-9.4693,-4.2206,-10.1721,-27.2947,35.3945,19.2000,22.9134,2.1007,24.3712,20.4030
995,0.000266,0.030482,0.432099,-0.183225,-0.036670,0.008828,-7.5974,-15.4138,-8.0288,-12.3282,-4.9682,-5.8977,18.8479,12.4422,5.1938,11.8526,8.8564,4.1016
996,0.014594,0.014447,0.412850,-0.156319,0.138886,-0.012468,-17.4120,-36.8825,-17.5859,-26.5725,-17.2519,-28.8134,6.8184,36.7394,17.9490,23.6260,28.4984,26.7459
997,-0.022899,-0.000594,0.413421,-0.006919,-0.238418,0.003907,-16.5474,-26.1677,-17.4582,-36.7204,-16.9745,-25.8173,27.2758,22.9549,20.4132,36.0369,10.0869,23.1273
998,0.025560,0.006686,0.409856,-0.100927,0.289261,-0.018833,-18.9819,-38.4208,-18.4555,-22.8361,-17.6134,-33.3243,17.9144,36.6369,29.9696,18.2709,19.9228,31.1405
999,-0.001253,0.057200,0.428968,-0.307308,-0.051063,0.019516,-7.5628,-17.4731,-9.7178,-11.8842,-3.1329,-1.5210,23.4044,12.1264,10.4438,10.6290,9.5589,0.0241
1000,-0.004761,-0.054173,0.402991,0.562114,-0.048636,-0.011554,-15.7568,-12.4022,-13.6267,-29.2979,-19.0760,-41.5868,17.3664,9.2060,11.2747,26.7420,32.0747,39.8635
1001,0.022101,-0.016239,0.409699,0.165006,0.292095,0.011660,-19.1626,-30.3322,-16.4791,-21.2969,-16.5669,-38.6494,39.7517,26.8524,20.0463,18.5330,2.5700,37.4841
1002,-0.006275,-0.032173,0.406830,0.368116,-0.084116,-0.011220,-18.9349,-21.5020,-18.6934,-34.9128,-20.7742,-40.5827,22.9366,15.7009,31.2901,30.6495,32.4812,37.6621
1003,-0.052632,0.018858,0.407778,-0.174387,-0.459040,0.048792,-11.9358,-23.0010,-18.5606,-39.5696,-15.6220,-14.6127,10.8284,19.3398,36.9258,35.9814,18.8860,12.2999
1004,-0.010685,-0.048332,0.405386,0.506559,-0.111358,-0.025910,-16.7400,-14.4731,-16.2446,-32.8036,-18.5345,-40.6832,22.2810,9.0232,32.4155,30.3813,11.3090,39.9190
1005,0.059692,0.025770,0.403907,-0.267089,0.550150,-0.067070,-17.2874,-38.3140,-12.2180,-7.0643,-9.8150,-25.8470,29.4545,37.7203,4.1727,7.0085,0.3681,24.7210
1006,-0.013439,-0.027902,0.424084,0.138288,-0.099640,-0.012671,-11.8576,-14.0131,-10.3104,-22.1002,-15.0157,-21.1680,28.0719,11.4047,12.7377,17.7732,33.7279,14.5697
1007,0.003445,0.030298,0.411328,-0.282425,0.031507,-0.003336,-19.3232,-37.9417,-20.3697,-29.1712,-17.3708,-23.2713,36.7132,32.1397,37.6390,23.3309,29.3250,17.0605
1008,0.001798,-0.020083,0.434908,0.109309,-0.059860,-0.009445,-6.8784,-5.6468,-3.6912,-11.1921,-5.9820,-11.3200,20.8166,4.1911,0.1370,12.5140,0.5982,8.5613
1009,0.077126,0.017240,0.400229,-0.175908,0.654594,-0.046911,-18.2319,-36.3038,-10.4200,-2.7963,-9.1501,-28.4417,33.5166,34.9333,0.2953,3.3852,3.3385,26.4188
1010,0.040164,0.067388,0.417529,-0.396055,0.219883,-0.041973,-14.4987,-29.4580,-14.1725,-9.1920,-6.7741,-9.2092,33.8940,19.9421,31.7765,3.7398,34.8011,3.3405
1011,0.042721,-0.027272,0.410892,0.263942,0.364538,0.024112,-18.1070,-24.1537,-13.3646,-14.1892,-13.7155,-37.3159,33.6165,18.9931,29.6168,11.7940,1.4913,35.5429
1012,-0.019243,0.061401,0.398030,-0.633416,-0.193891,0.046592,-14.6324,-41.0138,-20.0515,-34.0536,-14.4979,-8.5246,9.0767,39.5019,34.0038,30.6866,22.8955,4.7149
1013,0.054038,0.013141,0.400531,-0.137957,0.546296,-0.025195,-22.1351,-42.4495,-17.9551,-14.5678,-17.9531,-35.9749,39.2089,38.3490,23.3957,7.7381,38.9407,29.9888
1014,0.019066,0.033806,0.426266,-0.259575,0.110616,-0.008716,-11.7807,-23.7967,-10.7961,-12.0577,-9.0529,-10.3543,24.8769,19.4975,13.5009,7.8553,35.8792,4.3826
1015,0.039666,-0.042692,0.408045,0.408814,0.353996,0.074336,-16.0059,-19.6191,-10.7158,-13.4178,-14.8049,-39.9479,17.6157,17.9866,10.6044,11.5276,16.4616,38.9633
1016,-0.027442,0.036424,0.431020,-0.203121,-0.156010,0.016875,-3.6286,-13.0995,-8.5260,-14.9378,-4.1400,-2.6336,2.1755,12.4783,5.2111,14.1926,1.0670,4.6228
1017,0.057919,-0.049045,0.425393,0.263588,0.259639,0.025876,-12.3810,-7.4924,-2.9478,-2.4254,-8.3872,-20.9239,30.2677,2.1906,22.2937,0.8041,19.7756,12.5163
1018,0.054878,-0.077895,0.394606,0.628150,0.390438,0.123289,-18.7236,-14.2623,-7.4846,-11.0152,-17.3280,-45.1610,38.2400,11.2523,4.5438,8.8611,31.7377,38.4471
1019,-0.049829,-0.059188,0.408100,0.510603,-0.392612,-0.106305,-7.6329,-0.3331,-8.6743,-31.3151,-14.2527,-25.4312,9.5193,0.3502,5.9429,31.8158,2.8649,25.5613
1020,-0.000403,0.041555,0.415131,-0.337694,0.008510,-0.013630,-12.6701,-32.5342,-17.1364,-23.3471,-10.9690,-14.9895,3.4090,29.9604,39.9363,20.2888,4.0681,15.2614
1021,-0.019859,-0.004989,0.409980,0.126570,-0.226990,-0.021677,-18.1948,-25.5970,-18.0556,-39.0596,-19.2396,-32.0607,27.0444,22.2927,5.3121,38.3358,30.0844,29.1137
1022,-0.050125,-0.045570,0.403799,0.411958,-0.412323,-0.082179,-12.0634,-9.0726,-14.7935,-38.2071,-19.6991,-29.2435,13.3086,5.9147,24.7231,33.6846,35.4567,25.6328
1023,-0.032404,0.041688,0.413633,-0.380672,-0.292212,0.073813,-11.9999,-27.3399,-14.3705,-31.2637,-10.7736,-8.1771,29.0366,25.9890,0.6274,32.6414,3.3158,5.8822
1024,-0.015377,0.018955,0.405575,-0.241817,-0.187902,0.023266,-21.5154,-39.1359,-22.6801,-41.4650,-21.6565,-26.7196,35.8727,34.0530,36.0262,36.8797,34.5421,19.3348
1025,0.027089,-0.013487,0.416407,0.150170,0.287751,0.022537,-13.4451,-24.9730,-11.5191,-15.7694,-12.4715,-32.5588,0.2085,26.7113,3.2918,16.0790,3.5777,35.2809
1026,-0.097141,0.004924,0.414344,-0.027700,-0.493574,0.006779,-4.0963,-7.6469,-14.9804,-29.1991,-14.3755,-6.3246,28.7613,2.5060,37.6010,17.0698,37.2408,1.5790
1027,-0.034103,0.086925,0.426515,-0.310208,-0.107389,0.012613,-2.0370,-12.6162,-13.3670,-9.4640,-0.2614,3.4526,9.5407,4.0184,37.8569,2.2398,7.9952,0.1898
1028,-0.041213,0.034606,0.404112,-0.365340,-0.422661,0.064510,-15.1111,-31.1941,-18.5373,-41.6733,-17.3506,-13.3474,22.2276,29.1775,11.7808,39.8199,35.3001,7.6596
1029,-0.019691,-0.018731,0.406062,0.301021,-0.255263,-0.043934,-17.8416,-20.6686,-17.8476,-39.9689,-19.5999,-35.9695,19.1248,16.5921,10.3747,39.2532,32.1709,34.0944
1030,-0.015976,-0.034115,0.422055,0.256697,-0.131173,-0.021424,-10.3138,-10.6093,-9.3208,-23.2148,-12.8387,-23.8648,15.5325,9.7615,6.9303,22.7852,9.2956,22.3421
1031,-0.011804,-0.002139,0.421393,0.021828,-0.058653,0.000833,-12.3507,-21.8532,-15.2195,-25.0595,-15.1074,-22.9871,5.9585,19.0220,32.8217,19.6029,28.6660,20.6319
1032,-0.035109,-0.025890,0.422363,0.209746,-0.223647,-0.015739,-10.6086,-9.7064,-13.1433,-25.1974,-14.2919,-20.4472,31.7038,3.3421,38.7942,18.5970,19.8481,15.7346
1033,-0.001875,0.050627,0.418075,-0.406217,-0.002143,-0.006597,-10.9720,-30.4252,-13.7074,-19.9454,-9.8774,-9.3168,8.2647,29.7162,9.0022,17.5921,23.9591,7.3952
1034,0.014675,0.017878,0.413942,-0.188660,0.126094,-0.018422,-16.6152,-36.0734,-17.6718,-25.4913,-16.7975,-26.3309,2.2281,35.1645,26.8384,21.2573,33.1628,23.7071
1035,-0.039946,-0.022664,0.411269,0.228607,-0.385508,-0.037782,-12.8774,-14.2272,-15.0360,-37.3601,-15.9408,-25.5229,17.5148,11.0144,21.6305,36.9395,7.3607,24.4369
1036,-0.001887,0.008368,0.415826,-0.088581,-0.037000,0.000518,-15.7149,-30.7076,-16.2559,-30.0744,-16.0323,-26.1073,8.2811,30.5096,12.8642,29.2816,18.5807,24.8549
1037,-0.023899,0.061151,0.407765,-0.540901,-0.183360,0.023331,-11.3621,-34.3858,-17.0086,-29.0283,-12.7908,-6.5626,4.4010,33.9931,15.2455,25.2278,34.7626,3.5037
1038,0.053519,0.045881,0.416369,-0.317424,0.333608,-0.047216,-14.0307,-30.2145,-10.5514,-7.0278,-5.2559,-14.3147,22.3406,26.5320,10.0869,7.9132,3.5486,12.8322
1039,0.031833,-0.005200,0.418483,0.055114,0.275795,-0.000587,-14.7974,-25.7303,-12.2718,-14.7200,-11.5082,-28.5364,16.9238,23.8526,18.1353,13.8772,0.7898,28.4645
1040,0.006223,0.001472,0.413388,0.025259,0.072088,0.003066,-18.5206,-31.7998,-17.6648,-29.2127,-18.7778,-33.1101,22.8370,29.5537,9.9193,25.8787,36.1995,29.8085
1041,-0.002732,0.010379,0.412384,-0.134662,-0.076332,0.002059,-17.5536,-33.8478,-18.9616,-33.8041,-18.1689,-26.8678,8.0664,31.8527,31.1042,31.0014,25.7450,23.8585
1042,0.006311,0.071708,0.416622,-0.508405,0.021468,0.008641,-9.5799,-29.2787,-11.6096,-15.1346,-4.3214,-2.8579,13.6007,27.8536,0.4829,16.3753,2.7126,3.1382
1043,-0.044604,-0.053064,0.397296,0.571421,-0.418452,-0.139782,-13.2748,-5.9609,-13.3708,-39.7485,-19.2391,-33.7876,19.1664,2.9592,6.9345,38.8909,29.0579,31.3167
1044,-0.082933,-0.016790,0.409777,0.117786,-0.483045,-0.022492,-6.6494,-9.9468,-15.7774,-34.5646,-17.6021,-15.6314,10.9432,7.0475,37.9921,24.7017,38.6585,12.0341
1045,0.026662,0.022861,0.407769,-0.266198,0.302439,-0.038977,-19.3035,-41.1495,-17.8641,-20.6803,-15.5509,-27.7448,35.5154,38.7171,24.0462,17.1217,10.4362,24.3885
1046,0.017852,-0.045257,0.422239,0.301611,0.072931,0.000270,-14.3940,-11.2012,-9.6066,-15.7388,-13.6173,-26.8624,39.1515,4.4373,32.5310,11.3032,21.7404,19.4893
1047,0.069386,0.089472,0.393948,-0.717156,0.461824,-0.160623,-15.9921,-43.3301,-13.6270,-3.6434,-5.1668,-8.8362,19.6097,38.8838,12.8027,1.6146,28.4469,5.2661
1048,0.027754,0.028870,0.418330,-0.227299,0.232850,-0.036421,-13.4668,-31.0631,-13.7125,-14.6919,-9.6768,-19.4868,8.6407,29.2618,23.6975,13.0076,4.9138,19.5199
1049,-0.075107,-0.065340,0.405191,0.419928,-0.463466,-0.116220,-6.6299,-1.0095,-9.7406,-32.5801,-18.8718,-21.1016,18.3017,1.0695,14.4344,26.0380,37.0043,15.2286
1050,0.079623,-0.018676,0.404793,0.185866,0.626233,0.040853,-16.6932,-25.7476,-9.0151,-1.6893,-9.6058,-34.2300,18.0274,23.0303,18.3969,1.1108,3.6050,33.2231
1051,-0.036998,0.011359,0.423740,-0.037256,-0.197939,0.008926,-9.0167,-16.4501,-14.9770,-24.4166,-12.3912,-14.5561,15.3991,11.5379,38.1550,17.4711,22.1764,12.4319
1052,-0.022757,-0.040241,0.429403,0.203076,-0.001688,0.019324,-5.0801,-6.8019,-8.0749,-12.1109,-12.9964,-17.3906,0.3042,6.0485,32.7865,2.6797,36.6921,13.3705
1053,0.009031,-0.001633,0.411721,-0.038218,0.128365,-0.006030,-19.3754,-35.2897,-19.2083,-28.5278,-18.1114,-33.3124,28.7953,32.0859,35.4401,24.9824,6.8501,30.9483
1054,-0.058035,-0.014517,0.423730,0.050013,-0.317941,-0.017894,-5.0617,-8.6475,-9.9896,-24.2011,-13.0131,-11.1069,10.7574,8.4993,13.3307,18.3214,29.1747,7.7706
1055,-0.000340,-0.001472,0.415731,0.015324,-0.002548,0.000133,-18.1631,-28.9878,-18.8130,-29.5006,-18.1029,-29.7841,28.9250,23.1893,39.7017,23.9295,26.6733,25.1356
1056,-0.012544,0.068976,0.409316,-0.561552,-0.075051,-0.004456,-10.3409,-34.5642,-16.2716,-23.4301,-10.0847,-5.4181,0.1463,33.9532,18.7947,19.9024,25.2355,4.2974
1057,0.032021,-0.014117,0.412324,0.168030,0.372859,0.030007,-14.7917,-27.0689,-12.0269,-14.3755,-12.9939,-35.3909,10.2686,28.3880,0.7663,14.3130,1.7485,37.8894
1058,-0.100531,0.032781,0.402876,-0.243957,-0.641611,0.082790,-3.7493,-12.8400,-16.1463,-36.5386,-12.1337,-1.9772,12.2897,10.3788,24.3453,30.1599,19.6329,1.5305
1059,0.006012,0.061867,0.408993,-0.520372,0.039534,0.004792,-14.5885,-37.3172,-16.1761,-21.9968,-9.5689,-10.2876,27.1654,34.4656,17.5556,21.1596,4.4091,8.0849
1060,-0.041608,0.033950,0.412185,-0.283094,-0.312538,0.034368,-11.2018,-26.3744,-17.9272,-33.4736,-14.5722,-12.1206,7.6886,23.5982,31.6620,28.4154,28.6210,9.5182
1061,-0.070727,0.022647,0.412165,-0.177679,-0.503179,0.045317,-6.6704,-15.5356,-14.5757,-34.0687,-12.1353,-7.0955,11.5745,13.8760,17.1517,30.7573,15.7154,6.1257
1062,-0.056934,-0.049025,0.419480,0.324965,-0.309044,-0.036856,-5.1590,-1.5407,-9.2080,-23.8389,-13.8208,-17.9524,12.7846,0.0352,26.6673,17.6522,17.6183,15.2782
1063,-0.028315,-0.016503,0.424220,0.121869,-0.240661,-0.019212,-10.0155,-11.2910,-10.1049,-25.2518,-11.6495,-17.4897,27.2374,8.8406,8.0082,24.7663,6.1741,14.8536
1064,0.013956,-0.024324,0.419978,0.201408,0.131518,0.021777,-12.6928,-19.3768,-11.3971,-18.6056,-14.2812,-29.7724,1.6906,19.1017,13.7871,16.0532,23.8258,28.8065
1065,-0.113006,0.021883,0.395370,-0.197406,-0.751118,0.060249,-2.3777,-10.6417,-15.6473,-40.3805,-13.8964,-2.2112,2.0891,10.4954,19.8719,34.0280,25.7914,1.8682
1066,0.047241,0.031043,0.427281,-0.145147,0.228081,-0.018371,-11.9018,-19.5537,-8.5553,-5.5487,-4.0420,-12.1505,24.6149,13.1452,19.0357,5.2054,7.6587,9.4114
1067,-0.038484,-0.053799,0.416397,0.348075,-0.254191,-0.052540,-7.6301,-5.3532,-7.7952,-25.8829,-15.5754,-23.0185,5.8003,7.1966,0.1997,23.4548,28.5191,19.9674
1068,0.020220,-0.074726,0.410029,0.539499,0.143863,0.044727,-12.6143,-7.8557,-6.6869,-14.9448,-15.2385,-35.6793,14.7020,7.1501,10.4000,12.9175,21.8362,32.0448
1069,0.096107,-0.044524,0.403078,0.337113,0.567489,0.069569,-18.0846,-17.5640,-3.8424,0.4037,-8.2530,-33.3907,38.0561,13.3687,4.3675,2.8587,1.7273,28.1159
1070,-0.034093,-0.001619,0.433884,0.019549,-0.091179,0.001176,-3.1936,-7.7304,-8.7669,-12.3429,-8.6221,-8.7495,2.7564,5.8292,27.2696,4.7749,23.7671,7.3330
1071,-0.014211,-0.012141,0.417181,0.119500,-0.135302,-0.013950,-14.8036,-21.2221,-14.1471,-30.4091,-16.6349,-27.3890,21.6858,19.5074,3.4568,29.0111,28.0081,24.2608
1072,0.001820,-0.014976,0.409223,0.191054,0.051679,0.002150,-20.9901,-30.0078,-19.9090,-32.6251,-20.8538,-39.9242,38.9409,24.5574,24.2336,28.1150,28.2470,36.1487
1073,-0.027326,-0.018821,0.410493,0.186876,-0.285123,-0.021982,-17.2326,-21.3160,-18.1656,-38.9400,-18.2544,-30.7657,31.4554,15.9345,30.9215,37.3821,8.6102,28.0275
1074,0.024025,0.082159,0.420956,-0.460152,0.148413,-0.043562,-7.5586,-24.6425,-10.5937,-5.8115,-0.9507,-0.9326,5.9702,20.2341,13.6291,4.4432,10.3500,2.0613
1075,0.081945,0.094138,0.394206,-0.693402,0.495356,-0.164798,-14.9162,-39.6777,-11.2806,0.7182,-1.0993,-6.6944,18.2543,34.5781,8.8301,0.2524,12.9457,5.1303
1076,0.047978,0.027175,0.414383,-0.241237,0.392643,-0.044229,-14.5825,-33.1412,-11.6345,-9.3674,-9.4195,-21.2476,12.6191,32.5849,8.2035,8.5434,12.3777,20.0819
1077,-0.003505,0.052991,0.420244,-0.390616,-0.070346,0.031211,-12.0720,-26.8786,-12.6657,-20.0675,-8.3912,-6.6221,32.9118,23.0607,3.3748,19.0169,19.1088,2.4143
1078,0.011112,0.012458,0.410752,-0.198316,0.095489,-0.013402,-17.9526,-38.9683,-18.3563,-29.5134,-17.7311,-28.6975,5.7073,39.4319,24.3724,27.5024,17.5691,26.9699
1079,-0.007348,-0.006991,0.408620,0.001430,-0.087982,0.000931,-19.6288,-34.8022,-19.5125,-38.7960,-19.6697,-34.8755,17.5575,34.3683,20.2195,39.4757,2.1145,34.2599
1080,0.046199,-0.008597,0.421574,0.041882,0.315957,0.012793,-13.9948,-22.0908,-8.9728,-8.9046,-10.6980,-24.1701,17.8394,19.7064,12.7280,6.9298,22.6010,20.1640
1081,0.025970,0.003573,0.406682,-0.065631,0.267793,-0.011033,-20.8524,-41.4975,-20.8565,-27.7756,-20.7123,-38.1693,8.1052,39.8868,35.1054,22.3404,32.5695,35.7735
1082,-0.027863,-0.040014,0.405869,0.429261,-0.303755,-0.056009,-15.1472,-13.1211,-16.2138,-37.9943,-17.7067,-34.7270,16.7211,8.4171,30.3144,37.2378,6.9393,34.3953
1083,0.005582,0.042286,0.408353,-0.425034,0.055139,-0.011224,-18.0231,-41.5401,-18.7317,-27.9528,-16.7469,-19.4775,25.3220,39.6820,16.5460,23.7790,36.8440,13.7463
1084,-0.003796,0.002010,0.410394,-0.106466,-0.106724,0.006202,-18.2758,-34.6364,-18.6557,-36.6907,-18.3362,-29.1242,8.3034,34.1623,26.5526,36.7384,9.3326,27.4532
1085,0.028772,-0.076842,0.407687,0.577143,0.213457,0.076490,-12.1936,-7.7646,-5.8153,-12.2820,-14.6244,-37.2456,7.7754,8.0934,7.6546,10.7887,20.2265,34.7948
1086,0.051573,0.074082,0.412065,-0.417140,0.294643,-0.072242,-15.4782,-32.3112,-15.2467,-8.1212,-5.3837,-11.3264,31.3366,22.2151,37.8191,4.0050,20.4340,7.8468
1087,-0.001105,-0.036224,0.419790,0.291053,-0.022942,-0.010016,-12.9954,-13.5874,-10.5700,-22.2096,-13.8199,-28.7071,22.7638,11.2073,12.1840,21.2815,9.9245,26.5426
1088,0.049174,-0.063065,0.407467,0.511558,0.331313,0.057004,-16.0425,-12.5054,-7.3868,-9.9336,-12.6331,-38.1992,30.3336,8.6677,16.8533,9.7495,3.6723,35.0790
1089,-0.053239,-0.034480,0.424309,0.206190,-0.257023,-0.017545,-4.6215,-4.4507,-9.3245,-21.3325,-13.0186,-14.9706,8.9117,3.4116,25.0703,14.3738,23.6054,12.2304
1090,0.071562,-0.032222,0.400360,0.292196,0.583259,0.102541,-19.8564,-27.3115,-11.2207,-7.3568,-15.6986,-40.6365,31.5386,23.6926,15.7376,3.2893,33.4590,35.1196
1091,0.043086,-0.099663,0.398990,0.692899,0.322334,0.173904,-12.6133,-6.3377,-5.6810,-7.3941,-17.3385,-40.7802,3.1822,5.4694,32.8852,0.7315,37.6733,34.8955
1092,0.050212,-0.043298,0.421154,0.280458,0.296139,0.037632,-12.2230,-12.1462,-4.3987,-5.7430,-9.2171,-26.3063,16.5636,10.7595,7.2065,6.3704,9.1476,22.8285
1093,0.044313,-0.057293,0.414886,0.388275,0.308305,0.074397,-12.3998,-12.4153,-4.7543,-7.8766,-12.3640,-31.8854,9.6236,13.2730,0.2520,7.4559,20.6859,28.5950
1094,0.015679,-0.023600,0.409514,0.254273,0.163768,0.021360,-19.7332,-28.0643,-18.6941,-27.1620,-19.7189,-41.1575,24.3453,22.9301,36.1250,21.7828,26.3246,38.5213
1095,-0.025892,-0.065394,0.425139,0.317451,-0.127873,-0.022001,-6.0075,-1.4655,-4.4854,-15.5250,-13.2356,-17.8659,16.1062,1.8374,12.2936,10.6638,26.6571,11.7216
1096,-0.035771,0.057976,0.406532,-0.532060,-0.309588,0.096116,-13.5382,-32.2671,-16.5841,-33.5542,-12.7544,-5.5736,36.9902,29.6441,1.4042,32.3186,24.4127,0.1154
1097,0.056255,0.040113,0.406132,-0.380584,0.484588,-0.099595,-16.6114,-40.5781,-15.1660,-9.1828,-12.3638,-22.4220,7.1847,38.6440,24.4694,3.5823,38.7505,18.8141
1098,0.020809,-0.022656,0.407981,0.282031,0.245100,0.036155,-19.2350,-27.3133,-16.3280,-23.3182,-18.7269,-41.6709,31.1240,23.9333,11.0681,19.4287,29.4768,39.3824
1099,0.030627,-0.016564,0.412426,0.164624,0.296214,0.020809,-18.1919,-27.1424,-13.4658,-17.9089,-15.2789,-35.4480,37.8682,24.2786,6.4826,16.1129,14.7225,32.6666
1100,0.004045,0.003219,0.424497,-0.011144,0.045495,-0.001078,-12.3091,-21.5603,-13.0892,-19.2236,-12.1781,-20.9819,13.7724,18.3581,26.0047,15.5084,18.5141,18.7881
1101,-0.033230,-0.058991,0.397209,0.658374,-0.336309,-0.110931,-11.2721,-2.9843,-11.5089,-35.6381,-16.9000,-35.8262,0.5440,1.7781,4.7276,36.6775,18.0600,37.2261
1102,0.034086,-0.032925,0.429382,0.090045,0.183673,0.021622,-10.6034,-12.5476,-3.9882,-6.5306,-10.5299,-17.1322,20.5822,11.4486,5.0744,3.7694,35.5667,8.9200
1103,-0.025962,-0.029640,0.415628,0.253310,-0.210402,-0.024936,-15.2524,-15.4053,-15.9986,-31.4549,-17.6489,-28.3755,38.1190,8.3547,38.0816,25.9934,22.1123,22.9791
1104,0.079000,0.098237,0.389100,-0.740042,0.491171,-0.181893,-16.0461,-42.7670,-13.1026,-1.1821,-1.5224,-7.5949,23.4854,36.9504,15.0093,2.0027,5.8467,6.4832
1105,0.056902,-0.067813,0.418493,0.388366,0.346161,0.085318,-9.8722,-7.0702,-0.6889,-0.6509,-9.3794,-26.3351,3.6848,8.2409,5.3732,0.5846,16.6603,21.9015
1106,-0.066714,0.017721,0.404486,-0.162279,-0.573189,0.073411,-9.1717,-18.5176,-17.6075,-40.7518,-13.5712,-11.1462,3.7855,15.5722,37.2647,38.6090,5.3102,11.2642
1107,0.051137,0.030390,0.416132,-0.225076,0.412007,-0.064701,-13.2788,-31.1211,-12.5011,-6.9197,-8.5757,-20.1743,1.0139,28.7315,27.4357,3.5441,17.5105,19.6614
1108,0.027826,0.103598,0.403097,-0.696849,0.192911,-0.095999,-9.3940,-36.0955,-14.1022,-8.6351,-1.7601,-0.4306,0.0426,33.0201,17.9244,7.4123,6.3513,2.8963
1109,-0.136182,0.004833,0.380591,-0.064744,-0.931452,0.006596,-3.6942,-7.0523,-17.3874,-47.6399,-18.0873,-4.3689,23.5506,4.6151,24.9752,38.4399,37.0457,0.2465
1110,-0.031368,0.053751,0.410019,-0.481225,-0.265329,0.067866,-11.4031,-30.4939,-15.5679,-30.7083,-11.2047,-6.1013,18.0374,29.5809,6.7701,30.1141,15.0704,3.7098
1111,-0.002721,0.009378,0.418448,-0.087093,-0.032165,-0.000251,-14.3481,-28.1767,-14.8314,-27.3631,-15.0470,-23.6529,8.5916,28.0637,8.0390,26.1095,23.7098,21.9402
1112,-0.014758,-0.044301,0.418188,0.275786,-0.146744,-0.042494,-13.7581,-12.0415,-9.6767,-25.8943,-16.6004,-26.2394,38.5651,9.6412,0.0460,23.8665,31.0999,19.0394
1113,0.050480,0.007764,0.413504,-0.077299,0.463658,-0.016040,-14.1718,-31.0082,-10.8472,-8.2593,-10.4326,-27.2768,4.1685,32.1740,5.8217,7.6182,9.4481,27.8896
1114,-0.066755,-0.039583,0.414535,0.211076,-0.449599,-0.079158,-8.3210,-5.7668,-10.1763,-31.2507,-16.8293,-15.7927,34.5261,3.9237,9.2229,25.8534,34.3283,8.2809
1115,-0.020947,0.070908,0.406442,-0.544387,-0.142645,0.030210,-12.7885,-35.0858,-19.2787,-27.7308,-11.6096,-6.9821,18.7741,30.4119,33.5373,22.4338,25.0043,4.0157
1116,-0.056676,-0.004551,0.406628,0.043930,-0.507998,-0.013751,-13.5171,-18.2920,-17.7225,-42.1964,-18.3608,-20.3664,24.7779,13.8525,26.2473,38.4739,29.5481,15.7075
1117,0.021526,0.062151,0.418195,-0.390416,0.180293,-0.059447,-10.3223,-29.8261,-14.0509,-11.3872,-5.9461,-9.8088,1.7011,26.2076,29.4705,8.0399,11.1704,10.8178
1118,0.073104,0.037102,0.402140,-0.315954,0.566877,-0.108646,-18.1845,-38.4061,-13.7446,-5.2132,-8.2477,-23.8983,28.5656,33.7309,26.2062,3.6921,2.6242,22.0920
1119,0.041837,-0.092527,0.402406,0.649616,0.289439,0.117897,-14.0913,-6.9880,-6.6404,-9.2115,-16.3896,-39.6627,16.4187,3.7608,35.3744,3.6642,28.8110,33.3701
1120,0.019475,0.010554,0.411734,-0.127636,0.282513,-0.012761,-17.3719,-35.8162,-15.0356,-19.8458,-14.3427,-29.3692,35.4694,35.8273,2.0645,19.1081,0.3300,28.3934
1121,-0.034586,-0.016522,0.410264,0.161166,-0.323998,-0.033952,-16.0177,-19.9645,-17.4137,-38.6424,-19.9692,-28.0296,26.8774,15.4014,21.5093,34.4264,39.9452,22.5192
1122,-0.012036,0.009032,0.427073,-0.075010,-0.083178,0.001943,-8.9757,-18.2155,-10.3521,-20.0163,-9.9239,-14.3257,7.6326,18.0340,6.1730,19.1357,12.0999,13.5615
1123,0.052732,0.018756,0.417629,-0.124123,0.389618,-0.033539,-14.8267,-28.5725,-12.2245,-7.9449,-9.5417,-22.4938,14.4687,24.3357,28.1328,4.5151,19.3503,19.9487
1124,0.072607,-0.014398,0.401223,0.138520,0.620922,0.050581,-20.3918,-32.7459,-14.3684,-7.8249,-16.0335,-38.9579,25.0306,27.7448,34.0898,1.1875,37.5992,33.6173
1125,-0.019968,0.060757,0.411078,-0.511331,-0.161208,0.043560,-12.8800,-32.8180,-15.9703,-27.2365,-11.8797,-6.4892,27.4427,30.2775,6.3811,24.3601,31.3475,1.5533
1126,-0.108201,-0.058807,0.406003,0.285454,-0.567564,-0.123234,0.0899,3.3106,-6.6392,-29.1347,-16.6953,-9.4773,9.2026,0.8284,3.4985,21.0592,36.7437,4.3576
1127,-0.031631,0.030431,0.413653,-0.272495,-0.248818,0.019299,-12.9374,-28.4130,-17.5626,-32.7712,-15.8972,-14.5190,13.1208,25.9281,23.4954,27.7346,38.2263,10.1299
1128,-0.001063,0.004043,0.434999,-0.110099,-0.017580,0.000777,-6.8670,-12.3796,-5.5929,-10.3121,-7.7396,-6.6593,18.2299,11.2945,0.8977,7.4958,28.9791,1.1302
1129,-0.005415,0.021963,0.412003,-0.231746,-0.067545,0.002164,-17.3886,-35.2924,-19.9426,-32.3460,-17.7170,-23.2708,15.2789,31.6494,39.9880,27.4185,28.6778,18.9931
1130,-0.010765,-0.008445,0.407994,-0.006123,-0.135803,0.003439,-20.6168,-34.3628,-20.7231,-40.3073,-20.5716,-34.0441,26.5116,31.4520,33.9751,39.1908,5.4629,31.2359
1131,0.062042,-0.008993,0.427365,0.026804,0.313059,0.009474,-12.4303,-15.1762,-5.0368,-1.7416,-6.7517,-16.4930,24.5421,10.1812,16.8940,0.1606,24.0876,9.6670
1132,-0.087760,-0.046972,0.408044,0.306108,-0.539883,-0.098208,-2.6540,-0.0413,-8.6582,-31.8401,-15.4540,-14.2515,1.9104,2.6790,6.1608,27.2214,25.1489,12.2567
1133,0.027625,-0.008674,0.418526,0.082299,0.258319,0.014193,-13.8067,-25.4569,-12.0567,-15.9061,-13.1084,-29.6320,2.4356,25.7028,11.4218,14.2659,16.4920,29.7382
1134,0.037760,-0.077133,0.402876,0.574404,0.272484,0.094840,-15.9232,-12.0542,-8.0956,-13.5427,-17.6138,-41.0815,22.9168,9.8601,14.8659,9.5990,35.6101,35.0598
1135,0.002981,-0.007103,0.406194,0.111950,-0.113378,-0.003141,-21.5215,-32.6522,-21.8360,-40.6573,-21.9304,-38.4309,7.0447,27.9860,37.7135,37.8003,37.7390,35.3301
1136,-0.075606,-0.012451,0.419048,0.098033,-0.448048,-0.015708,-6.2445,-5.5797,-12.7129,-28.1635,-13.3803,-10.3758,34.8722,0.1182,31.3797,20.0751,23.3947,5.4520
1137,-0.012099,-0.022371,0.410673,0.288066,-0.146397,-0.022398,-16.2729,-20.0549,-16.0332,-34.1635,-18.2144,-34.9154,14.3574,17.3176,10.3294,33.0364,27.7416,33.6981
1138,0.016818,-0.019253,0.417909,0.174191,0.164440,0.020176,-14.8132,-23.1756,-14.9141,-20.2124,-15.9192,-32.1367,4.8964,20.0054,36.9449,14.7482,26.8399,30.2842
1139,-0.011821,-0.001588,0.414491,0.015451,-0.108374,-0.001002,-18.2887,-28.2566,-18.0255,-33.5334,-18.0440,-29.0562,37.7602,23.7610,20.8657,30.8949,19.1777,24.7701
1140,0.022921,-0.032067,0.410201,0.362128,0.226434,0.054837,-15.4651,-20.9867,-12.7083,-19.8077,-16.5496,-39.4622,7.2379,20.4559,3.8301,17.5319,29.8043,39.3607
1141,0.053115,0.023876,0.403838,-0.248921,0.497385,-0.078046,-19.5346,-41.6404,-17.7261,-13.1286,-14.5930,-29.8449,23.1971,37.6482,38.3557,7.2039,22.3625,26.4594
1142,-0.042238,0.055407,0.407014,-0.465543,-0.334032,0.084251,-12.1611,-29.9083,-18.2132,-33.8721,-12.6453,-6.6640,25.0470,26.0118,23.1302,30.5064,20.4155,3.1795
1143,-0.026227,0.048554,0.414157,-0.347790,-0.175885,0.027233,-11.4706,-28.7879,-18.1707,-27.9064,-11.6417,-10.8986,11.3972,24.4357,39.2049,23.0759,15.3718,9.7589
1144,-0.048143,0.023273,0.417259,-0.141273,-0.387463,0.049098,-11.2125,-17.9555,-15.6147,-32.0430,-11.5648,-11.0758,38.2695,11.7621,24.9562,29.5057,5.3831,8.1065
1145,0.017851,0.002105,0.410274,-0.022924,0.128475,-0.001920,-19.2846,-36.7740,-19.4993,-30.4002,-19.4877,-35.5901,0.1328,35.6208,28.8919,27.1232,31.0139,34.1061
1146,-0.040733,-0.043473,0.413961,0.351277,-0.300627,-0.048017,-10.9855,-8.1258,-12.7464,-30.7661,-16.2699,-25.8363,22.5032,4.3588,27.3422,26.7793,16.9819,22.6858
1147,0.005955,-0.006607,0.416063,0.049669,0.057109,0.000029,-16.8094,-28.4566,-17.2497,-27.1760,-16.3317,-31.0352,16.3582,25.1621,35.2052,24.1247,9.9334,29.6798
1148,-0.022165,0.062820,0.411040,-0.497386,-0.188361,0.062763,-13.6916,-31.7359,-16.6635,-27.8867,-11.4387,-6.2360,38.7238,26.8784,11.8335,24.8164,26.9108,0.6892
1149,-0.012251,-0.027499,0.408114,0.309005,-0.161596,-0.016415,-17.7706,-21.1819,-18.6360,-36.5214,-20.5059,-37.0920,13.8252,16.0135,33.8789,32.2966,35.7613,34.1519
1150,-0.013743,0.001306,0.429364,-0.040617,-0.102886,0.000232,-10.8164,-14.8225,-10.9914,-18.4006,-11.8827,-12.7170,36.3415,9.0972,22.8198,12.3424,34.1851,5.2251
1151,0.040098,0.007976,0.414971,-0.076264,0.316078,-0.005434,-18.1698,-31.6475,-14.0851,-15.4900,-14.0685,-27.7989,33.9249,27.6036,17.0210,12.0275,26.5586,22.6528
1152,-0.041284,0.025786,0.408990,-0.267283,-0.408609,0.046011,-11.7211,-25.9226,-16.4974,-37.9508,-14.7553,-12.8058,2.5504,25.4816,17.3067,37.0997,21.4167,10.7883
1153,-0.020064,0.001998,0.411856,0.001475,-0.266904,-0.004993,-15.6371,-25.7755,-17.2144,-37.8231,-17.8447,-25.8545,5.2016,24.1215,15.8910,36.8343,31.4391,23.4091
1154,-0.047408,0.071985,0.404774,-0.521310,-0.334826,0.108421,-9.3029,-28.1387,-18.5802,-31.0024,-8.6368,-2.1791,15.5366,23.3713,34.6761,27.9309,2.2032,2.6826
1155,0.052413,-0.041744,0.409365,0.341257,0.424438,0.090286,-16.3941,-21.1826,-11.0529,-9.9639,-15.6603,-37.7520,13.0093,18.0779,28.7958,4.5346,34.0076,33.5291
1156,0.045762,0.037109,0.413851,-0.316488,0.328796,-0.035920,-16.4945,-34.7079,-12.9143,-11.7633,-10.7134,-18.8041,27.8616,31.5421,9.7210,9.3701,27.9915,13.8404
1157,0.033436,-0.016122,0.426638,0.049145,0.197642,0.012653,-12.9787,-17.6303,-8.1395,-9.9719,-11.5021,-20.1270,25.2475,13.9982,16.6987,6.0112,34.3820,12.8794
1158,-0.035554,0.021901,0.420081,-0.149098,-0.235596,0.017445,-10.7083,-21.1483,-15.7488,-27.9865,-13.1282,-13.5444,19.0425,17.0000,28.9470,22.7084,24.0418,10.5616
1159,0.048649,0.041235,0.412852,-0.341035,0.327752,-0.032847,-16.9668,-34.8870,-12.4628,-11.3446,-9.5892,-17.7204,34.8512,31.2067,6.2402,10.3244,20.8736,12.7425
1160,-0.016961,0.033470,0.412961,-0.301994,-0.150924,0.024565,-16.3360,-32.8679,-18.5689,-31.9809,-15.9604,-17.2982,31.8110,28.4995,24.6890,27.8387,28.9617,11.7549
1161,0.004568,0.006835,0.418188,-0.069261,0.045948,-0.001728,-15.8000,-28.9798,-15.7574,-25.1123,-14.1231,-25.3834,23.3436,26.3098,23.3248,23.4793,5.2228,23.7746
1162,-0.001150,-0.024314,0.414537,0.257312,-0.014616,-0.000967,-15.6360,-20.9862,-15.0703,-28.3354,-16.5885,-34.3555,14.3733,18.5401,18.1217,26.8043,15.1668,33.8512
1163,-0.077258,0.048196,0.399246,-0.402768,-0.570362,0.127089,-10.4740,-23.7959,-20.1651,-40.8736,-14.5767,-5.2835,29.8784,17.9273,33.7750,34.6853,26.5323,1.2350
1164,-0.111430,0.043795,0.392217,-0.350655,-0.728407,0.142538,-3.7619,-14.9951,-18.7306,-40.9992,-12.8103,-0.2431,10.0389,11.6925,33.3390,33.5918,20.7926,0.2859
1165,-0.019240,0.015929,0.411153,-0.206238,-0.246341,0.025094,-15.6271,-31.1657,-17.2499,-37.0796,-16.2473,-20.6679,10.2525,30.6797,17.0574,37.5188,13.7270,18.4130
1166,-0.033655,0.026962,0.420836,-0.204997,-0.213819,0.015112,-10.4220,-21.9709,-14.9861,-26.3912,-12.9867,-11.4626,20.4459,18.4146,22.0361,20.8120,31.5364,7.4213
1167,0.014547,-0.018182,0.411790,0.176149,0.130022,0.012526,-18.2102,-29.1451,-18.3578,-27.8134,-18.3647,-38.2453,8.0013,25.9442,39.5452,24.0240,16.2884,37.6925
1168,0.008990,0.007396,0.409870,-0.055779,0.139937,-0.001992,-19.8520,-37.8979,-19.4975,-30.1600,-19.6065,-35.0207,23.3072,36.5277,13.7139,26.8473,27.6458,32.6696
1169,-0.073412,-0.046266,0.408765,0.352704,-0.530193,-0.112108,-6.6377,-1.2357,-9.5940,-33.8357,-15.0766,-17.6855,22.7159,0.4387,7.4333,31.6460,13.3477,14.6043
1170,-0.011082,0.011842,0.407685,-0.079322,-0.111399,0.003349,-21.0798,-37.1866,-21.0600,-40.1513,-21.1029,-33.0819,31.2093,34.7505,8.2438,38.5512,30.5137,29.3918
1171,0.005613,-0.011644,0.416595,0.111875,0.053456,0.003275,-16.7446,-25.8796,-16.3278,-26.3727,-16.8897,-31.6872,20.5627,22.2446,27.3267,22.6941,21.7141,29.0221
1172,-0.066926,-0.017502,0.417593,0.108852,-0.474931,-0.037476,-6.6948,-6.6207,-10.3752,-30.6256,-12.9533,-11.7774,26.0019,5.0348,7.3191,27.9593,14.9016,8.3657
1173,-0.006087,0.000776,0.405240,0.153093,-0.088269,-0.008504,-21.5860,-32.8117,-21.6692,-40.7586,-21.3829,-40.7481,23.9883,28.9964,8.4843,39.5261,33.0370,39.6201
1174,-0.011123,-0.030207,0.405158,0.362113,-0.142530,-0.022990,-19.8286,-22.1608,-19.8083,-38.0586,-21.6257,-40.8461,26.6954,15.5454,32.9512,33.7608,34.2954,37.3356
1175,-0.006926,0.058538,0.405987,-0.555168,-0.061087,0.026165,-13.9964,-38.2253,-17.1204,-26.7407,-10.8631,-9.4195,18.9640,36.8175,22.1233,26.0302,1.8350,7.6921
1176,0.028494,0.019023,0.421444,-0.122202,0.172607,-0.009267,-15.4374,-26.6188,-12.9405,-15.6893,-10.2517,-20.3294,32.8495,21.4444,20.5293,14.0231,10.5561,16.7923
1177,0.071566,0.081869,0.402710,-0.580317,0.457964,-0.148811,-13.4106,-36.5538,-11.6622,-0.8234,-2.1107,-8.6966,10.0801,32.1059,16.0864,0.5518,10.7972,8.4625
1178,-0.037329,0.028295,0.406789,-0.295533,-0.371553,0.052125,-16.0195,-30.9013,-19.2285,-40.5310,-17.5830,-16.2587,27.5345,27.4171,21.2145,37.8365,29.9534,10.6284
1179,0.061437,-0.056142,0.420764,0.327822,0.243102,0.008897,-13.6375,-7.2633,-1.2891,-4.6997,-7.4579,-24.1296,36.5822,3.7822,1.0360,8.4540,0.6452,17.6032
1180,-0.011908,0.038066,0.409969,-0.360360,-0.110092,0.014418,-17.2253,-36.8198,-19.9069,-32.5461,-17.2332,-18.1689,25.8550,32.7914,29.9366,27.2602,36.8045,12.1510
1181,-0.068139,-0.025397,0.412036,0.223375,-0.493120,-0.044843,-8.9414,-7.0028,-13.7717,-34.7011,-15.0745,-17.7188,29.6446,2.3599,28.5099,30.2160,12.4939,14.5191
1182,0.015503,0.067597,0.409183,-0.586797,0.127159,-0.040192,-11.4579,-37.4446,-13.3586,-16.2173,-7.4732,-7.1279,3.8387,38.6214,3.6277,16.3509,9.7142,7.0661
1183,-0.021529,0.051525,0.414298,-0.397299,-0.159427,0.031286,-10.4342,-29.0758,-16.2099,-26.2045,-9.5929,-8.6091,6.3824,26.9027,27.8258,24.2802,4.0177,9.0103
1184,-0.042449,0.060526,0.402084,-0.571748,-0.362742,0.104171,-9.7854,-31.1258,-16.9614,-34.1503,-10.6984,-2.7780,3.4721,30.8083,19.9341,33.5353,7.8503,2.2850
1185,-0.047571,-0.055702,0.398128,0.567405,-0.439910,-0.097291,-11.6486,-5.0372,-14.9907,-39.5532,-18.3282,-32.6079,5.8853,0.9726,35.2893,36.9202,15.6294,32.2670
1186,-0.044961,0.008380,0.423246,-0.024217,-0.239415,0.009121,-6.6140,-14.5927,-13.8743,-24.7654,-11.6650,-13.3817,0.2486,12.3017,33.1073,18.9191,17.3909,13.5914
1187,-0.107581,0.016110,0.395507,-0.121722,-0.734676,0.061331,-5.7157,-11.9987,-18.3602,-42.6476,-15.5404,-6.9997,16.2665,7.9574,36.7578,34.8537,24.9533,5.1427
1188,-0.030530,-0.051021,0.407829,0.481884,-0.269886,-0.057747,-12.1607,-8.0122,-12.9823,-32.8172,-16.8285,-32.4389,11.7054,5.1777,21.9384,31.1880,13.4988,31.7605
1189,0.027424,-0.008216,0.417473,0.084239,0.238790,0.003341,-16.2289,-26.4397,-14.6836,-17.8388,-14.0477,-30.7456,19.3878,22.4506,32.4498,14.1566,13.1260,28.8353
1190,0.065241,0.032131,0.402798,-0.314648,0.548195,-0.070850,-18.9750,-40.4519,-13.9188,-8.0720,-12.0289,-25.7048,29.3733,37.7497,12.8856,4.8997,26.7443,21.1434
1191,0.021921,-0.008725,0.408851,0.091717,0.291543,0.010509,-19.1942,-34.5899,-18.2585,-23.7666,-18.3143,-39.2168,21.3139,32.6478,24.5279,19.8019,15.2143,38.5531
1192,0.043325,0.005468,0.404427,-0.075652,0.490523,-0.021214,-19.1573,-40.3474,-17.7747,-16.4497,-17.3527,-36.7380,12.5916,39.3643,27.5545,10.8279,25.7180,35.2472
1193,0.025991,-0.021181,0.415234,0.195591,0.225640,0.012420,-17.2427,-23.7250,-12.6677,-18.5175,-14.3261,-33.7251,36.7499,20.4179,9.8129,17.4582,8.4915,31.1952
1194,0.060386,-0.059650,0.409689,0.468947,0.393460,0.069692,-14.4796,-11.8558,-5.1685,-5.2261,-10.2752,-35.0512,21.0787,9.3713,12.9985,6.2385,0.2498,32.7363
1195,-0.036971,-0.064315,0.418942,0.380658,-0.129692,0.003498,-7.1346,-4.0502,-9.8322,-19.7633,-16.7599,-23.8124,10.5296,1.9364,39.4512,9.8013,36.6599,18.5178
1196,0.038019,-0.005273,0.409871,0.050751,0.441970,0.007734,-15.5457,-32.9006,-14.0810,-14.2369,-14.0020,-35.3645,0.9957,34.4827,14.1447,12.3684,5.9397,37.7675
1197,0.047828,-0.066006,0.405905,0.528833,0.368983,0.122821,-13.6747,-12.8903,-6.5314,-8.4619,-14.3745,-38.9798,6.1461,13.0371,9.0411,6.4135,24.2269,36.6045
1198,-0.054692,0.038049,0.404458,-0.347680,-0.458502,0.085047,-13.8432,-27.7220,-19.8386,-40.3827,-16.1605,-10.9713,32.5032,22.3868,29.7211,35.7469,28.1925,5.5015
1199,-0.015426,-0.024807,0.407568,0.327048,-0.179895,-0.033986,-17.4282,-19.8054,-16.9686,-36.4461,-19.9676,-36.6135,20.2448,15.9168,10.2096,34.1338,39.5794,33.7564
